Player,Nation,Pos,Squad,gca_Age,gca_Born,gca_90s,gca_SCA_SCA,gca_SCA_SCA90,gca_SCA Types_PassLive,gca_SCA Types_PassDead,gca_SCA Types_TO,gca_SCA Types_Sh,gca_SCA Types_Fld,gca_SCA Types_Def,gca_GCA_GCA,gca_GCA_GCA90,gca_GCA Types_PassLive,gca_GCA Types_PassDead,gca_GCA Types_TO,gca_GCA Types_Sh,gca_GCA Types_Fld,gca_GCA Types_Def,gca_Matches
Max Aarons,eng ENG,DF,Bournemouth,25-097,2000,1.0,2,2.09,2,0,0,0,0,0,0,0.00,0,0,0,0,0,0,Matches
Joshua Acheampong,eng ENG,DF,Chelsea,18-341,2006,1.9,2,1.06,2,0,0,0,0,0,0,0.00,0,0,0,0,0,0,Matches
Tyler Adams,us USA,MF,Bournemouth,26-056,1999,15.3,30,1.96,26,0,0,0,0,4,4,0.26,3,0,0,0,0,1,Matches
Tosin Adarabioyo,eng ENG,DF,Chelsea,27-199,1997,13.1,11,0.84,6,0,0,5,0,0,1,0.08,0,0,0,1,0,0,Matches
Simon Adingra,ci CIV,"FW,MF",Brighton,23-100,2002,8.3,28,3.39,20,0,4,4,0,0,4,0.48,3,0,1,0,0,0,Matches
Emmanuel Agbadou,ci CIV,DF,Wolves,27-298,1997,8.7,10,1.15,9,1,0,0,0,0,1,0.12,1,0,0,0,0,0,Matches
Asher Agbinone,eng ENG,MF,Crystal Palace,19-195,2005,0.1,1,15.00,1,0,0,0,0,0,0,0.00,0,0,0,0,0,0,Matches
Ola Aina,ng NGA,DF,Nott'ham Forest,28-185,1996,28.5,50,1.75,40,5,2,1,1,1,3,0.11,2,0,0,0,0,1,Matches
Rayan Aït-Nouri,dz ALG,DF,Wolves,23-309,2001,28.3,66,2.33,39,13,7,4,2,1,9,0.32,7,1,0,0,0,1,Matches
Kristoffer Ajer,no NOR,DF,Brentford,26-359,1998,14.4,17,1.18,14,0,1,2,0,0,2,0.14,2,0,0,0,0,0,Matches
Manuel Akanji,ch SUI,DF,Manchester City,29-266,1995,19.0,34,1.79,34,0,0,0,0,0,2,0.11,2,0,0,0,0,0,Matches
Nathan Aké,nl NED,DF,Manchester City,30-052,1995,7.5,8,1.06,8,0,0,0,0,0,0,0.00,0,0,0,0,0,0,Matches
Carlos Alcaraz,ar ARG,MF,Southampton,22-132,2002,0.1,1,9.00,1,0,0,0,0,0,0,0.00,0,0,0,0,0,0,Matches
Carlos Alcaraz,ar ARG,"MF,FW",Everton,22-132,2002,4.6,18,3.95,13,1,3,0,1,0,2,0.44,2,0,0,0,0,0,Matches
Trent Alexander-Arnold,eng ENG,DF,Liverpool,26-186,1998,23.8,92,3.86,71,14,4,3,0,0,10,0.42,9,1,0,0,0,0,Matches
Alisson,br BRA,GK,Liverpool,32-191,1992,20.9,6,0.29,6,0,0,0,0,0,1,0.05,1,0,0,0,0,0,Matches
Miguel Almirón,py PAR,FW,Newcastle Utd,31-060,1994,1.7,8,4.59,6,0,1,1,0,0,0,0.00,0,0,0,0,0,0,Matches
Edson Álvarez,mx MEX,MF,West Ham,27-169,1997,18.1,25,1.38,21,0,2,1,1,0,2,0.11,2,0,0,0,0,0,Matches
Will Alves,eng ENG,FW,Leicester City,20-067,2005,0.0,0,0.00,0,0,0,0,0,0,0,0.00,0,0,0,0,0,0,Matches
Harry Amass,eng ENG,DF,Manchester Utd,18-026,2007,0.2,0,0.00,0,0,0,0,0,0,0,0.00,0,0,0,0,0,0,Matches
Samuel Amo-Ameyaw,eng ENG,"FW,DF",Southampton,18-267,2006,0.3,2,6.43,1,0,0,0,1,0,0,0.00,0,0,0,0,0,0,Matches
Mathis Amougou,fr FRA,MF,Chelsea,19-083,2006,0.1,0,0.00,0,0,0,0,0,0,0,0.00,0,0,0,0,0,0,Matches
Joachim Andersen,dk DEN,DF,Crystal Palace,28-315,1996,1.0,1,1.00,1,0,0,0,0,0,0,0.00,0,0,0,0,0,0,Matches
Joachim Andersen,dk DEN,DF,Fulham,28-315,1996,21.7,23,1.07,18,1,0,4,0,0,2,0.09,1,1,0,0,0,0,Matches
Elliot Anderson,eng ENG,MF,Nott'ham Forest,22-156,2002,23.7,72,3.03,34,18,7,6,3,4,10,0.42,4,3,0,1,1,1,Matches
André,br BRA,MF,Wolves,23-269,2001,21.2,39,1.84,31,3,1,0,0,4,3,0.14,2,1,0,0,0,0,Matches
Michail Antonio,jm JAM,FW,West Ham,35-014,1990,9.3,22,2.37,14,0,1,5,1,1,4,0.43,0,0,0,4,0,0,Matches
Antony,br BRA,"DF,MF",Manchester Utd,25-046,2000,1.6,8,5.11,6,0,1,0,1,0,0,0.00,0,0,0,0,0,0,Matches
Julian Araujo,mx MEX,DF,Bournemouth,23-241,2001,3.9,2,0.51,2,0,0,0,0,0,0,0.00,0,0,0,0,0,0,Matches
Cameron Archer,eng ENG,FW,Southampton,23-264,2001,13.9,15,1.08,6,0,4,4,1,0,0,0.00,0,0,0,0,0,0,Matches
Alphonse Areola,fr FRA,GK,West Ham,32-043,1993,19.1,3,0.16,2,1,0,0,0,0,0,0.00,0,0,0,0,0,0,Matches
Joe Aribo,ng NGA,"MF,DF",Southampton,28-264,1996,21.2,37,1.75,32,0,2,1,2,0,1,0.05,1,0,0,0,0,0,Matches
Adam Armstrong,eng ENG,"FW,MF",Southampton,28-060,1997,13.9,19,1.37,12,1,2,4,0,0,4,0.29,1,0,0,3,0,0,Matches
Harrison Armstrong,eng ENG,MF,Everton,18-082,2007,0.5,1,1.87,1,0,0,0,0,0,0,0.00,0,0,0,0,0,0,Matches
Kepa Arrizabalaga,es ESP,GK,Bournemouth,30-190,1994,24.0,4,0.17,2,2,0,0,0,0,0,0.00,0,0,0,0,0,0,Matches
Marco Asensio,es ESP,"MF,FW",Aston Villa,29-080,1996,3.4,11,3.25,6,4,0,0,0,1,1,0.30,1,0,0,0,0,0,Matches
Brandon Austin,eng ENG,GK,Tottenham,26-093,1999,1.0,0,0.00,0,0,0,0,0,0,0,0.00,0,0,0,0,0,0,Matches
Taiwo Awoniyi,ng NGA,FW,Nott'ham Forest,27-242,1997,4.0,9,2.23,5,0,1,2,1,0,1,0.25,0,0,0,1,0,0,Matches
Yasin Ayari,se SWE,MF,Brighton,21-187,2003,17.1,50,2.91,27,11,3,3,4,2,5,0.29,3,2,0,0,0,0,Matches
Jordan Ayew,gh GHA,"FW,MF",Crystal Palace,33-212,1991,0.2,1,4.29,1,0,0,0,0,0,0,0.00,0,0,0,0,0,0,Matches
Jordan Ayew,gh GHA,"FW,MF",Leicester City,33-212,1991,14.6,30,2.06,20,6,1,2,0,1,1,0.07,1,0,0,0,0,0,Matches
Benoît Badiashile,fr FRA,DF,Chelsea,24-016,2001,3.7,0,0.00,0,0,0,0,0,0,0,0.00,0,0,0,0,0,0,Matches
Leon Bailey,jm JAM,"FW,MF",Aston Villa,27-245,1997,12.6,38,3.01,23,1,8,3,3,0,4,0.32,4,0,0,0,0,0,Matches
Carlos Baleba,cm CMR,MF,Brighton,21-098,2004,22.9,56,2.45,46,0,2,4,1,3,4,0.18,2,0,0,0,1,1,Matches
Ross Barkley,eng ENG,MF,Aston Villa,31-127,1993,6.2,16,2.60,13,1,2,0,0,0,3,0.49,3,0,0,0,0,0,Matches
Harvey Barnes,eng ENG,FW,Newcastle Utd,27-123,1997,12.0,45,3.73,29,1,6,5,4,0,8,0.66,5,0,1,1,1,0,Matches
Calvin Bassey,ng NGA,DF,Fulham,25-101,1999,28.2,18,0.64,14,1,2,0,0,1,2,0.07,1,0,0,0,0,1,Matches
Jan Bednarek,pl POL,DF,Southampton,28-364,1996,23.1,15,0.65,14,0,0,1,0,0,0,0.00,0,0,0,0,0,0,Matches
Armel Bella Kotchap,de GER,DF,Southampton,23-121,2001,3.7,2,0.54,1,0,0,0,0,1,0,0.00,0,0,0,0,0,0,Matches
Jean-Ricner Bellegarde,fr FRA,"MF,FW",Wolves,26-288,1998,16.0,51,3.19,32,3,4,4,6,2,9,0.56,8,0,0,0,0,1,Matches
Rodrigo Bentancur,uy URU,MF,Tottenham,27-290,1997,15.5,39,2.52,30,0,1,5,1,2,2,0.13,2,0,0,0,0,0,Matches
Sander Berge,no NOR,MF,Fulham,27-056,1998,20.3,39,1.92,34,1,1,1,0,2,2,0.10,2,0,0,0,0,0,Matches
Lucas Bergvall,se SWE,MF,Tottenham,19-068,2006,12.0,18,1.50,14,2,0,2,0,0,3,0.25,2,0,0,1,0,0,Matches
Victor Bernth Kristiansen,dk DEN,DF,Leicester City,22-116,2002,26.4,41,1.55,32,6,1,0,2,0,3,0.11,3,0,0,0,0,0,Matches
Beto,gw GNB,FW,Everton,27-070,1998,11.9,16,1.34,10,0,3,1,2,0,0,0.00,0,0,0,0,0,0,Matches
Philip Billing,dk DEN,MF,Bournemouth,28-304,1996,2.0,16,7.83,13,0,0,1,0,2,0,0.00,0,0,0,0,0,0,Matches
Yves Bissouma,ml MLI,MF,Tottenham,28-224,1996,12.8,15,1.17,14,0,0,0,0,1,0,0.00,0,0,0,0,0,0,Matches
Oscar Bobb,no NOR,FW,Manchester City,21-273,2003,0.1,0,0.00,0,0,0,0,0,0,0,0.00,0,0,0,0,0,0,Matches
Lamare Bogarde,nl NED,"DF,MF",Aston Villa,21-096,2004,5.3,10,1.89,8,1,0,0,0,1,1,0.19,1,0,0,0,0,0,Matches
Willy Boly,ci CIV,DF,Nott'ham Forest,34-067,1991,1.7,0,0.00,0,0,0,0,0,0,0,0.00,0,0,0,0,0,0,Matches
Sven Botman,nl NED,DF,Newcastle Utd,25-089,2000,2.5,0,0.00,0,0,0,0,0,0,0,0.00,0,0,0,0,0,0,Matches
Jarrod Bowen,eng ENG,"FW,MF",West Ham,28-112,1996,26.3,96,3.65,57,12,5,12,8,2,11,0.42,7,2,1,1,0,0,Matches
Conor Bradley,nir NIR,DF,Liverpool,21-276,2003,4.4,10,2.28,7,0,2,0,1,0,2,0.46,2,0,0,0,0,0,Matches
Jarrad Branthwaite,eng ENG,DF,Everton,22-288,2002,22.1,12,0.54,10,1,0,0,1,0,2,0.09,1,1,0,0,0,0,Matches
James Bree,eng ENG,DF,Southampton,27-182,1997,9.9,15,1.52,12,2,0,1,0,0,1,0.10,1,0,0,0,0,0,Matches
Ben Brereton,cl CHI,FW,Southampton,25-358,1999,5.0,9,1.80,7,0,0,0,2,0,0,0.00,0,0,0,0,0,0,Matches
Nathan Broadhead,wls WAL,"MF,FW",Ipswich Town,27-006,1998,6.6,17,2.60,14,0,3,0,0,0,2,0.31,1,0,1,0,0,0,Matches
Armando Broja,al ALB,FW,Everton,23-213,2001,2.3,4,1.73,4,0,0,0,0,0,0,0.00,0,0,0,0,0,0,Matches
David Brooks,wls WAL,"FW,MF",Bournemouth,27-277,1997,8.8,34,3.86,28,3,2,1,0,0,2,0.23,1,0,0,1,0,0,Matches
Emi Buendía,ar ARG,"MF,FW",Aston Villa,28-107,1996,1.1,3,2.76,2,0,0,1,0,0,0,0.00,0,0,0,0,0,0,Matches
Santiago Bueno,uy URU,DF,Wolves,26-153,1998,17.1,11,0.64,9,1,0,0,0,1,4,0.23,3,0,0,0,0,1,Matches
Facundo Buonanotte,ar ARG,"FW,MF",Leicester City,20-109,2004,15.5,46,2.96,24,11,8,1,2,0,4,0.26,1,2,1,0,0,0,Matches
Cameron Burgess,au AUS,DF,Ipswich Town,29-172,1995,12.5,9,0.72,9,0,0,0,0,0,2,0.16,2,0,0,0,0,0,Matches
Dan Burn,eng ENG,DF,Newcastle Utd,32-337,1992,29.0,16,0.55,12,1,0,2,1,0,3,0.10,2,1,0,0,0,0,Matches
Wes Burns,wls WAL,"FW,DF",Ipswich Town,30-139,1994,10.3,16,1.55,12,0,1,1,2,0,1,0.10,1,0,0,0,0,0,Matches
Moisés Caicedo,ec ECU,MF,Chelsea,23-160,2001,30.2,84,2.78,76,0,0,0,2,6,7,0.23,6,0,0,0,1,0,Matches
Tom Cairney,sct SCO,MF,Fulham,34-081,1991,4.9,24,4.91,22,1,0,0,1,0,2,0.41,2,0,0,0,0,0,Matches
Jens Cajuste,se SWE,MF,Ipswich Town,25-244,1999,17.8,27,1.51,22,2,3,0,0,0,1,0.06,0,0,1,0,0,0,Matches
Riccardo Calafiori,it ITA,DF,Arsenal,22-327,2002,10.3,13,1.26,11,0,1,1,0,0,2,0.19,2,0,0,0,0,0,Matches
Dominic Calvert-Lewin,eng ENG,FW,Everton,28-026,1997,17.5,25,1.43,14,0,4,2,3,2,4,0.23,1,0,2,0,1,0,Matches
Diego Carlos,br BRA,DF,Aston Villa,32-027,1993,9.2,4,0.43,3,0,0,1,0,0,0,0.00,0,0,0,0,0,0,Matches
Fabio Carvalho,pt POR,"FW,MF",Brentford,22-224,2002,5.1,10,1.97,7,0,1,2,0,0,1,0.20,1,0,0,0,0,0,Matches
Casemiro,br BRA,MF,Manchester Utd,33-047,1992,14.1,48,3.40,45,1,0,2,0,0,3,0.21,3,0,0,0,0,0,Matches
Kaelan Casey,eng ENG,DF,West Ham,20-165,2004,0.0,0,0.00,0,0,0,0,0,0,0,0.00,0,0,0,0,0,0,Matches
Matty Cash,pl POL,DF,Aston Villa,27-247,1997,16.4,18,1.10,16,1,1,0,0,0,2,0.12,2,0,0,0,0,0,Matches
Eiran Cashin,ie IRL,DF,Brighton,23-153,2001,0.2,1,4.74,1,0,0,0,0,0,0,0.00,0,0,0,0,0,0,Matches
Timothy Castagne,be BEL,DF,Fulham,29-127,1995,16.9,25,1.48,21,0,1,2,1,0,3,0.18,2,0,0,1,0,0,Matches
Trevoh Chalobah,eng ENG,DF,Crystal Palace,25-280,1999,11.8,11,0.93,10,0,1,0,0,0,0,0.00,0,0,0,0,0,0,Matches
Trevoh Chalobah,eng ENG,DF,Chelsea,25-280,1999,5.3,6,1.13,4,0,0,2,0,0,1,0.19,0,0,0,1,0,0,Matches
Conor Chaplin,eng ENG,"MF,FW",Ipswich Town,28-054,1997,6.9,19,2.75,17,2,0,0,0,0,1,0.14,1,0,0,0,0,0,Matches
Youssef Chermiti,pt POR,"FW,MF",Everton,20-322,2004,0.2,0,0.00,0,0,0,0,0,0,0,0.00,0,0,0,0,0,0,Matches
Federico Chiesa,it ITA,FW,Liverpool,27-168,1997,0.4,3,7.30,3,0,0,0,0,0,1,2.43,1,0,0,0,0,0,Matches
Ben Chilwell,eng ENG,DF,Crystal Palace,28-111,1996,1.2,3,2.41,2,0,0,1,0,0,0,0.00,0,0,0,0,0,0,Matches
Chiquinho,pt POR,MF,Wolves,25-065,2000,0.1,2,25.71,2,0,0,0,0,0,0,0.00,0,0,0,0,0,0,Matches
Hamza Choudhury,bd BAN,"MF,DF",Leicester City,27-192,1997,1.5,3,2.05,2,0,1,0,0,0,0,0.00,0,0,0,0,0,0,Matches
Ryan Christie,sct SCO,MF,Bournemouth,30-048,1995,23.5,85,3.62,72,7,0,3,2,1,9,0.38,8,1,0,0,0,0,Matches
Harry Clarke,eng ENG,DF,Ipswich Town,24-040,2001,4.2,1,0.24,1,0,0,0,0,0,0,0.00,0,0,0,0,0,0,Matches
Jack Clarke,eng ENG,"FW,MF",Ipswich Town,24-139,2000,9.9,35,3.54,29,2,2,0,0,2,4,0.40,3,1,0,0,0,0,Matches
Nathaniel Clyne,eng ENG,"DF,MF",Crystal Palace,34-006,1991,5.1,3,0.59,3,0,0,0,0,0,0,0.00,0,0,0,0,0,0,Matches
Conor Coady,eng ENG,DF,Leicester City,32-045,1993,12.0,4,0.33,4,0,0,0,0,0,0,0.00,0,0,0,0,0,0,Matches
Séamus Coleman,ie IRL,DF,Everton,36-182,1988,2.2,2,0.91,1,0,1,0,0,0,1,0.46,1,0,0,0,0,0,Matches
Nathan Collins,ie IRL,DF,Brentford,23-346,2001,31.0,27,0.87,19,2,1,3,2,0,6,0.19,2,1,0,1,2,0,Matches
Toby Collyer,eng ENG,MF,Manchester Utd,21-098,2004,2.0,5,2.50,4,0,0,1,0,0,0,0.00,0,0,0,0,0,0,Matches
Levi Colwill,eng ENG,DF,Chelsea,22-044,2003,28.0,33,1.18,29,2,0,1,0,1,3,0.11,2,0,0,0,0,1,Matches
Lewis Cook,eng ENG,"MF,DF",Bournemouth,28-067,1997,28.6,84,2.94,65,17,0,2,0,0,5,0.17,2,1,0,2,0,0,Matches
Maxwel Cornet,ci CIV,FW,Southampton,28-196,1996,0.8,0,0.00,0,0,0,0,0,0,0,0.00,0,0,0,0,0,0,Matches
Vladimír Coufal,cz CZE,DF,West Ham,32-232,1992,8.2,13,1.59,9,4,0,0,0,0,1,0.12,0,1,0,0,0,0,Matches
Woyo Coulibaly,fr FRA,DF,Leicester City,25-326,1999,1.2,0,0.00,0,0,0,0,0,0,0,0.00,0,0,0,0,0,0,Matches
Aaron Cresswell,eng ENG,DF,West Ham,35-117,1989,6.5,12,1.83,5,7,0,0,0,0,0,0.00,0,0,0,0,0,0,Matches
Marc Cucurella,es ESP,DF,Chelsea,26-263,1998,26.2,39,1.49,36,1,0,2,0,0,4,0.15,4,0,0,0,0,0,Matches
Jorge Cuenca,es ESP,DF,Fulham,25-145,1999,2.9,1,0.35,1,0,0,0,0,0,0,0.00,0,0,0,0,0,0,Matches
Matheus Cunha,br BRA,"MF,FW",Wolves,25-319,1999,23.8,98,4.12,56,10,13,7,10,2,9,0.38,7,0,2,0,0,0,Matches
Patson Daka,zm ZAM,"FW,MF",Leicester City,26-184,1998,6.5,8,1.23,5,0,2,1,0,0,1,0.15,0,0,1,0,0,0,Matches
Diogo Dalot,pt POR,DF,Manchester Utd,26-024,1999,29.6,72,2.43,55,5,7,4,0,1,4,0.14,2,0,1,1,0,0,Matches
Mikkel Damsgaard,dk DEN,"MF,FW",Brentford,24-282,2000,25.9,104,4.02,80,11,5,2,1,5,18,0.70,12,3,1,0,1,1,Matches
Danilo,br BRA,"MF,FW",Nott'ham Forest,23-347,2001,2.3,6,2.58,6,0,0,0,0,0,2,0.86,2,0,0,0,0,0,Matches
Jayden Danns,eng ENG,MF,Liverpool,19-085,2006,0.1,0,0.00,0,0,0,0,0,0,0,0.00,0,0,0,0,0,0,Matches
Kevin Danso,at AUT,DF,Tottenham,26-204,1998,3.9,3,0.78,2,0,0,1,0,0,2,0.52,2,0,0,0,0,0,Matches
Ben Davies,wls WAL,DF,Tottenham,31-352,1993,9.0,3,0.33,3,0,0,0,0,0,0,0.00,0,0,0,0,0,0,Matches
Leif Davis,eng ENG,DF,Ipswich Town,25-089,2000,27.5,84,3.06,41,36,3,2,1,1,4,0.15,3,0,1,0,0,0,Matches
Craig Dawson,eng ENG,DF,Wolves,34-340,1990,10.8,7,0.65,6,0,0,1,0,0,2,0.19,1,0,0,1,0,0,Matches
Kevin De Bruyne,be BEL,MF,Manchester City,33-287,1991,13.3,81,6.11,58,18,1,2,1,1,10,0.75,8,1,0,1,0,0,Matches
Liam Delap,eng ENG,FW,Ipswich Town,22-062,2003,25.8,59,2.29,27,0,10,7,13,2,7,0.27,3,0,2,0,2,0,Matches
Sepp van den Berg,nl NED,DF,Brentford,23-112,2001,21.7,19,0.87,18,0,0,0,1,0,2,0.09,1,0,0,0,1,0,Matches
Justin Devenny,nir NIR,MF,Crystal Palace,21-182,2003,3.7,9,2.43,7,2,0,0,0,0,0,0.00,0,0,0,0,0,0,Matches
Kiernan Dewsbury-Hall,eng ENG,"MF,FW",Chelsea,26-217,1998,2.9,5,1.74,5,0,0,0,0,0,1,0.35,1,0,0,0,0,0,Matches
Amad Diallo,ci CIV,"FW,MF",Manchester Utd,22-274,2002,17.7,80,4.52,54,9,7,2,4,4,16,0.90,7,0,3,1,1,4,Matches
Rúben Dias,pt POR,DF,Manchester City,27-332,1997,18.2,19,1.04,13,0,0,4,0,2,0,0.00,0,0,0,0,0,0,Matches
Luis Díaz,co COL,FW,Liverpool,28-088,1997,21.9,103,4.70,77,0,15,8,3,0,16,0.73,13,0,1,0,2,0,Matches
Tyler Dibling,eng ENG,"FW,MF",Southampton,19-030,2006,18.0,54,3.00,33,1,11,5,4,0,4,0.22,2,0,1,1,0,0,Matches
Lucas Digne,fr FRA,DF,Aston Villa,31-265,1993,23.9,59,2.47,36,17,1,4,0,1,5,0.21,5,0,0,0,0,0,Matches
Issa Diop,fr FRA,DF,Fulham,28-092,1997,14.9,6,0.40,5,0,0,1,0,0,0,0.00,0,0,0,0,0,0,Matches
Axel Disasi,fr FRA,DF,Aston Villa,27-031,1998,5.1,9,1.76,7,0,1,0,0,1,0,0.00,0,0,0,0,0,0,Matches
Axel Disasi,fr FRA,DF,Chelsea,27-031,1998,4.0,2,0.49,2,0,0,0,0,0,0,0.00,0,0,0,0,0,0,Matches
Roman Dixon,eng ENG,DF,Everton,20-106,2004,1.0,0,0.00,0,0,0,0,0,0,0,0.00,0,0,0,0,0,0,Matches
Nasser Djiga,bf BFA,DF,Wolves,22-147,2002,0.2,0,0.00,0,0,0,0,0,0,0,0.00,0,0,0,0,0,0,Matches
Matt Doherty,ie IRL,DF,Wolves,33-085,1992,19.6,24,1.22,18,3,1,1,1,0,3,0.15,3,0,0,0,0,0,Matches
Jeremy Doku,be BEL,"FW,MF",Manchester City,22-319,2002,14.1,60,4.25,46,1,10,1,2,0,9,0.64,8,0,1,0,0,0,Matches
Nicolás Domínguez,ar ARG,"MF,FW",Nott'ham Forest,26-287,1998,16.6,26,1.57,18,1,0,2,3,2,0,0.00,0,0,0,0,0,0,Matches
Patrick Dorgu,dk DEN,DF,Manchester Utd,20-167,2004,4.5,10,2.24,9,0,0,0,1,0,1,0.22,0,0,0,0,1,0,Matches
Alfie Dorrington,eng ENG,DF,Tottenham,19-356,2005,0.2,0,0.00,0,0,0,0,0,0,0,0.00,0,0,0,0,0,0,Matches
Abdoulaye Doucouré,ml MLI,MF,Everton,32-100,1993,23.9,47,1.96,42,0,2,2,0,1,2,0.08,1,0,0,0,0,1,Matches
Cheick Doucouré,ml MLI,MF,Crystal Palace,25-093,2000,5.0,9,1.79,5,0,0,2,1,1,3,0.60,1,0,0,1,1,0,Matches
Flynn Downes,eng ENG,MF,Southampton,26-081,1999,17.9,25,1.40,21,2,0,1,0,1,2,0.11,1,1,0,0,0,0,Matches
Tommy Doyle,eng ENG,MF,Wolves,23-176,2001,5.4,17,3.13,11,4,1,1,0,0,3,0.55,2,0,1,0,0,0,Matches
Radu Drăgușin,ro ROU,DF,Tottenham,23-067,2002,13.9,8,0.58,8,0,0,0,0,0,1,0.07,1,0,0,0,0,0,Matches
Martin Dúbravka,sk SVK,GK,Newcastle Utd,36-086,1989,10.0,0,0.00,0,0,0,0,0,0,0,0.00,0,0,0,0,0,0,Matches
Lewis Dunk,eng ENG,DF,Brighton,33-141,1991,19.1,16,0.84,14,0,0,2,0,0,3,0.16,2,0,0,1,0,0,Matches
Jáder Durán,co COL,FW,Aston Villa,21-119,2003,7.1,18,2.54,9,0,0,4,3,2,1,0.14,0,0,0,0,0,1,Matches
Ederson,br BRA,GK,Manchester City,31-237,1993,21.0,5,0.24,5,0,0,0,0,0,3,0.14,3,0,0,0,0,0,Matches
George Edmundson,eng ENG,DF,Ipswich Town,27-223,1997,0.0,0,0.00,0,0,0,0,0,0,0,0.00,0,0,0,0,0,0,Matches
Odsonne Édouard,fr FRA,"MF,FW",Crystal Palace,27-085,1998,1.3,1,0.78,1,0,0,0,0,0,0,0.00,0,0,0,0,0,0,Matches
Odsonne Édouard,fr FRA,FW,Leicester City,27-085,1998,0.3,2,6.21,2,0,0,0,0,0,0,0.00,0,0,0,0,0,0,Matches
Samuel Edozie,eng ENG,"DF,FW",Southampton,22-073,2003,0.7,4,5.54,3,0,0,0,1,0,0,0.00,0,0,0,0,0,0,Matches
Ronnie Edwards,eng ENG,DF,Southampton,22-014,2003,0.1,0,0.00,0,0,0,0,0,0,0,0.00,0,0,0,0,0,0,Matches
Anthony Elanga,se SWE,FW,Nott'ham Forest,22-349,2002,21.9,81,3.69,47,17,5,4,8,0,13,0.59,9,2,1,0,1,0,Matches
Harvey Elliott,eng ENG,"MF,FW",Liverpool,22-007,2003,1.8,9,4.94,7,2,0,0,0,0,2,1.10,2,0,0,0,0,0,Matches
Yunus Emre Konak,tr TUR,"FW,MF",Brentford,19-091,2006,0.3,0,0.00,0,0,0,0,0,0,0,0.00,0,0,0,0,0,0,Matches
Julio Enciso,py PAR,"FW,MF",Ipswich Town,21-078,2004,4.8,18,3.77,9,3,3,2,0,1,2,0.42,1,1,0,0,0,0,Matches
Julio Enciso,py PAR,"MF,FW",Brighton,21-078,2004,3.3,12,3.69,5,1,3,1,2,0,0,0.00,0,0,0,0,0,0,Matches
Wataru Endo,jp JPN,MF,Liverpool,32-061,1993,1.6,3,1.80,3,0,0,0,0,0,0,0.00,0,0,0,0,0,0,Matches
Christian Eriksen,dk DEN,MF,Manchester Utd,33-056,1992,9.0,39,4.31,25,13,0,1,0,0,6,0.66,4,2,0,0,0,0,Matches
Romain Esse,eng ENG,MF,Crystal Palace,19-333,2005,0.1,0,0.00,0,0,0,0,0,0,0,0.00,0,0,0,0,0,0,Matches
Pervis Estupiñán,ec ECU,DF,Brighton,27-080,1998,20.7,43,2.08,26,13,0,2,2,0,4,0.19,3,0,0,0,1,0,Matches
Evanilson,br BRA,FW,Bournemouth,25-187,1999,19.1,53,2.77,33,0,3,8,9,0,7,0.37,1,0,1,1,4,0,Matches
Jonny Evans,nir NIR,DF,Manchester Utd,37-098,1988,3.2,2,0.62,2,0,0,0,0,0,0,0.00,0,0,0,0,0,0,Matches
Eberechi Eze,eng ENG,"MF,FW",Crystal Palace,26-286,1998,23.3,112,4.81,58,24,10,11,8,1,9,0.39,8,1,0,0,0,0,Matches
Łukasz Fabiański,pl POL,GK,West Ham,39-358,1985,11.9,3,0.25,2,1,0,0,0,0,0,0.00,0,0,0,0,0,0,Matches
Wout Faes,be BEL,DF,Leicester City,27-008,1998,25.3,12,0.47,10,0,0,1,0,1,0,0.00,0,0,0,0,0,0,Matches
Abdul Fatawu Issahaku,gh GHA,FW,Leicester City,21-034,2004,6.4,17,2.64,10,0,2,1,4,0,3,0.47,2,0,0,1,0,0,Matches
João Félix,pt POR,"FW,MF",Chelsea,25-152,1999,4.1,18,4.38,12,0,2,3,1,0,3,0.73,1,0,1,0,1,0,Matches
Evan Ferguson,ie IRL,FW,West Ham,20-174,2004,1.6,4,2.57,2,0,1,1,0,0,0,0.00,0,0,0,0,0,0,Matches
Evan Ferguson,ie IRL,FW,Brighton,20-174,2004,2.7,4,1.47,3,0,1,0,0,0,0,0.00,0,0,0,0,0,0,Matches
Bruno Fernandes,pt POR,MF,Manchester Utd,30-215,1994,28.4,153,5.39,105,29,5,6,6,2,12,0.42,9,2,0,1,0,0,Matches
Mateus Fernandes,pt POR,MF,Southampton,20-275,2004,25.8,61,2.37,36,11,4,6,3,1,6,0.23,4,1,0,0,0,1,Matches
Enzo Fernández,ar ARG,MF,Chelsea,24-084,2001,25.8,121,4.70,93,14,2,4,3,5,13,0.50,10,2,0,1,0,0,Matches
Mark Flekken,nl NED,GK,Brentford,31-302,1993,29.4,7,0.24,4,3,0,0,0,0,1,0.03,0,1,0,0,0,0,Matches
Phil Foden,eng ENG,"MF,FW",Manchester City,24-318,2000,18.7,84,4.48,56,18,2,5,3,0,9,0.48,5,1,0,3,0,0,Matches
Wesley Fofana,fr FRA,DF,Chelsea,24-115,2000,13.0,15,1.15,12,1,1,1,0,0,0,0.00,0,0,0,0,0,0,Matches
Carlos Forbs,pt POR,"MF,FW",Wolves,21-023,2004,2.6,5,1.91,3,0,2,0,0,0,1,0.38,1,0,0,0,0,0,Matches
Fraser Forster,eng ENG,GK,Tottenham,37-025,1988,7.0,0,0.00,0,0,0,0,0,0,0,0.00,0,0,0,0,0,0,Matches
Matheus França,br BRA,"MF,DF",Crystal Palace,21-010,2004,0.2,0,0.00,0,0,0,0,0,0,0,0.00,0,0,0,0,0,0,Matches
Ryan Fraser,sct SCO,"FW,DF",Southampton,31-046,1994,3.4,5,1.47,5,0,0,0,0,0,0,0.00,0,0,0,0,0,0,Matches
Niclas Füllkrug,de GER,FW,West Ham,32-061,1993,5.0,14,2.78,12,0,0,2,0,0,1,0.20,0,0,0,1,0,0,Matches
Cody Gakpo,nl NED,FW,Liverpool,25-339,1999,16.3,61,3.74,46,0,7,4,3,1,6,0.37,3,0,2,0,1,0,Matches
Idrissa Gana Gueye,sn SEN,MF,Everton,35-197,1989,27.2,52,1.91,44,0,1,2,3,2,3,0.11,3,0,0,0,0,0,Matches
Andrés García,es ESP,"DF,MF",Aston Villa,22-063,2003,3.5,3,0.87,3,0,0,0,0,0,0,0.00,0,0,0,0,0,0,Matches
Alejandro Garnacho,ar ARG,"MF,FW",Manchester Utd,20-284,2004,20.2,64,3.16,48,1,3,7,5,0,4,0.20,2,0,0,1,1,0,Matches
James Garner,eng ENG,"MF,DF",Everton,24-029,2001,10.7,25,2.34,18,7,0,0,0,0,4,0.37,3,1,0,0,0,0,Matches
Tyrique George,eng ENG,FW,Chelsea,19-066,2006,1.0,6,6.07,5,0,1,0,0,0,1,1.01,1,0,0,0,0,0,Matches
Morgan Gibbs-White,eng ENG,MF,Nott'ham Forest,25-074,2000,24.4,96,3.93,82,0,2,6,4,2,16,0.66,12,0,0,3,1,0,Matches
Billy Gilmour,sct SCO,MF,Brighton,23-304,2001,1.1,3,2.76,3,0,0,0,0,0,0,0.00,0,0,0,0,0,0,Matches
Ben Godfrey,eng ENG,DF,Ipswich Town,27-086,1998,1.2,1,0.83,1,0,0,0,0,0,0,0.00,0,0,0,0,0,0,Matches
Martial Godo,eng ENG,FW,Fulham,22-028,2003,0.2,0,0.00,0,0,0,0,0,0,0,0.00,0,0,0,0,0,0,Matches
João Gomes,br BRA,MF,Wolves,24-058,2001,27.0,57,2.11,45,1,5,2,2,2,3,0.11,3,0,0,0,0,0,Matches
Rodrigo Gomes,pt POR,"DF,FW",Wolves,21-278,2003,6.6,16,2.42,14,0,1,1,0,0,0,0.00,0,0,0,0,0,0,Matches
Toti Gomes,pt POR,DF,Wolves,26-085,1999,22.0,18,0.82,17,0,0,1,0,0,1,0.05,1,0,0,0,0,0,Matches
Diego Gómez,py PAR,MF,Brighton,22-015,2003,4.4,12,2.73,11,0,0,1,0,0,1,0.23,1,0,0,0,0,0,Matches
Joe Gomez,eng ENG,DF,Liverpool,27-323,1997,5.8,5,0.87,5,0,0,0,0,0,1,0.17,1,0,0,0,0,0,Matches
Nicolás González,es ESP,MF,Manchester City,23-098,2002,5.3,12,2.25,11,0,0,1,0,0,1,0.19,1,0,0,0,0,0,Matches
Anthony Gordon,eng ENG,FW,Newcastle Utd,24-046,2001,23.4,96,4.10,69,10,7,3,7,0,12,0.51,9,1,1,0,1,0,Matches
Ryan Gravenberch,nl NED,MF,Liverpool,22-330,2002,29.5,56,1.90,49,0,4,2,0,1,6,0.20,6,0,0,0,0,0,Matches
Archie Gray,eng ENG,"DF,MF",Tottenham,19-030,2006,14.0,5,0.36,4,1,0,0,0,0,0,0.00,0,0,0,0,0,0,Matches
Jack Grealish,eng ENG,"FW,MF",Manchester City,29-213,1995,8.0,47,5.90,41,1,3,0,1,1,2,0.25,1,0,0,0,0,1,Matches
Jacob Greaves,eng ENG,DF,Ipswich Town,24-211,2000,18.5,12,0.65,11,0,0,1,0,0,0,0.00,0,0,0,0,0,0,Matches
Brajan Gruda,de GER,"FW,MF",Brighton,20-315,2004,5.4,24,4.41,19,2,2,0,1,0,2,0.37,1,1,0,0,0,0,Matches
Albert Grønbaek,dk DEN,"FW,MF",Southampton,23-323,2001,1.6,2,1.26,1,0,0,1,0,0,0,0.00,0,0,0,0,0,0,Matches
Gonçalo Guedes,pt POR,"MF,FW",Wolves,28-133,1996,8.6,23,2.69,21,0,1,0,1,0,8,0.94,7,0,1,0,0,0,Matches
Marc Guéhi,eng ENG,DF,Crystal Palace,24-272,2000,29.0,32,1.10,26,0,0,3,2,1,5,0.17,4,0,0,0,0,1,Matches
Luis Guilherme,br BRA,"MF,FW",West Ham,19-061,2006,1.2,9,7.43,5,1,1,1,1,0,0,0.00,0,0,0,0,0,0,Matches
Bruno Guimarães,br BRA,MF,Newcastle Utd,27-146,1997,28.6,97,3.39,85,3,2,0,4,3,16,0.56,15,1,0,0,0,0,Matches
Marc Guiu,es ESP,FW,Chelsea,19-097,2006,0.8,1,1.22,1,0,0,0,0,0,0,0.00,0,0,0,0,0,0,Matches
İlkay Gündoğan,de GER,MF,Manchester City,34-169,1990,18.9,62,3.29,50,8,3,1,0,0,8,0.42,7,1,0,0,0,0,Matches
Malo Gusto,fr FRA,DF,Chelsea,21-327,2003,19.2,49,2.55,48,0,0,1,0,0,4,0.21,4,0,0,0,0,0,Matches
Joško Gvardiol,hr CRO,DF,Manchester City,23-078,2002,29.4,65,2.21,60,1,2,2,0,0,6,0.20,5,0,1,0,0,0,Matches
Erling Haaland,no NOR,FW,Manchester City,24-264,2000,27.6,62,2.25,43,0,8,10,1,0,9,0.33,6,0,2,1,0,0,Matches
Lewis Hall,eng ENG,DF,Newcastle Utd,20-215,2004,24.3,63,2.59,44,18,0,0,1,0,6,0.25,5,1,0,0,0,0,Matches
Ali Al Hamadi,iq IRQ,FW,Ipswich Town,23-041,2002,1.5,8,5.37,4,0,3,0,1,0,0,0.00,0,0,0,0,0,0,Matches
Marcus Harness,eng ENG,MF,Ipswich Town,29-046,1996,0.5,2,4.00,2,0,0,0,0,0,0,0.00,0,0,0,0,0,0,Matches
Jack Harrison,eng ENG,FW,Everton,28-142,1996,18.4,48,2.60,32,6,4,2,4,0,4,0.22,1,0,0,1,2,0,Matches
Taylor Harwood-Bellis,eng ENG,DF,Southampton,23-071,2002,25.6,32,1.25,27,0,0,3,1,1,2,0.08,1,0,0,1,0,0,Matches
Kai Havertz,de GER,"FW,MF",Arsenal,25-304,1999,20.4,41,2.01,34,0,1,6,0,0,3,0.15,2,0,0,1,0,0,Matches
Ayden Heaven,eng ENG,DF,Manchester Utd,18-201,2006,1.1,2,1.89,0,0,1,0,1,0,0,0.00,0,0,0,0,0,0,Matches
Jan Paul van Hecke,nl NED,DF,Brighton,24-307,2000,27.9,45,1.61,40,2,0,3,0,0,3,0.11,3,0,0,0,0,0,Matches
Hwang Hee-chan,kr KOR,"MF,FW",Wolves,29-075,1996,7.1,9,1.27,8,0,0,1,0,0,1,0.14,1,0,0,0,0,0,Matches
Dean Henderson,eng ENG,GK,Crystal Palace,28-030,1997,30.0,3,0.10,2,1,0,0,0,0,0,0.00,0,0,0,0,0,0,Matches
Rico Henry,eng ENG,DF,Brentford,27-277,1997,0.0,1,22.50,1,0,0,0,0,0,1,22.50,1,0,0,0,0,0,Matches
Mads Hermansen,dk DEN,GK,Leicester City,24-274,2000,23.5,3,0.13,3,0,0,0,0,0,0,0.00,0,0,0,0,0,0,Matches
Son Heung-min,kr KOR,FW,Tottenham,32-277,1992,22.3,116,5.21,86,8,10,7,5,0,15,0.67,13,0,0,1,1,0,Matches
James Hill,eng ENG,DF,Bournemouth,23-091,2002,5.0,8,1.61,5,2,0,0,0,1,1,0.20,1,0,0,0,0,0,Matches
Jack Hinshelwood,eng ENG,"DF,MF",Brighton,20-000,2005,15.7,27,1.72,21,4,0,1,1,0,2,0.13,2,0,0,0,0,0,Matches
George Hirst,sct SCO,FW,Ipswich Town,26-055,1999,3.3,6,1.79,5,0,0,1,0,0,2,0.60,1,0,0,1,0,0,Matches
Mason Holgate,eng ENG,"FW,DF",Everton,28-171,1996,0.1,0,0.00,0,0,0,0,0,0,0,0.00,0,0,0,0,0,0,Matches
Callum Hudson-Odoi,eng ENG,FW,Nott'ham Forest,24-155,2000,22.0,90,4.08,71,3,9,3,4,0,11,0.50,7,0,2,0,2,0,Matches
Will Hughes,eng ENG,MF,Crystal Palace,29-359,1995,18.3,59,3.22,37,14,1,2,5,0,6,0.33,2,3,0,1,0,0,Matches
Dean Huijsen,es ESP,DF,Bournemouth,19-362,2005,20.8,35,1.68,32,1,0,1,1,0,3,0.14,3,0,0,0,0,0,Matches
Omari Hutchinson,eng ENG,"MF,FW",Ipswich Town,21-163,2003,24.7,64,2.59,46,0,8,4,4,2,6,0.24,6,0,0,0,0,0,Matches
Rasmus Højlund,dk DEN,FW,Manchester Utd,22-066,2003,17.2,29,1.68,19,0,3,4,3,0,1,0.06,0,0,0,0,1,0,Matches
Igor,br BRA,DF,Brighton,27-063,1998,10.0,11,1.10,10,0,0,0,1,0,0,0.00,0,0,0,0,0,0,Matches
Danny Ings,eng ENG,"FW,MF",West Ham,32-262,1992,3.2,12,3.80,7,0,1,3,1,0,2,0.63,0,0,0,1,1,0,Matches
Tim Iroegbunam,eng ENG,MF,Everton,21-285,2003,6.2,10,1.62,6,0,1,0,1,2,1,0.16,1,0,0,0,0,0,Matches
Andy Irving,sct SCO,MF,West Ham,24-333,2000,1.8,5,2.68,4,0,1,0,0,0,0,0.00,0,0,0,0,0,0,Matches
Alexander Isak,se SWE,FW,Newcastle Utd,25-202,1999,24.3,78,3.21,59,1,8,6,2,2,13,0.53,10,0,1,0,1,1,Matches
Alex Iwobi,ng NGA,"FW,MF",Fulham,28-343,1996,27.4,109,3.98,94,0,7,6,2,0,15,0.55,12,0,2,1,0,0,Matches
Nicolas Jackson,sn SEN,FW,Chelsea,23-295,2001,20.7,64,3.10,39,0,9,7,8,1,10,0.48,7,0,2,1,0,0,Matches
Reece James,eng ENG,"DF,MF",Chelsea,25-124,1999,8.5,13,1.53,8,4,0,1,0,0,1,0.12,0,0,0,1,0,0,Matches
Vitaly Janelt,de GER,MF,Brentford,26-336,1998,24.2,31,1.28,30,1,0,0,0,0,3,0.12,3,0,0,0,0,0,Matches
Vitezslav Jaros,cz CZE,GK,Liverpool,23-262,2001,0.1,0,0.00,0,0,0,0,0,0,0,0.00,0,0,0,0,0,0,Matches
Daniel Jebbison,eng ENG,FW,Bournemouth,21-241,2003,0.8,5,6.00,4,0,1,0,0,0,0,0.00,0,0,0,0,0,0,Matches
Mathias Jensen,dk DEN,MF,Brentford,29-100,1996,8.3,35,4.23,25,9,1,0,0,0,3,0.36,1,1,1,0,0,0,Matches
Gabriel Jesus,br BRA,FW,Arsenal,28-008,1997,6.8,18,2.66,10,0,1,5,1,1,4,0.59,1,0,0,3,0,0,Matches
Raúl Jiménez,mx MEX,FW,Fulham,33-341,1991,21.4,51,2.38,34,1,2,9,4,1,6,0.28,3,0,0,1,1,1,Matches
Kim Jisoo,kr KOR,DF,Brentford,20-108,2004,0.3,0,0.00,0,0,0,0,0,0,0,0.00,0,0,0,0,0,0,Matches
João Pedro,br BRA,"FW,MF",Brighton,23-197,2001,20.0,60,3.00,47,0,2,2,8,1,9,0.45,6,0,0,0,3,0,Matches
Joelinton,br BRA,"MF,FW",Newcastle Utd,28-240,1996,24.0,56,2.33,42,2,1,5,1,5,7,0.29,6,0,0,1,0,0,Matches
Ben Johnson,eng ENG,"DF,FW",Ipswich Town,25-077,2000,12.6,18,1.43,8,7,0,1,2,0,4,0.32,3,0,0,1,0,0,Matches
Brennan Johnson,wls WAL,FW,Tottenham,23-323,2001,20.9,45,2.16,30,0,6,4,4,1,7,0.34,5,0,1,0,1,0,Matches
Sam Johnstone,eng ENG,GK,Wolves,32-017,1993,7.0,2,0.29,2,0,0,0,0,0,0,0.00,0,0,0,0,0,0,Matches
Curtis Jones,eng ENG,"MF,DF",Liverpool,24-071,2001,15.0,38,2.54,33,0,0,3,2,0,7,0.47,5,0,0,1,1,0,Matches
Jorginho,it ITA,MF,Arsenal,33-112,1991,6.8,12,1.76,10,0,0,0,2,0,0,0.00,0,0,0,0,0,0,Matches
Diogo Jota,pt POR,FW,Liverpool,28-128,1996,10.9,32,2.93,20,0,6,4,1,1,8,0.73,5,0,2,0,1,0,Matches
James Justin,eng ENG,DF,Leicester City,27-047,1998,27.1,29,1.07,18,2,1,4,4,0,1,0.04,1,0,0,0,0,0,Matches
Filip Jørgensen,dk DEN,GK,Chelsea,22-360,2002,6.0,1,0.17,1,0,0,0,0,0,0,0.00,0,0,0,0,0,0,Matches
Ferdi Kadioglu,tr TUR,"DF,MF",Brighton,25-186,1999,4.3,13,3.03,11,0,0,0,1,1,2,0.47,2,0,0,0,0,0,Matches
Daichi Kamada,jp JPN,MF,Crystal Palace,28-249,1996,12.3,38,3.09,31,3,0,1,1,2,3,0.24,2,1,0,0,0,0,Matches
Boubacar Kamara,fr FRA,MF,Aston Villa,25-139,1999,13.3,19,1.43,14,1,1,0,1,2,2,0.15,2,0,0,0,0,0,Matches
Michael Kayode,it ITA,DF,Brentford,20-275,2004,0.5,3,6.59,1,2,0,0,0,0,0,0.00,0,0,0,0,0,0,Matches
Michael Keane,eng ENG,DF,Everton,32-090,1993,9.0,6,0.66,6,0,0,0,0,0,0,0.00,0,0,0,0,0,0,Matches
Caoimhín Kelleher,ie IRL,GK,Liverpool,26-139,1998,10.0,3,0.30,3,0,0,0,0,0,1,0.10,1,0,0,0,0,0,Matches
Lloyd Kelly,eng ENG,DF,Newcastle Utd,26-187,1998,3.4,2,0.59,2,0,0,0,0,0,1,0.30,1,0,0,0,0,0,Matches
Milos Kerkez,hu HUN,DF,Bournemouth,21-155,2003,30.2,67,2.22,54,3,1,2,4,3,9,0.30,7,0,1,0,0,1,Matches
Bilal El Khannouss,ma MAR,MF,Leicester City,20-336,2004,18.4,44,2.39,36,3,3,2,0,0,2,0.11,2,0,0,0,0,0,Matches
Abdukodir Khusanov,uz UZB,DF,Manchester City,21-041,2004,5.6,5,0.89,5,0,0,0,0,0,0,0.00,0,0,0,0,0,0,Matches
Max Kilman,eng ENG,DF,West Ham,27-323,1997,30.2,23,0.76,21,0,2,0,0,0,3,0.10,2,0,1,0,0,0,Matches
Joshua King,eng ENG,"MF,FW",Fulham,18-098,2007,0.9,4,4.50,3,0,1,0,0,0,0,0.00,0,0,0,0,0,0,Matches
Antonín Kinský,cz CZE,GK,Tottenham,22-029,2003,4.0,1,0.25,1,0,0,0,0,0,0,0.00,0,0,0,0,0,0,Matches
Jakub Kiwior,pl POL,DF,Arsenal,25-055,2000,5.5,3,0.55,2,0,1,0,0,0,0,0.00,0,0,0,0,0,0,Matches
Justin Kluivert,nl NED,"MF,FW",Bournemouth,25-341,1999,21.5,88,4.09,64,8,6,5,4,1,11,0.51,10,0,0,0,1,0,Matches
Ibrahima Konaté,fr FRA,DF,Liverpool,25-321,1999,22.8,25,1.10,21,0,0,3,0,1,6,0.26,5,0,0,0,0,1,Matches
Ezri Konsa,eng ENG,DF,Aston Villa,27-170,1997,25.6,18,0.70,14,2,1,1,0,0,3,0.12,3,0,0,0,0,0,Matches
Mateo Kovačić,hr CRO,MF,Manchester City,30-340,1994,19.7,54,2.75,44,0,3,4,2,1,5,0.25,3,0,1,1,0,0,Matches
Caleb Kporha,eng ENG,DF,Crystal Palace,18-270,2006,0.1,0,0.00,0,0,0,0,0,0,0,0.00,0,0,0,0,0,0,Matches
Emil Krafth,se SWE,DF,Newcastle Utd,30-252,1994,2.8,3,1.09,2,0,0,1,0,0,0,0.00,0,0,0,0,0,0,Matches
Mohammed Kudus,gh GHA,"FW,MF",West Ham,24-252,2000,23.1,85,3.68,60,1,13,8,1,2,5,0.22,3,0,1,1,0,0,Matches
Dejan Kulusevski,se SWE,"MF,FW",Tottenham,24-351,2000,23.9,122,5.10,90,12,15,2,3,0,9,0.38,7,1,1,0,0,0,Matches
Maxence Lacroix,fr FRA,DF,Crystal Palace,25-005,2000,26.9,24,0.89,19,1,0,4,0,0,4,0.15,2,1,0,1,0,0,Matches
Adam Lallana,eng ENG,MF,Southampton,36-336,1988,4.0,9,2.24,8,0,0,0,1,0,2,0.50,2,0,0,0,0,0,Matches
Tariq Lamptey,gh GHA,DF,Brighton,24-193,2000,8.5,15,1.76,12,1,0,0,1,1,3,0.35,2,0,0,0,0,1,Matches
Will Lankshear,eng ENG,"FW,MF",Tottenham,19-356,2005,0.1,0,0.00,0,0,0,0,0,0,0,0.00,0,0,0,0,0,0,Matches
Roméo Lavia,be BEL,MF,Chelsea,21-095,2004,6.0,11,1.83,11,0,0,0,0,0,2,0.33,2,0,0,0,0,0,Matches
Mario Lemina,ga GAB,"MF,DF",Wolves,31-222,1993,15.2,26,1.71,21,0,2,2,0,1,5,0.33,5,0,0,0,0,0,Matches
Bernd Leno,de GER,GK,Fulham,33-038,1992,31.0,5,0.16,5,0,0,0,0,0,2,0.06,2,0,0,0,0,0,Matches
Jefferson Lerma,co COL,"MF,DF",Crystal Palace,30-168,1994,19.1,39,2.04,32,4,0,2,0,1,3,0.16,3,0,0,0,0,0,Matches
Rico Lewis,eng ENG,"DF,MF",Manchester City,20-141,2004,19.1,29,1.52,28,0,0,0,1,0,2,0.10,2,0,0,0,0,0,Matches
Keane Lewis-Potter,eng ENG,"DF,FW",Brentford,24-048,2001,28.3,63,2.22,49,0,4,3,6,1,7,0.25,5,0,0,0,2,0,Matches
Myles Lewis-Skelly,eng ENG,DF,Arsenal,18-197,2006,10.3,17,1.65,12,0,1,0,4,0,0,0.00,0,0,0,0,0,0,Matches
Matthijs de Ligt,nl NED,DF,Manchester Utd,25-242,1999,23.2,14,0.60,12,0,0,2,0,0,1,0.04,1,0,0,0,0,0,Matches
Pedro Lima,br BRA,DF,Wolves,18-284,2006,0.8,4,5.14,2,0,0,0,0,2,0,0.00,0,0,0,0,0,0,Matches
Victor Lindelöf,se SWE,DF,Manchester Utd,30-268,1994,3.1,4,1.30,4,0,0,0,0,0,0,0.00,0,0,0,0,0,0,Matches
Jesper Lindstrøm,dk DEN,FW,Everton,25-041,2000,13.8,46,3.35,30,7,2,3,3,1,1,0.07,1,0,0,0,0,0,Matches
Valentino Livramento,eng ENG,DF,Newcastle Utd,22-150,2002,23.6,32,1.36,30,0,0,1,1,0,1,0.04,1,0,0,0,0,0,Matches
Sean Longstaff,eng ENG,MF,Newcastle Utd,27-163,1997,8.6,14,1.63,12,0,1,1,0,0,2,0.23,1,0,0,1,0,0,Matches
Saša Lukić,rs SRB,MF,Fulham,28-241,1996,20.9,44,2.11,27,11,0,4,1,1,2,0.10,1,0,0,1,0,0,Matches
Joe Lumley,eng ENG,GK,Southampton,30-055,1995,3.0,0,0.00,0,0,0,0,0,0,0,0.00,0,0,0,0,0,0,Matches
Massimo Luongo,au AUS,MF,Ipswich Town,32-198,1992,2.0,0,0.00,0,0,0,0,0,0,0,0.00,0,0,0,0,0,0,Matches
Ian Maatsen,nl NED,DF,Aston Villa,23-032,2002,7.9,44,5.59,33,3,4,3,0,1,7,0.89,6,0,1,0,0,0,Matches
Alexis Mac Allister,ar ARG,MF,Liverpool,26-108,1998,25.5,104,4.09,77,15,2,5,2,3,12,0.47,10,1,0,1,0,0,Matches
James Maddison,eng ENG,MF,Tottenham,28-139,1996,18.8,86,4.59,61,10,7,3,5,0,17,0.91,12,1,3,1,0,0,Matches
Noni Madueke,eng ENG,FW,Chelsea,23-032,2002,17.0,62,3.64,45,0,8,5,3,1,8,0.47,5,0,0,1,1,1,Matches
Gabriel Magalhães,br BRA,DF,Arsenal,27-113,1997,26.3,35,1.33,31,0,0,3,1,0,6,0.23,4,0,0,1,1,0,Matches
Edmond-Paris Maghoma,eng ENG,"MF,FW",Brentford,23-338,2001,1.3,4,3.03,4,0,0,0,0,0,1,0.76,1,0,0,0,0,0,Matches
Harry Maguire,eng ENG,DF,Manchester Utd,32-037,1993,15.8,15,0.95,11,0,0,4,0,0,0,0.00,0,0,0,0,0,0,Matches
Kobbie Mainoo,eng ENG,MF,Manchester Utd,19-357,2005,14.3,25,1.75,21,0,3,0,1,0,1,0.07,1,0,0,0,0,0,Matches
Tyrell Malacia,nl NED,DF,Manchester Utd,25-237,1999,1.1,2,1.80,1,0,0,0,1,0,0,0.00,0,0,0,0,0,0,Matches
Donyell Malen,nl NED,FW,Aston Villa,26-092,1999,2.6,3,1.15,2,0,1,0,0,0,0,0.00,0,0,0,0,0,0,Matches
Orel Mangala,be BEL,MF,Everton,27-024,1998,14.0,24,1.72,17,1,2,3,1,0,1,0.07,0,0,0,0,1,0,Matches
Ryan Manning,ie IRL,DF,Southampton,28-301,1996,12.4,35,2.83,17,17,0,0,0,1,1,0.08,0,1,0,0,0,0,Matches
Solly March,eng ENG,"MF,FW",Brighton,30-265,1994,0.7,3,4.58,3,0,0,0,0,0,1,1.53,1,0,0,0,0,0,Matches
Omar Marmoush,eg EGY,"FW,MF",Manchester City,26-063,1999,7.3,24,3.30,12,3,0,2,7,0,1,0.14,0,0,0,0,1,0,Matches
Gabriel Martinelli,br BRA,"FW,MF",Arsenal,23-297,2001,18.9,57,3.01,44,1,7,4,1,0,5,0.26,3,0,1,1,0,0,Matches
Emiliano Martínez,ar ARG,GK,Aston Villa,32-221,1992,29.0,5,0.17,4,1,0,0,0,0,1,0.03,1,0,0,0,0,0,Matches
Lisandro Martínez,ar ARG,DF,Manchester Utd,27-083,1998,19.5,26,1.34,23,0,0,2,0,1,2,0.10,2,0,0,0,0,0,Matches
Pape Matar Sarr,sn SEN,MF,Tottenham,22-209,2002,16.2,37,2.29,30,1,2,3,0,1,6,0.37,4,0,1,1,0,0,Matches
Jean-Philippe Mateta,fr FRA,FW,Crystal Palace,27-287,1997,25.1,51,2.03,36,0,3,9,3,0,7,0.28,3,0,2,2,0,0,Matches
Stephy Mavididi,eng ENG,FW,Leicester City,26-315,1998,16.0,46,2.87,37,2,4,2,0,1,7,0.44,6,0,1,0,0,0,Matches
Konstantinos Mavropanos,gr GRE,DF,West Ham,27-121,1997,19.5,14,0.72,10,0,1,2,0,1,0,0.00,0,0,0,0,0,0,Matches
Noussair Mazraoui,ma MAR,DF,Manchester Utd,27-148,1997,26.6,45,1.69,37,2,1,1,2,2,1,0.04,1,0,0,0,0,0,Matches
Bryan Mbeumo,cm CMR,FW,Brentford,25-247,1999,30.9,117,3.78,85,16,9,4,3,0,15,0.48,9,2,2,2,0,0,Matches
James Mcatee,eng ENG,"MF,FW",Manchester City,22-175,2002,1.6,1,0.63,1,0,0,0,0,0,0,0.00,0,0,0,0,0,0,Matches
Kasey McAteer,ie IRL,"FW,MF",Leicester City,23-140,2001,4.4,12,2.73,11,0,0,0,1,0,1,0.23,1,0,0,0,0,0,Matches
Alex McCarthy,eng ENG,GK,Southampton,35-129,1989,5.0,0,0.00,0,0,0,0,0,0,0,0.00,0,0,0,0,0,0,Matches
John McGinn,sct SCO,"MF,FW",Aston Villa,30-175,1994,20.9,62,2.96,49,5,0,3,4,1,6,0.29,6,0,0,0,0,0,Matches
Dwight McNeil,eng ENG,"MF,FW",Everton,25-140,1999,12.7,60,4.72,33,18,4,2,2,1,6,0.47,3,1,1,0,0,1,Matches
Scott McTominay,sct SCO,MF,Manchester Utd,28-124,1996,0.2,1,4.74,0,0,0,1,0,0,0,0.00,0,0,0,0,0,0,Matches
Ben Mee,eng ENG,DF,Brentford,35-202,1989,2.0,0,0.00,0,0,0,0,0,0,0,0.00,0,0,0,0,0,0,Matches
Jayden Meghoma,eng ENG,DF,Brentford,18-287,2006,0.1,0,0.00,0,0,0,0,0,0,0,0.00,0,0,0,0,0,0,Matches
Mikel Merino,es ESP,"MF,FW",Arsenal,28-293,1996,14.8,38,2.57,33,0,0,4,1,0,3,0.20,3,0,0,0,0,0,Matches
Shumaira Mheuka,eng ENG,MF,Chelsea,17-173,2007,0.0,0,0.00,0,0,0,0,0,0,0,0.00,0,0,0,0,0,0,Matches
Nikola Milenković,rs SRB,DF,Nott'ham Forest,27-181,1997,30.0,18,0.60,14,0,0,3,0,1,3,0.10,3,0,0,0,0,0,Matches
Lewis Miley,eng ENG,MF,Newcastle Utd,18-345,2006,2.4,3,1.23,2,0,0,0,0,1,0,0.00,0,0,0,0,0,0,Matches
James Milner,eng ENG,MF,Brighton,39-097,1986,1.9,8,4.26,5,2,0,0,1,0,0,0.00,0,0,0,0,0,0,Matches
Tyrone Mings,eng ENG,DF,Aston Villa,32-029,1993,9.7,15,1.55,12,0,0,1,1,1,1,0.10,0,0,0,1,0,0,Matches
Yankuba Minteh,gm GAM,"FW,MF",Brighton,20-263,2004,14.9,45,3.04,24,8,10,1,1,1,9,0.61,4,0,4,1,0,0,Matches
Tyrick Mitchell,eng ENG,DF,Crystal Palace,25-222,1999,28.0,61,2.18,56,1,0,3,1,0,5,0.18,5,0,0,0,0,0,Matches
Kaoru Mitoma,jp JPN,"FW,MF",Brighton,27-326,1997,27.4,81,2.96,67,0,6,3,4,1,8,0.29,7,0,0,0,1,0,Matches
Jakub Moder,pl POL,MF,Brighton,26-004,1999,0.1,4,32.73,4,0,0,0,0,0,0,0.00,0,0,0,0,0,0,Matches
Jeremy Monga,,FW,Leicester City,,,0.2,1,5.29,1,0,0,0,0,0,0,0.00,0,0,0,0,0,0,Matches
Mikey Moore,eng ENG,"FW,MF",Tottenham,17-243,2007,2.1,10,4.86,6,2,0,1,1,0,2,0.97,1,0,0,1,0,0,Matches
Morato,br BRA,DF,Nott'ham Forest,23-285,2001,8.4,2,0.24,2,0,0,0,0,0,0,0.00,0,0,0,0,0,0,Matches
Álex Moreno,es ESP,"DF,MF",Nott'ham Forest,31-307,1993,9.6,11,1.14,10,1,0,0,0,0,2,0.21,2,0,0,0,0,0,Matches
Sam Morsy,eg EGY,MF,Ipswich Town,33-213,1991,23.9,35,1.47,32,3,0,0,0,0,2,0.08,2,0,0,0,0,0,Matches
Yerson Mosquera,co COL,DF,Wolves,23-344,2001,4.9,5,1.02,5,0,0,0,0,0,0,0.00,0,0,0,0,0,0,Matches
Mason Mount,eng ENG,"MF,FW",Manchester Utd,26-091,1999,3.1,9,2.89,6,2,0,1,0,0,0,0.00,0,0,0,0,0,0,Matches
Divin Mubama,eng ENG,FW,Manchester City,20-168,2004,0.3,0,0.00,0,0,0,0,0,0,0,0.00,0,0,0,0,0,0,Matches
Mykhailo Mudryk,ua UKR,FW,Chelsea,24-096,2001,1.7,6,3.60,4,1,0,0,1,0,0,0.00,0,0,0,0,0,0,Matches
Marshall Munetsi,zw ZIM,"MF,FW",Wolves,28-293,1996,5.8,10,1.74,7,0,0,1,1,1,1,0.17,1,0,0,0,0,0,Matches
Rodrigo Muniz,br BRA,FW,Fulham,23-342,2001,10.1,14,1.39,8,0,2,2,1,1,2,0.20,1,0,1,0,0,0,Matches
Daniel Muñoz,co COL,DF,Crystal Palace,28-320,1996,27.9,64,2.30,51,2,2,5,1,3,7,0.25,5,0,1,1,0,0,Matches
Arijanet Muric,xk KVX,GK,Ipswich Town,26-155,1998,18.0,1,0.06,0,1,0,0,0,0,0,0.00,0,0,0,0,0,0,Matches
Murillo,br BRA,DF,Nott'ham Forest,22-281,2002,29.5,33,1.12,22,6,0,2,1,2,1,0.03,1,0,0,0,0,0,Matches
Jacob Murphy,eng ENG,FW,Newcastle Utd,30-046,1995,20.2,60,2.98,45,4,4,3,2,2,10,0.50,10,0,0,0,0,0,Matches
Vitaliy Mykolenko,ua UKR,DF,Everton,25-317,1999,27.2,31,1.14,30,0,0,1,0,0,3,0.11,2,0,0,1,0,0,Matches
Iliman Ndiaye,sn SEN,FW,Everton,25-036,2000,21.9,56,2.56,43,0,7,0,6,0,5,0.23,3,0,1,0,1,0,Matches
Wilfred Ndidi,ng NGA,MF,Leicester City,28-116,1996,20.3,23,1.13,21,0,1,1,0,0,3,0.15,3,0,0,0,0,0,Matches
Kosta Nedeljković,rs SRB,DF,Aston Villa,19-116,2005,1.4,0,0.00,0,0,0,0,0,0,0,0.00,0,0,0,0,0,0,Matches
Reiss Nelson,eng ENG,FW,Arsenal,25-122,1999,0.0,0,0.00,0,0,0,0,0,0,0,0.00,0,0,0,0,0,0,Matches
Reiss Nelson,eng ENG,FW,Fulham,25-122,1999,5.4,31,5.73,21,2,3,4,0,1,1,0.18,1,0,0,0,0,0,Matches
Neto,br BRA,GK,Bournemouth,35-266,1989,2.0,0,0.00,0,0,0,0,0,0,0,0.00,0,0,0,0,0,0,Matches
Pedro Neto,pt POR,FW,Chelsea,25-033,2000,18.4,69,3.76,52,5,5,5,2,0,7,0.38,4,1,2,0,0,0,Matches
Eddie Nketiah,eng ENG,"FW,MF",Crystal Palace,25-316,1999,8.3,23,2.76,15,0,3,1,4,0,2,0.24,1,0,0,0,1,0,Matches
Christopher Nkunku,fr FRA,FW,Chelsea,27-148,1997,10.2,33,3.24,20,0,5,5,1,2,4,0.39,1,0,1,1,1,0,Matches
Matheus Nunes,pt POR,"DF,MF",Manchester City,26-227,1998,13.6,34,2.50,27,1,2,2,2,0,5,0.37,3,0,1,1,0,0,Matches
Darwin Núñez,uy URU,FW,Liverpool,25-291,1999,11.2,24,2.13,15,0,4,1,2,2,4,0.36,3,0,0,0,1,0,Matches
Ethan Nwaneri,eng ENG,"FW,MF",Arsenal,18-021,2007,8.0,20,2.51,11,3,3,2,1,0,3,0.38,3,0,0,0,0,0,Matches
Christian Nørgaard,dk DEN,MF,Brentford,31-032,1994,24.3,45,1.85,37,0,0,5,2,1,9,0.37,8,0,0,0,1,0,Matches
Jake O'Brien,ie IRL,DF,Everton,23-331,2001,11.5,11,0.96,10,0,1,0,0,0,0,0.00,0,0,0,0,0,0,Matches
Matt O'Riley,dk DEN,MF,Brighton,24-141,2000,6.0,24,3.98,16,5,0,2,0,1,3,0.50,3,0,0,0,0,0,Matches
Dara O'Shea,ie IRL,DF,Ipswich Town,26-038,1999,27.7,19,0.69,15,0,0,1,2,1,3,0.11,3,0,0,0,0,0,Matches
Chidozie Obi-Martin,dk DEN,FW,Manchester Utd,17-133,2007,0.3,0,0.00,0,0,0,0,0,0,0,0.00,0,0,0,0,0,0,Matches
Wilson Odobert,fr FRA,FW,Tottenham,20-134,2004,5.0,9,1.80,7,0,0,2,0,0,1,0.20,1,0,0,0,0,0,Matches
Chiedozie Ogbene,ie IRL,FW,Ipswich Town,27-345,1997,2.6,3,1.13,2,0,0,0,1,0,0,0.00,0,0,0,0,0,0,Matches
Caleb Okoli,it ITA,DF,Leicester City,23-272,2001,11.5,4,0.35,4,0,0,0,0,0,0,0.00,0,0,0,0,0,0,Matches
Robin Olsen,se SWE,GK,Aston Villa,35-093,1990,2.0,2,1.00,0,2,0,0,0,0,1,0.50,0,1,0,0,0,0,Matches
Amadou Onana,be BEL,MF,Aston Villa,23-238,2001,13.0,18,1.39,12,2,0,4,0,0,3,0.23,1,1,0,1,0,0,Matches
André Onana,cm CMR,GK,Manchester Utd,29-009,1996,31.0,4,0.13,3,1,0,0,0,0,0,0.00,0,0,0,0,0,0,Matches
Paul Onuachu,ng NGA,FW,Southampton,30-318,1994,9.7,9,0.93,8,0,0,1,0,0,1,0.10,1,0,0,0,0,0,Matches
Frank Onyeka,ng NGA,MF,Brentford,27-100,1998,0.3,0,0.00,0,0,0,0,0,0,0,0.00,0,0,0,0,0,0,Matches
Lewis Orford,eng ENG,MF,West Ham,19-052,2006,0.5,2,3.67,2,0,0,0,0,0,0,0.00,0,0,0,0,0,0,Matches
Stefan Ortega,de GER,GK,Manchester City,32-156,1992,10.0,0,0.00,0,0,0,0,0,0,0,0.00,0,0,0,0,0,0,Matches
William Osula,dk DEN,FW,Newcastle Utd,21-250,2003,1.0,2,2.00,1,0,0,0,0,1,0,0.00,0,0,0,0,0,0,Matches
Dango Ouattara,bf BFA,FW,Bournemouth,23-059,2002,18.7,59,3.15,46,0,2,9,1,1,6,0.32,4,0,1,1,0,0,Matches
Nico O’Reilly,eng ENG,"DF,MF",Manchester City,20-021,2005,2.1,6,2.90,4,0,1,0,1,0,1,0.48,1,0,0,0,0,0,Matches
Alex Palmer,eng ENG,GK,Ipswich Town,28-244,1996,7.0,1,0.14,1,0,0,0,0,0,0,0.00,0,0,0,0,0,0,Matches
Cole Palmer,eng ENG,MF,Chelsea,22-340,2002,28.5,159,5.59,100,21,12,17,7,2,12,0.42,8,0,2,1,1,0,Matches
Emerson Palmieri,it ITA,DF,West Ham,30-251,1994,20.6,39,1.90,24,11,0,2,2,0,2,0.10,1,1,0,0,0,0,Matches
Lucas Paquetá,br BRA,"MF,FW",West Ham,27-227,1997,22.1,67,3.04,55,2,1,4,5,0,6,0.27,3,0,0,2,1,0,Matches
Thomas Partey,gh GHA,"MF,DF",Arsenal,31-302,1993,25.3,52,2.05,42,2,1,2,1,4,12,0.47,7,2,0,1,1,1,Matches
Nathan Patterson,sct SCO,"DF,FW",Everton,23-177,2001,2.3,6,2.66,4,0,2,0,0,0,0,0.00,0,0,0,0,0,0,Matches
Andreas Pereira,br BRA,MF,Fulham,29-100,1996,18.6,91,4.89,49,35,0,4,3,0,8,0.43,4,2,0,0,2,0,Matches
Ricardo Pereira,pt POR,DF,Leicester City,31-187,1993,2.1,2,0.97,2,0,0,0,0,0,0,0.00,0,0,0,0,0,0,Matches
Kalvin Phillips,eng ENG,MF,Ipswich Town,29-130,1995,13.5,17,1.26,13,3,0,1,0,0,3,0.22,3,0,0,0,0,0,Matches
Jaden Philogene Bidace,eng ENG,"FW,MF",Aston Villa,23-062,2002,3.7,5,1.36,3,0,0,0,1,1,0,0.00,0,0,0,0,0,0,Matches
Jaden Philogene Bidace,eng ENG,"FW,DF",Ipswich Town,23-062,2002,5.2,9,1.72,6,0,1,1,1,0,0,0.00,0,0,0,0,0,0,Matches
Jordan Pickford,eng ENG,GK,Everton,31-035,1994,31.0,11,0.35,10,1,0,0,0,0,2,0.06,2,0,0,0,0,0,Matches
Ethan Pinnock,jm JAM,DF,Brentford,31-317,1993,21.3,21,0.99,13,5,0,2,1,0,0,0.00,0,0,0,0,0,0,Matches
Daniel Podence,pt POR,"MF,FW",Wolves,29-172,1995,0.5,0,0.00,0,0,0,0,0,0,0,0.00,0,0,0,0,0,0,Matches
Alfie Pond,eng ENG,DF,Wolves,21-041,2004,0.0,0,0.00,0,0,0,0,0,0,0,0.00,0,0,0,0,0,0,Matches
Nick Pope,eng ENG,GK,Newcastle Utd,32-357,1992,20.0,4,0.20,4,0,0,0,0,0,0,0.00,0,0,0,0,0,0,Matches
Pedro Porro,es ESP,DF,Tottenham,25-210,1999,26.4,91,3.45,59,19,3,5,4,1,7,0.27,3,3,1,0,0,0,Matches
Jarell Quansah,eng ENG,DF,Liverpool,22-072,2003,3.2,1,0.31,1,0,0,0,0,0,0,0.00,0,0,0,0,0,0,Matches
Hákon Rafn Valdimarsson,is ISL,GK,Brentford,23-180,2001,1.6,2,1.24,2,0,0,0,0,0,0,0.00,0,0,0,0,0,0,Matches
Aaron Ramsdale,eng ENG,GK,Southampton,26-332,1998,23.0,2,0.09,2,0,0,0,0,0,0,0.00,0,0,0,0,0,0,Matches
Jacob Ramsey,eng ENG,"FW,MF",Aston Villa,23-318,2001,14.9,44,2.95,34,0,4,1,5,0,6,0.40,6,0,0,0,0,0,Matches
Marcus Rashford,eng ENG,"FW,MF",Manchester Utd,27-162,1997,10.9,29,2.67,24,1,2,2,0,0,1,0.09,1,0,0,0,0,0,Matches
Marcus Rashford,eng ENG,FW,Aston Villa,27-162,1997,3.3,20,6.10,12,2,3,1,2,0,3,0.92,2,0,0,1,0,0,Matches
David Raya,es ESP,GK,Arsenal,29-208,1995,31.0,3,0.10,2,1,0,0,0,0,0,0.00,0,0,0,0,0,0,Matches
Harrison Reed,eng ENG,MF,Fulham,30-074,1995,1.0,1,0.97,0,1,0,0,0,0,0,0.00,0,0,0,0,0,0,Matches
Remy Rees-Dottin,eng ENG,FW,Bournemouth,19-036,2006,0.0,0,0.00,0,0,0,0,0,0,0,0.00,0,0,0,0,0,0,Matches
Sergio Reguilón,es ESP,DF,Tottenham,28-116,1996,1.4,1,0.73,1,0,0,0,0,0,0,0.00,0,0,0,0,0,0,Matches
Bobby Reid,jm JAM,"FW,MF",Leicester City,32-068,1993,7.1,12,1.69,8,0,0,2,2,0,3,0.42,1,0,0,1,1,0,Matches
Vitor Reis,br BRA,DF,Manchester City,19-089,2006,0.0,0,0.00,0,0,0,0,0,0,0,0.00,0,0,0,0,0,0,Matches
Chadi Riad,ma MAR,DF,Crystal Palace,21-298,2003,1.0,0,0.00,0,0,0,0,0,0,0,0.00,0,0,0,0,0,0,Matches
Declan Rice,eng ENG,MF,Arsenal,26-087,1999,26.0,93,3.58,48,30,3,5,5,2,7,0.27,4,2,0,1,0,0,Matches
Chris Richards,us USA,DF,Crystal Palace,25-014,2000,14.9,6,0.40,3,0,0,2,0,1,2,0.13,0,0,0,2,0,0,Matches
Richarlison,br BRA,FW,Tottenham,27-336,1997,3.1,8,2.57,5,0,0,2,1,0,1,0.32,1,0,0,0,0,0,Matches
Andrew Robertson,sct SCO,DF,Liverpool,31-031,1994,24.3,73,3.00,61,9,1,1,0,1,3,0.12,3,0,0,0,0,0,Matches
Antonee Robinson,us USA,DF,Fulham,27-246,1997,30.2,73,2.42,68,1,1,2,0,1,11,0.36,11,0,0,0,0,0,Matches
Rodri,es ESP,MF,Manchester City,28-293,1996,0.7,2,2.77,2,0,0,0,0,0,0,0.00,0,0,0,0,0,0,Matches
Guido Rodríguez,ar ARG,MF,West Ham,30-364,1994,11.3,10,0.88,8,0,0,2,0,0,0,0.00,0,0,0,0,0,0,Matches
Mads Roerslev,dk DEN,DF,Brentford,25-291,1999,12.2,21,1.72,18,0,1,1,1,0,2,0.16,2,0,0,0,0,0,Matches
Morgan Rogers,eng ENG,"FW,MF",Aston Villa,22-259,2002,27.9,87,3.12,66,0,10,7,4,0,11,0.39,9,0,1,0,1,0,Matches
Cristian Romero,ar ARG,DF,Tottenham,26-349,1998,14.2,17,1.19,14,0,0,3,0,0,2,0.14,2,0,0,0,0,0,Matches
Georginio Rutter,fr FRA,"MF,FW",Brighton,22-356,2002,18.4,64,3.47,37,0,9,7,9,2,8,0.43,3,0,3,1,1,0,Matches
José Sá,pt POR,GK,Wolves,32-084,1993,24.0,4,0.17,4,0,0,0,0,0,0,0.00,0,0,0,0,0,0,Matches
Bukayo Saka,eng ENG,"FW,MF",Arsenal,23-218,2001,14.9,92,6.19,53,18,9,8,4,0,21,1.41,12,5,2,1,1,0,Matches
Mohamed Salah,eg EGY,FW,Liverpool,32-300,1992,30.5,135,4.42,100,1,17,11,4,2,23,0.75,17,0,4,2,0,0,Matches
William Saliba,fr FRA,DF,Arsenal,24-018,2001,28.3,21,0.74,20,0,0,0,0,1,1,0.04,1,0,0,0,0,0,Matches
Robert Sánchez,es ESP,GK,Chelsea,27-144,1997,25.0,6,0.24,5,1,0,0,0,0,2,0.08,1,1,0,0,0,0,Matches
Jadon Sancho,eng ENG,FW,Chelsea,25-017,2000,17.6,59,3.35,52,0,3,1,3,0,10,0.57,9,0,0,0,1,0,Matches
Ibrahim Sangaré,ci CIV,MF,Nott'ham Forest,27-130,1997,3.1,5,1.61,4,0,0,1,0,0,0,0.00,0,0,0,0,0,0,Matches
Pablo Sarabia,es ESP,"MF,FW",Wolves,32-335,1992,6.8,21,3.10,15,4,2,0,0,0,3,0.44,2,0,1,0,0,0,Matches
Jeremy Sarmiento,ec ECU,MF,Brighton,22-299,2002,0.1,0,0.00,0,0,0,0,0,0,0,0.00,0,0,0,0,0,0,Matches
Ismaila Sarr,sn SEN,MF,Crystal Palace,27-045,1998,23.4,90,3.84,64,0,6,7,13,0,8,0.34,5,0,1,0,2,0,Matches
Sávio,br BRA,"FW,MF",Manchester City,21-001,2004,18.3,105,5.73,74,2,15,4,7,3,15,0.82,10,0,2,1,1,1,Matches
Oliver Scarles,eng ENG,DF,West Ham,19-120,2005,5.9,4,0.68,4,0,0,0,0,0,0,0.00,0,0,0,0,0,0,Matches
Dane Scarlett,eng ENG,"FW,MF",Tottenham,21-018,2004,0.4,1,2.65,1,0,0,0,0,0,1,2.65,1,0,0,0,0,0,Matches
Kevin Schade,de GER,FW,Brentford,23-135,2001,19.5,44,2.26,26,6,3,4,4,1,8,0.41,5,0,0,3,0,0,Matches
Fabian Schär,ch SUI,DF,Newcastle Utd,33-112,1991,24.8,24,0.97,16,1,1,1,2,3,3,0.12,2,0,0,1,0,0,Matches
Jeffrey Schlupp,gh GHA,"MF,DF",Crystal Palace,32-109,1992,1.1,7,6.06,5,0,1,1,0,0,0,0.00,0,0,0,0,0,0,Matches
Alex Scott,eng ENG,MF,Bournemouth,21-233,2003,5.6,22,3.93,17,0,0,1,1,3,2,0.36,2,0,0,0,0,0,Matches
Matz Sels,be BEL,GK,Nott'ham Forest,33-044,1992,31.0,5,0.16,2,3,0,0,0,0,0,0.00,0,0,0,0,0,0,Matches
Nélson Semedo,pt POR,DF,Wolves,31-146,1993,25.8,48,1.86,34,1,7,1,3,2,6,0.23,6,0,0,0,0,0,Matches
Antoine Semenyo,gh GHA,FW,Bournemouth,25-094,2000,29.4,112,3.81,74,1,16,14,5,2,11,0.37,7,0,1,1,2,0,Matches
Marcos Senesi,ar ARG,DF,Bournemouth,27-336,1997,10.7,16,1.50,16,0,0,0,0,0,1,0.09,1,0,0,0,0,0,Matches
Ryan Sessegnon,eng ENG,"FW,DF",Fulham,24-328,2000,2.1,7,3.30,6,0,0,0,1,0,2,0.94,2,0,0,0,0,0,Matches
Luke Shaw,eng ENG,DF,Manchester Utd,29-273,1995,0.8,0,0.00,0,0,0,0,0,0,0,0.00,0,0,0,0,0,0,Matches
Zain Silcott-Duberry,ms MSR,FW,Bournemouth,19-276,2005,0.0,0,0.00,0,0,0,0,0,0,0,0.00,0,0,0,0,0,0,Matches
Bernardo Silva,pt POR,"MF,FW",Manchester City,30-244,1994,23.7,76,3.21,68,1,4,0,3,0,7,0.30,7,0,0,0,0,0,Matches
Jota Silva,pt POR,"FW,MF",Nott'ham Forest,25-253,1999,8.6,29,3.39,22,0,1,3,3,0,3,0.35,2,0,0,0,1,0,Matches
Eric da Silva Moreira,de GER,"MF,DF",Nott'ham Forest,18-343,2006,0.3,0,0.00,0,0,0,0,0,0,0,0.00,0,0,0,0,0,0,Matches
Jahmai Simpson-Pusey,eng ENG,DF,Manchester City,19-158,2005,1.1,0,0.00,0,0,0,0,0,0,0,0.00,0,0,0,0,0,0,Matches
Luis Sinisterra,co COL,"FW,MF",Bournemouth,25-298,1999,2.6,14,5.29,11,0,1,2,0,0,1,0.38,1,0,0,0,0,0,Matches
Oliver Skipp,eng ENG,MF,Leicester City,24-207,2000,9.2,11,1.20,9,1,0,0,1,0,0,0.00,0,0,0,0,0,0,Matches
William Smallbone,ie IRL,MF,Southampton,25-049,2000,6.5,15,2.32,11,3,0,1,0,0,0,0.00,0,0,0,0,0,0,Matches
Adam Smith,eng ENG,DF,Bournemouth,33-347,1991,12.7,14,1.10,10,1,1,0,1,1,1,0.08,0,0,0,0,1,0,Matches
Emile Smith Rowe,eng ENG,MF,Fulham,24-257,2000,20.1,62,3.09,47,0,3,7,2,3,11,0.55,9,0,1,0,0,1,Matches
Dominic Solanke,eng ENG,FW,Tottenham,27-209,1997,21.7,37,1.70,25,0,0,9,2,1,8,0.37,6,0,0,1,1,0,Matches
Carlos Soler,es ESP,"MF,FW",West Ham,28-099,1997,13.1,42,3.21,26,7,2,4,2,1,2,0.15,2,0,0,0,0,0,Matches
Ramón Sosa,py PAR,"FW,MF",Nott'ham Forest,25-223,1999,2.9,14,4.75,11,0,2,1,0,0,0,0.00,0,0,0,0,0,0,Matches
Tomáš Souček,cz CZE,MF,West Ham,30-043,1995,23.9,43,1.80,35,0,0,5,2,1,3,0.13,2,0,0,0,1,0,Matches
Boubakary Soumaré,fr FRA,MF,Leicester City,26-043,1999,19.2,33,1.72,25,0,5,1,2,0,3,0.16,3,0,0,0,0,0,Matches
Djed Spence,eng ENG,DF,Tottenham,24-245,2000,13.8,23,1.66,18,0,4,1,0,0,4,0.29,3,0,1,0,0,0,Matches
Jay Stansfield,eng ENG,MF,Fulham,22-138,2002,0.0,0,0.00,0,0,0,0,0,0,0,0.00,0,0,0,0,0,0,Matches
Jason Steele,eng ENG,GK,Brighton,34-236,1990,2.0,0,0.00,0,0,0,0,0,0,0,0.00,0,0,0,0,0,0,Matches
Jack Stephens,eng ENG,DF,Southampton,31-074,1994,9.9,10,1.01,10,0,0,0,0,0,0,0.00,0,0,0,0,0,0,Matches
Raheem Sterling,eng ENG,"FW,MF",Arsenal,30-124,1994,3.9,14,3.55,10,0,2,2,0,0,2,0.51,2,0,0,0,0,0,Matches
Ross Stewart,sct SCO,"FW,MF",Southampton,28-274,1996,1.6,2,1.29,1,0,0,1,0,0,0,0.00,0,0,0,0,0,0,Matches
Jakub Stolarczyk,pl POL,GK,Leicester City,24-113,2000,6.0,0,0.00,0,0,0,0,0,0,0,0.00,0,0,0,0,0,0,Matches
John Stones,eng ENG,"DF,MF",Manchester City,30-318,1994,6.1,8,1.31,8,0,0,0,0,0,2,0.33,2,0,0,0,0,0,Matches
Jørgen Strand Larsen,no NOR,FW,Wolves,25-064,2000,24.9,37,1.48,29,1,1,3,2,1,4,0.16,4,0,0,0,0,0,Matches
Yukinari Sugawara,jp JPN,"DF,MF",Southampton,24-287,2000,16.2,39,2.40,30,5,1,3,0,0,1,0.06,1,0,0,0,0,0,Matches
Kamaldeen Sulemana,gh GHA,"FW,MF",Southampton,23-055,2002,10.1,24,2.37,12,1,8,2,1,0,3,0.30,1,0,1,1,0,0,Matches
Crysencio Summerville,nl NED,"FW,MF",West Ham,23-163,2001,8.7,35,4.01,21,3,5,0,5,1,1,0.11,1,0,0,0,0,0,Matches
Sammie Szmodics,ie IRL,"FW,MF",Ipswich Town,29-199,1995,10.9,9,0.83,7,0,1,1,0,0,0,0.00,0,0,0,0,0,0,Matches
Dominik Szoboszlai,hu HUN,MF,Liverpool,24-168,2000,23.3,95,4.08,74,4,4,11,1,1,12,0.52,9,0,0,3,0,0,Matches
Matt Targett,eng ENG,DF,Newcastle Utd,29-205,1995,0.1,0,0.00,0,0,0,0,0,0,0,0.00,0,0,0,0,0,0,Matches
James Tarkowski,eng ENG,DF,Everton,32-143,1992,30.9,35,1.13,29,2,0,4,0,0,4,0.13,4,0,0,0,0,0,Matches
Marcus Tavernier,eng ENG,"FW,MF",Bournemouth,26-020,1999,16.7,82,4.90,57,12,3,6,4,0,10,0.60,5,3,0,1,1,0,Matches
Charlie Taylor,eng ENG,DF,Southampton,31-205,1993,3.0,2,0.68,2,0,0,0,0,0,1,0.34,1,0,0,0,0,0,Matches
Jack Taylor,ie IRL,MF,Ipswich Town,26-292,1998,6.0,18,2.99,13,1,1,2,0,1,1,0.17,1,0,0,0,0,0,Matches
Mathys Tel,fr FRA,FW,Tottenham,19-349,2005,3.5,5,1.45,3,0,0,2,0,0,0,0.00,0,0,0,0,0,0,Matches
Kenny Tete,nl NED,DF,Fulham,29-184,1995,14.1,23,1.63,16,0,2,3,2,0,3,0.21,3,0,0,0,0,0,Matches
Thiago,br BRA,FW,Brentford,23-289,2001,1.5,2,1.36,1,0,0,0,0,1,0,0.00,0,0,0,0,0,0,Matches
Luke Thomas,eng ENG,DF,Leicester City,23-305,2001,6.0,4,0.66,3,1,0,0,0,0,0,0.00,0,0,0,0,0,0,Matches
Youri Tielemans,be BEL,MF,Aston Villa,27-339,1997,29.4,99,3.37,60,30,3,3,2,1,10,0.34,7,3,0,0,0,0,Matches
Kieran Tierney,sct SCO,"DF,FW",Arsenal,27-310,1997,1.1,6,5.57,6,0,0,0,0,0,0,0.00,0,0,0,0,0,0,Matches
Jurriën Timber,nl NED,DF,Arsenal,23-298,2001,25.6,50,1.95,44,1,3,0,1,1,8,0.31,7,0,1,0,0,0,Matches
Jean-Clair Todibo,fr FRA,DF,West Ham,25-102,1999,13.6,5,0.37,4,0,0,0,0,1,0,0.00,0,0,0,0,0,0,Matches
Harry Toffolo,eng ENG,DF,Nott'ham Forest,29-235,1995,0.5,0,0.00,0,0,0,0,0,0,0,0.00,0,0,0,0,0,0,Matches
Takehiro Tomiyasu,jp JPN,DF,Arsenal,26-157,1998,0.1,1,12.86,1,0,0,0,0,0,0,0.00,0,0,0,0,0,0,Matches
Sandro Tonali,it ITA,MF,Newcastle Utd,24-338,2000,21.2,47,2.21,32,1,3,3,5,3,5,0.24,5,0,0,0,0,0,Matches
Pau Torres,es ESP,DF,Aston Villa,28-085,1997,18.2,12,0.66,9,0,0,3,0,0,2,0.11,1,0,0,1,0,0,Matches
Conor Townsend,eng ENG,DF,Ipswich Town,32-038,1993,3.4,4,1.18,3,1,0,0,0,0,1,0.29,1,0,0,0,0,0,Matches
Adama Traoré,es ESP,"FW,MF",Fulham,29-076,1996,16.5,66,4.01,53,0,7,4,0,2,8,0.49,7,0,1,0,0,0,Matches
Boubacar Traoré,ml MLI,MF,Wolves,23-234,2001,0.0,0,0.00,0,0,0,0,0,0,0,0.00,0,0,0,0,0,0,Matches
Mark Travers,ie IRL,GK,Bournemouth,25-328,1999,5.0,0,0.00,0,0,0,0,0,0,0,0.00,0,0,0,0,0,0,Matches
Ryan Trevitt,eng ENG,MF,Brentford,22-030,2003,0.0,0,0.00,0,0,0,0,0,0,0,0.00,0,0,0,0,0,0,Matches
Kieran Trippier,eng ENG,DF,Newcastle Utd,34-204,1990,9.7,29,2.99,17,10,0,2,0,0,0,0.00,0,0,0,0,0,0,Matches
Leandro Trossard,be BEL,FW,Arsenal,30-128,1994,22.2,72,3.24,56,2,4,5,4,1,6,0.27,6,0,0,0,0,0,Matches
Kostas Tsimikas,gr GRE,DF,Liverpool,28-334,1996,5.7,16,2.78,11,5,0,0,0,0,2,0.35,1,1,0,0,0,0,Matches
Axel Tuanzebe,cd COD,DF,Ipswich Town,27-148,1997,14.1,11,0.78,9,1,0,0,1,0,2,0.14,2,0,0,0,0,0,Matches
Destiny Udogie,it ITA,DF,Tottenham,22-134,2002,19.4,33,1.70,30,0,0,1,0,2,3,0.15,2,0,0,0,0,1,Matches
Manuel Ugarte Ribeiro,uy URU,MF,Manchester Utd,24-000,2001,16.0,23,1.44,18,0,0,1,2,2,1,0.06,1,0,0,0,0,0,Matches
Lesley Ugochukwu,fr FRA,MF,Southampton,21-016,2004,13.1,20,1.53,16,0,1,1,2,0,1,0.08,0,0,0,1,0,0,Matches
Enes Ünal,tr TUR,"FW,MF",Bournemouth,27-336,1997,3.8,9,2.35,6,0,0,2,1,0,3,0.78,2,0,0,0,1,0,Matches
Virgil van Dijk,nl NED,DF,Liverpool,33-277,1991,31.0,38,1.23,33,0,1,1,1,2,4,0.13,4,0,0,0,0,0,Matches
Jamie Vardy,eng ENG,FW,Leicester City,38-090,1987,26.2,40,1.52,29,0,5,2,4,0,9,0.34,4,0,2,1,2,0,Matches
Renato Veiga,pt POR,"DF,MF",Chelsea,21-256,2003,2.0,1,0.49,0,0,0,1,0,0,0,0.00,0,0,0,0,0,0,Matches
Joël Veltman,nl NED,DF,Brighton,33-086,1992,18.3,22,1.21,15,2,2,1,2,0,1,0.05,0,1,0,0,0,0,Matches
Micky van de Ven,nl NED,DF,Tottenham,23-357,2001,10.1,9,0.90,6,0,0,2,1,0,2,0.20,2,0,0,0,0,0,Matches
Bart Verbruggen,nl NED,GK,Brighton,22-236,2002,29.0,5,0.17,5,0,0,0,0,0,1,0.03,1,0,0,0,0,0,Matches
Jannik Vestergaard,dk DEN,DF,Leicester City,32-251,1992,15.5,7,0.45,6,0,0,0,0,1,0,0.00,0,0,0,0,0,0,Matches
Guglielmo Vicario,it ITA,GK,Tottenham,28-186,1996,19.0,3,0.16,3,0,0,0,0,0,0,0.00,0,0,0,0,0,0,Matches
Carlos Vinícius,br BRA,MF,Fulham,30-017,1995,0.0,1,22.50,0,0,1,0,0,0,0,0.00,0,0,0,0,0,0,Matches
Kyle Walker,eng ENG,DF,Manchester City,34-318,1990,10.8,17,1.58,17,0,0,0,0,0,0,0.00,0,0,0,0,0,0,Matches
Kyle Walker-Peters,eng ENG,DF,Southampton,27-363,1997,28.4,53,1.86,34,3,7,4,3,2,6,0.21,5,0,1,0,0,0,Matches
Christian Walton,eng ENG,GK,Ipswich Town,29-153,1995,6.0,2,0.33,1,1,0,0,0,0,0,0.00,0,0,0,0,0,0,Matches
Aaron Wan-Bissaka,eng ENG,DF,West Ham,27-136,1997,29.0,73,2.51,59,4,6,2,0,2,5,0.17,4,0,0,1,0,0,Matches
Danny Ward,wls WAL,GK,Leicester City,31-293,1993,1.5,0,0.00,0,0,0,0,0,0,0,0.00,0,0,0,0,0,0,Matches
Joel Ward,eng ENG,DF,Crystal Palace,35-164,1989,0.0,0,0.00,0,0,0,0,0,0,0,0.00,0,0,0,0,0,0,Matches
James Ward-Prowse,eng ENG,MF,West Ham,30-161,1994,6.5,18,2.79,10,6,0,2,0,0,1,0.15,0,1,0,0,0,0,Matches
James Ward-Prowse,eng ENG,MF,Nott'ham Forest,30-161,1994,4.4,10,2.25,6,4,0,0,0,0,2,0.45,1,1,0,0,0,0,Matches
Ollie Watkins,eng ENG,FW,Aston Villa,29-102,1995,23.8,45,1.89,30,0,4,6,5,0,10,0.42,6,0,1,1,2,0,Matches
Adam Webster,eng ENG,DF,Brighton,30-097,1995,6.9,10,1.46,8,2,0,0,0,0,3,0.44,2,1,0,0,0,0,Matches
Danny Welbeck,eng ENG,FW,Brighton,34-136,1990,17.7,39,2.20,28,1,3,1,6,0,6,0.34,6,0,0,0,0,0,Matches
Welington,br BRA,"DF,MF",Southampton,24-051,2001,2.3,5,2.15,4,1,0,0,0,0,1,0.43,1,0,0,0,0,0,Matches
Timo Werner,de GER,"FW,MF",Tottenham,29-036,1996,5.7,18,3.13,14,0,2,1,1,0,3,0.52,3,0,0,0,0,0,Matches
Adam Wharton,eng ENG,MF,Crystal Palace,20-313,2004,11.2,50,4.46,41,7,0,1,0,1,4,0.36,4,0,0,0,0,0,Matches
Ben White,eng ENG,DF,Arsenal,27-185,1997,8.5,10,1.17,10,0,0,0,0,0,1,0.12,1,0,0,0,0,0,Matches
Mats Wieffer,nl NED,MF,Brighton,25-146,1999,5.7,20,3.50,19,0,0,1,0,0,2,0.35,2,0,0,0,0,0,Matches
Neco Williams,wls WAL,DF,Nott'ham Forest,23-363,2001,21.8,39,1.79,31,3,0,4,1,0,5,0.23,4,1,0,0,0,0,Matches
Willian,br BRA,"MF,FW",Fulham,36-245,1988,1.7,8,4.65,6,1,0,1,0,0,0,0.00,0,0,0,0,0,0,Matches
Joe Willock,eng ENG,"MF,FW",Newcastle Utd,25-234,1999,9.4,37,3.95,31,0,3,2,1,0,4,0.43,4,0,0,0,0,0,Matches
Callum Wilson,eng ENG,FW,Newcastle Utd,33-043,1992,2.3,6,2.61,3,0,0,1,1,1,0,0.00,0,0,0,0,0,0,Matches
Harry Wilson,wls WAL,"FW,MF",Fulham,28-020,1997,9.3,30,3.22,21,6,0,1,2,0,3,0.32,2,0,0,0,1,0,Matches
Harry Winks,eng ENG,MF,Leicester City,29-068,1996,17.1,39,2.28,29,7,1,1,1,0,3,0.18,2,1,0,0,0,0,Matches
Ben Winterburn,eng ENG,"FW,MF",Bournemouth,20-219,2004,0.3,0,0.00,0,0,0,0,0,0,0,0.00,0,0,0,0,0,0,Matches
Yoane Wissa,cd COD,FW,Brentford,28-220,1996,25.4,55,2.16,35,0,3,7,9,1,7,0.28,6,0,0,0,1,0,Matches
Chris Wood,nz NZL,FW,Nott'ham Forest,33-125,1991,26.0,36,1.38,28,0,2,4,0,2,5,0.19,4,0,0,0,0,1,Matches
Nathan Wood-Gordon,eng ENG,DF,Southampton,22-315,2002,6.9,3,0.43,3,0,0,0,0,0,0,0.00,0,0,0,0,0,0,Matches
Luke Woolfenden,eng ENG,DF,Ipswich Town,26-172,1998,11.2,2,0.18,2,0,0,0,0,0,0,0.00,0,0,0,0,0,0,Matches
Yehor Yarmoliuk,ua UKR,MF,Brentford,21-041,2004,10.5,17,1.63,15,0,1,1,0,0,2,0.19,2,0,0,0,0,0,Matches
Ryan Yates,eng ENG,MF,Nott'ham Forest,27-141,1997,19.2,35,1.82,24,0,1,6,2,2,3,0.16,2,0,0,1,0,0,Matches
Leny Yoro,fr FRA,DF,Manchester Utd,19-149,2005,9.7,4,0.41,1,0,0,2,0,1,0,0.00,0,0,0,0,0,0,Matches
Ashley Young,eng ENG,"DF,FW",Everton,39-276,1985,17.6,36,2.04,27,6,0,1,1,1,6,0.34,4,0,0,1,0,1,Matches
Illia Zabarnyi,ua UKR,DF,Bournemouth,22-222,2002,28.1,26,0.93,23,1,0,0,0,2,0,0.00,0,0,0,0,0,0,Matches
Oleksandr Zinchenko,ua UKR,"DF,MF",Arsenal,28-117,1996,3.3,9,2.71,7,0,0,2,0,0,1,0.30,1,0,0,0,0,0,Matches
Joshua Zirkzee,nl NED,"FW,MF",Manchester Utd,23-324,2001,15.0,29,1.94,26,0,0,2,1,0,3,0.20,1,0,0,1,1,0,Matches
Martin Ødegaard,no NOR,MF,Arsenal,26-115,1998,20.4,92,4.51,75,10,2,4,1,0,10,0.49,9,1,0,0,0,0,Matches
