Player,Nation,Pos,Squad,passing_Age,passing_Born,passing_90s,passing_Total_Cmp,passing_Total_Att,passing_Total_Cmp%,passing_Total_TotDist,passing_Total_PrgDist,passing_Short_Cmp,passing_Short_Att,passing_Short_Cmp%,passing_Medium_Cmp,passing_Medium_Att,passing_Medium_Cmp%,passing_Long_Cmp,passing_Long_Att,passing_Long_Cmp%,passing_Ast,passing_xAG,passing_Expected_xA,passing_Expected_A-xAG,passing_KP,passing_1/3,passing_PPA,passing_CrsPA,passing_PrgP,passing_Matches
Max Aarons,eng ENG,DF,Bournemouth,25-097,2000,1.0,50,63,79.4,887,361,21,25,84.0,24,29,82.8,4,7,57.1,0,0.0,0.0,0.0,0,8,0,0,8,Matches
Joshua Acheampong,eng ENG,DF,Chelsea,18-341,2006,1.9,104,124,83.9,2025,705,29,32,90.6,63,68,92.6,11,20,55.0,0,0.0,0.0,0.0,0,6,0,0,8,Matches
Tyler Adams,us USA,MF,Bournemouth,26-056,1999,15.3,607,728,83.4,9588,2285,297,334,88.9,266,303,87.8,25,45,55.6,3,0.8,0.4,+2.2,13,48,2,1,54,Matches
Tosin Adarabioyo,eng ENG,DF,Chelsea,27-199,1997,13.1,931,1020,91.3,16998,6165,359,375,95.7,514,542,94.8,56,92,60.9,1,0.2,0.2,+0.8,1,49,1,0,34,Matches
Simon Adingra,ci CIV,"FW,MF",Brighton,23-100,2002,8.3,193,259,74.5,2731,580,120,140,85.7,56,76,73.7,11,21,52.4,1,1.4,1.9,-0.4,10,4,9,3,12,Matches
Emmanuel Agbadou,ci CIV,DF,Wolves,27-298,1997,8.7,423,510,82.9,8523,3013,141,154,91.6,221,245,90.2,57,96,59.4,0,0.1,0.1,-0.1,2,17,1,0,19,Matches
Asher Agbinone,eng ENG,MF,Crystal Palace,19-195,2005,0.1,2,3,66.7,32,0,1,1,100.0,1,2,50.0,0,0,,0,0.0,0.0,0.0,1,0,0,0,0,Matches
Ola Aina,ng NGA,DF,Nott'ham Forest,28-185,1996,28.5,839,1145,73.3,12948,5391,446,506,88.1,308,423,72.8,52,144,36.1,1,0.7,1.5,+0.3,11,78,15,7,91,Matches
Rayan Aït-Nouri,dz ALG,DF,Wolves,23-309,2001,28.3,1170,1387,84.4,16246,4872,715,765,93.5,362,416,87.0,39,94,41.5,5,3.5,2.6,+1.5,32,64,23,5,95,Matches
Kristoffer Ajer,no NOR,DF,Brentford,26-359,1998,14.4,453,581,78.0,7119,2551,233,269,86.6,180,227,79.3,25,50,50.0,0,1.2,0.5,-1.2,7,39,6,4,49,Matches
Manuel Akanji,ch SUI,DF,Manchester City,29-266,1995,19.0,1389,1479,93.9,22799,6245,666,694,96.0,641,671,95.5,68,92,73.9,0,0.4,1.1,-0.4,9,149,11,2,135,Matches
Nathan Aké,nl NED,DF,Manchester City,30-052,1995,7.5,509,542,93.9,8321,2950,248,253,98.0,237,244,97.1,20,34,58.8,0,0.0,0.2,0.0,1,42,1,0,50,Matches
Carlos Alcaraz,ar ARG,MF,Southampton,22-132,2002,0.1,13,13,100.0,221,66,7,7,100.0,4,4,100.0,2,2,100.0,0,0.1,0.0,-0.1,1,4,1,1,6,Matches
Carlos Alcaraz,ar ARG,"MF,FW",Everton,22-132,2002,4.6,122,159,76.7,2124,583,53,62,85.5,54,62,87.1,11,20,55.0,1,1.1,0.3,-0.1,9,9,12,1,20,Matches
Trent Alexander-Arnold,eng ENG,DF,Liverpool,26-186,1998,23.8,1321,1787,73.9,25377,10446,578,642,90.0,535,704,76.0,185,367,50.4,6,6.7,6.7,-0.7,50,187,62,20,204,Matches
Alisson,br BRA,GK,Liverpool,32-191,1992,20.9,538,645,83.4,11965,7825,163,165,98.8,281,285,98.6,93,191,48.7,0,0.6,0.2,-0.6,1,10,0,0,0,Matches
Miguel Almirón,py PAR,FW,Newcastle Utd,31-060,1994,1.7,54,66,81.8,707,219,39,42,92.9,13,16,81.3,1,3,33.3,0,0.3,0.2,-0.3,3,3,1,0,6,Matches
Edson Álvarez,mx MEX,MF,West Ham,27-169,1997,18.1,763,890,85.7,12894,3657,372,419,88.8,322,359,89.7,61,83,73.5,1,0.8,0.8,+0.2,11,80,11,3,75,Matches
Will Alves,eng ENG,FW,Leicester City,20-067,2005,0.0,1,1,100.0,12,0,1,1,100.0,0,0,,0,0,,0,0.0,0.0,0.0,0,0,0,0,0,Matches
Harry Amass,eng ENG,DF,Manchester Utd,18-026,2007,0.2,14,20,70.0,158,47,8,9,88.9,4,9,44.4,1,1,100.0,0,0.0,0.0,0.0,0,1,0,0,1,Matches
Samuel Amo-Ameyaw,eng ENG,"FW,DF",Southampton,18-267,2006,0.3,8,9,88.9,107,13,6,6,100.0,2,3,66.7,0,0,,0,0.1,0.1,-0.1,1,0,1,1,0,Matches
Mathis Amougou,fr FRA,MF,Chelsea,19-083,2006,0.1,7,7,100.0,69,30,6,6,100.0,1,1,100.0,0,0,,0,0.0,0.0,0.0,0,2,0,0,1,Matches
Joachim Andersen,dk DEN,DF,Crystal Palace,28-315,1996,1.0,61,83,73.5,1227,526,19,21,90.5,31,37,83.8,9,21,42.9,0,0.0,0.0,0.0,0,9,1,0,4,Matches
Joachim Andersen,dk DEN,DF,Fulham,28-315,1996,21.7,1291,1553,83.1,28499,11522,352,383,91.9,715,763,93.7,215,382,56.3,0,0.3,0.4,-0.3,3,151,4,1,95,Matches
Elliot Anderson,eng ENG,MF,Nott'ham Forest,22-156,2002,23.7,812,1036,78.4,12860,4401,428,482,88.8,298,369,80.8,55,119,46.2,6,3.0,3.2,+3.0,32,81,15,2,108,Matches
André,br BRA,MF,Wolves,23-269,2001,21.2,927,1000,92.7,14806,4152,468,492,95.1,369,386,95.6,58,73,79.5,0,0.6,0.5,-0.6,12,88,4,0,83,Matches
Michail Antonio,jm JAM,FW,West Ham,35-014,1990,9.3,114,188,60.6,2183,424,52,72,72.2,37,62,59.7,22,31,71.0,1,1.6,0.9,-0.6,9,11,6,2,18,Matches
Antony,br BRA,"DF,MF",Manchester Utd,25-046,2000,1.6,56,69,81.2,688,111,45,51,88.2,9,14,64.3,1,1,100.0,0,0.1,0.2,-0.1,3,1,5,2,6,Matches
Julian Araujo,mx MEX,DF,Bournemouth,23-241,2001,3.9,131,166,78.9,2297,759,60,67,89.6,61,71,85.9,9,22,40.9,0,0.0,0.0,0.0,0,15,1,0,14,Matches
Cameron Archer,eng ENG,FW,Southampton,23-264,2001,13.9,170,210,81.0,2235,321,110,127,86.6,46,51,90.2,5,9,55.6,0,0.3,0.6,-0.3,2,5,7,0,13,Matches
Alphonse Areola,fr FRA,GK,West Ham,32-043,1993,19.1,539,769,70.1,14590,9983,108,109,99.1,264,277,95.3,165,374,44.1,0,0.0,0.0,0.0,0,7,0,0,0,Matches
Joe Aribo,ng NGA,"MF,DF",Southampton,28-264,1996,21.2,878,992,88.5,13041,2506,480,526,91.3,341,375,90.9,31,45,68.9,0,1.6,1.2,-1.6,16,50,4,1,71,Matches
Adam Armstrong,eng ENG,"FW,MF",Southampton,28-060,1997,13.9,231,288,80.2,3320,446,138,158,87.3,81,95,85.3,6,13,46.2,2,1.2,0.6,+0.8,9,10,8,2,21,Matches
Harrison Armstrong,eng ENG,MF,Everton,18-082,2007,0.5,7,15,46.7,149,15,3,4,75.0,2,5,40.0,2,4,50.0,0,0.1,0.0,-0.1,1,1,0,0,1,Matches
Kepa Arrizabalaga,es ESP,GK,Bournemouth,30-190,1994,24.0,567,793,71.5,15640,10793,90,92,97.8,291,297,98.0,185,397,46.6,0,0.0,0.0,0.0,1,8,0,0,0,Matches
Marco Asensio,es ESP,"MF,FW",Aston Villa,29-080,1996,3.4,106,130,81.5,1505,372,59,65,90.8,37,42,88.1,5,13,38.5,1,0.3,0.2,+0.7,5,10,6,1,22,Matches
Brandon Austin,eng ENG,GK,Tottenham,26-093,1999,1.0,22,32,68.8,526,386,7,7,100.0,9,9,100.0,6,16,37.5,0,0.0,0.0,0.0,0,0,0,0,0,Matches
Taiwo Awoniyi,ng NGA,FW,Nott'ham Forest,27-242,1997,4.0,57,87,65.5,629,135,40,53,75.5,13,24,54.2,0,4,0.0,0,0.1,0.1,-0.1,2,5,2,0,7,Matches
Yasin Ayari,se SWE,MF,Brighton,21-187,2003,17.1,600,747,80.3,9004,2425,349,383,91.1,210,252,83.3,26,74,35.1,1,2.1,2.1,-1.1,26,36,14,2,58,Matches
Jordan Ayew,gh GHA,"FW,MF",Crystal Palace,33-212,1991,0.2,8,10,80.0,167,4,3,3,100.0,4,6,66.7,1,1,100.0,0,0.0,0.0,0.0,1,0,0,0,0,Matches
Jordan Ayew,gh GHA,"FW,MF",Leicester City,33-212,1991,14.6,316,437,72.3,4618,894,174,203,85.7,111,151,73.5,16,45,35.6,0,0.8,1.2,-0.8,12,20,11,6,31,Matches
Benoît Badiashile,fr FRA,DF,Chelsea,24-016,2001,3.7,273,304,89.8,4820,1473,111,119,93.3,135,144,93.8,21,32,65.6,0,0.0,0.1,0.0,0,37,1,0,17,Matches
Leon Bailey,jm JAM,"FW,MF",Aston Villa,27-245,1997,12.6,273,386,70.7,4275,1048,149,183,81.4,99,122,81.1,18,38,47.4,2,1.5,2.9,+0.5,16,16,20,2,35,Matches
Carlos Baleba,cm CMR,MF,Brighton,21-098,2004,22.9,831,959,86.7,13942,3603,405,439,92.3,329,364,90.4,77,118,65.3,1,1.1,1.1,-0.1,18,92,22,2,99,Matches
Ross Barkley,eng ENG,MF,Aston Villa,31-127,1993,6.2,317,367,86.4,4962,1155,164,186,88.2,134,145,92.4,13,18,72.2,1,0.6,0.4,+0.4,8,29,6,0,32,Matches
Harvey Barnes,eng ENG,FW,Newcastle Utd,27-123,1997,12.0,300,381,78.7,4229,1338,194,226,85.8,94,125,75.2,9,15,60.0,3,3.1,3.5,-0.1,17,17,28,6,56,Matches
Calvin Bassey,ng NGA,DF,Fulham,25-101,1999,28.2,1586,1770,89.6,27959,9535,672,710,94.6,772,819,94.3,114,186,61.3,0,0.1,0.3,-0.1,2,112,1,0,89,Matches
Jan Bednarek,pl POL,DF,Southampton,28-364,1996,23.1,1390,1504,92.4,24478,8021,535,562,95.2,752,798,94.2,91,118,77.1,0,0.5,0.8,-0.5,5,66,0,0,55,Matches
Armel Bella Kotchap,de GER,DF,Southampton,23-121,2001,3.7,202,224,90.2,3829,956,65,66,98.5,119,123,96.7,16,29,55.2,0,0.0,0.0,0.0,0,6,0,0,5,Matches
Jean-Ricner Bellegarde,fr FRA,"MF,FW",Wolves,26-288,1998,16.0,395,496,79.6,6117,1202,230,257,89.5,125,154,81.2,30,50,60.0,6,3.6,2.5,+2.4,26,27,15,7,35,Matches
Rodrigo Bentancur,uy URU,MF,Tottenham,27-290,1997,15.5,829,937,88.5,13241,3219,409,444,92.1,357,385,92.7,40,55,72.7,0,0.4,0.9,-0.4,9,94,11,2,84,Matches
Sander Berge,no NOR,MF,Fulham,27-056,1998,20.3,890,982,90.6,15889,3769,368,404,91.1,423,451,93.8,84,100,84.0,0,0.6,0.5,-0.6,17,96,3,0,94,Matches
Lucas Bergvall,se SWE,MF,Tottenham,19-068,2006,12.0,585,661,88.5,9628,1912,285,308,92.5,239,262,91.2,45,61,73.8,1,0.5,0.8,+0.5,10,49,7,3,45,Matches
Victor Bernth Kristiansen,dk DEN,DF,Leicester City,22-116,2002,26.4,1007,1297,77.6,16181,5793,510,569,89.6,411,513,80.1,65,157,41.4,1,1.4,1.7,-0.4,18,74,23,18,69,Matches
Beto,gw GNB,FW,Everton,27-070,1998,11.9,108,187,57.8,1464,150,64,94,68.1,29,57,50.9,6,7,85.7,0,0.7,0.2,-0.7,7,4,2,0,8,Matches
Philip Billing,dk DEN,MF,Bournemouth,28-304,1996,2.0,70,102,68.6,1023,400,43,51,84.3,19,27,70.4,4,15,26.7,0,1.1,1.0,-1.1,9,9,7,2,15,Matches
Yves Bissouma,ml MLI,MF,Tottenham,28-224,1996,12.8,654,734,89.1,9984,2654,354,382,92.7,243,261,93.1,33,53,62.3,0,0.3,0.6,-0.3,6,55,10,1,69,Matches
Oscar Bobb,no NOR,FW,Manchester City,21-273,2003,0.1,2,2,100.0,37,15,1,1,100.0,1,1,100.0,0,0,,0,0.0,0.0,0.0,0,0,0,0,0,Matches
Lamare Bogarde,nl NED,"DF,MF",Aston Villa,21-096,2004,5.3,240,272,88.2,3682,1154,129,139,92.8,107,116,92.2,3,9,33.3,0,0.1,0.1,-0.1,2,24,1,0,14,Matches
Willy Boly,ci CIV,DF,Nott'ham Forest,34-067,1991,1.7,55,70,78.6,1010,477,20,22,90.9,30,32,93.8,4,15,26.7,0,0.0,0.0,0.0,0,3,0,0,2,Matches
Sven Botman,nl NED,DF,Newcastle Utd,25-089,2000,2.5,113,128,88.3,1909,767,54,64,84.4,50,51,98.0,6,9,66.7,0,0.0,0.0,0.0,0,6,0,0,3,Matches
Jarrod Bowen,eng ENG,"FW,MF",West Ham,28-112,1996,26.3,463,652,71.0,7656,2318,252,303,83.2,156,204,76.5,43,82,52.4,5,5.3,5.3,-0.3,44,36,39,6,80,Matches
Conor Bradley,nir NIR,DF,Liverpool,21-276,2003,4.4,260,312,83.3,3892,1008,150,164,91.5,98,110,89.1,7,23,30.4,1,0.3,0.3,+0.7,2,13,2,1,18,Matches
Jarrad Branthwaite,eng ENG,DF,Everton,22-288,2002,22.1,720,886,81.3,13969,5467,267,302,88.4,367,402,91.3,81,158,51.3,1,0.6,0.3,+0.4,2,65,2,0,49,Matches
James Bree,eng ENG,DF,Southampton,27-182,1997,9.9,437,521,83.9,6984,1895,208,229,90.8,197,223,88.3,24,47,51.1,1,0.9,0.7,+0.1,10,25,6,5,30,Matches
Ben Brereton,cl CHI,FW,Southampton,25-358,1999,5.0,128,166,77.1,1836,383,83,95,87.4,36,53,67.9,7,11,63.6,0,0.1,0.1,-0.1,3,9,2,1,9,Matches
Nathan Broadhead,wls WAL,"MF,FW",Ipswich Town,27-006,1998,6.6,147,191,77.0,2116,413,89,102,87.3,51,64,79.7,3,11,27.3,0,0.6,1.0,-0.6,6,10,4,0,11,Matches
Armando Broja,al ALB,FW,Everton,23-213,2001,2.3,34,43,79.1,421,90,22,26,84.6,8,9,88.9,2,3,66.7,0,0.1,0.1,-0.1,2,2,0,0,2,Matches
David Brooks,wls WAL,"FW,MF",Bournemouth,27-277,1997,8.8,228,311,73.3,3546,1098,128,152,84.2,78,103,75.7,16,33,48.5,0,1.7,1.6,-1.7,15,15,14,5,26,Matches
Emi Buendía,ar ARG,"MF,FW",Aston Villa,28-107,1996,1.1,49,60,81.7,624,166,33,36,91.7,12,14,85.7,1,5,20.0,0,0.0,0.0,0.0,1,4,1,0,7,Matches
Santiago Bueno,uy URU,DF,Wolves,26-153,1998,17.1,689,783,88.0,12663,3939,243,262,92.7,387,413,93.7,48,85,56.5,0,0.0,0.1,0.0,0,21,1,0,27,Matches
Facundo Buonanotte,ar ARG,"FW,MF",Leicester City,20-109,2004,15.5,413,536,77.1,6526,1638,226,263,85.9,139,170,81.8,33,67,49.3,2,3.0,2.2,-1.0,23,36,13,2,49,Matches
Cameron Burgess,au AUS,DF,Ipswich Town,29-172,1995,12.5,488,602,81.1,8758,4126,206,227,90.7,227,261,87.0,48,98,49.0,1,0.5,0.3,+0.5,5,38,3,0,36,Matches
Dan Burn,eng ENG,DF,Newcastle Utd,32-337,1992,29.0,1361,1521,89.5,24481,8671,497,543,91.5,776,817,95.0,79,128,61.7,0,0.5,0.8,-0.5,5,24,6,0,45,Matches
Wes Burns,wls WAL,"FW,DF",Ipswich Town,30-139,1994,10.3,153,253,60.5,2416,597,82,102,80.4,51,78,65.4,14,36,38.9,1,1.6,1.2,-0.6,10,8,8,7,8,Matches
Moisés Caicedo,ec ECU,MF,Chelsea,23-160,2001,30.2,1642,1832,89.6,28489,7431,728,791,92.0,742,801,92.6,140,180,77.8,2,2.8,2.5,-0.8,26,194,28,2,166,Matches
Tom Cairney,sct SCO,MF,Fulham,34-081,1991,4.9,433,470,92.1,6800,1478,238,252,94.4,165,173,95.4,26,33,78.8,0,0.7,0.9,-0.7,8,43,7,3,45,Matches
Jens Cajuste,se SWE,MF,Ipswich Town,25-244,1999,17.8,534,646,82.7,8899,1793,242,271,89.3,253,296,85.5,27,53,50.9,0,0.6,0.6,-0.6,10,42,5,1,44,Matches
Riccardo Calafiori,it ITA,DF,Arsenal,22-327,2002,10.3,449,526,85.4,6549,1644,272,297,91.6,150,175,85.7,19,28,67.9,1,0.3,0.7,+0.7,6,40,9,1,54,Matches
Dominic Calvert-Lewin,eng ENG,FW,Everton,28-026,1997,17.5,174,278,62.6,2035,488,126,180,70.0,35,60,58.3,3,8,37.5,1,0.6,0.7,+0.4,7,19,5,1,19,Matches
Diego Carlos,br BRA,DF,Aston Villa,32-027,1993,9.2,534,603,88.6,10941,4103,138,151,91.4,341,362,94.2,54,83,65.1,0,0.0,0.1,0.0,0,23,1,0,34,Matches
Fabio Carvalho,pt POR,"FW,MF",Brentford,22-224,2002,5.1,126,178,70.8,1755,442,78,94,83.0,32,45,71.1,7,18,38.9,1,0.7,0.6,+0.3,4,11,5,1,17,Matches
Casemiro,br BRA,MF,Manchester Utd,33-047,1992,14.1,637,809,78.7,10614,3279,303,351,86.3,256,305,83.9,56,92,60.9,0,2.2,1.9,-2.2,19,64,19,6,65,Matches
Kaelan Casey,eng ENG,DF,West Ham,20-165,2004,0.0,0,0,,0,0,0,0,,0,0,,0,0,,0,0.0,0.0,0.0,0,0,0,0,0,Matches
Matty Cash,pl POL,DF,Aston Villa,27-247,1997,16.4,523,670,78.1,8602,2612,258,288,89.6,223,283,78.8,31,65,47.7,1,1.1,1.1,-0.1,10,32,5,4,32,Matches
Eiran Cashin,ie IRL,DF,Brighton,23-153,2001,0.2,22,26,84.6,391,187,9,10,90.0,12,12,100.0,1,4,25.0,0,0.0,0.0,0.0,0,4,0,0,5,Matches
Timothy Castagne,be BEL,DF,Fulham,29-127,1995,16.9,725,883,82.1,11618,3674,363,401,90.5,308,359,85.8,36,71,50.7,1,1.2,0.5,-0.2,9,47,5,3,58,Matches
Trevoh Chalobah,eng ENG,DF,Crystal Palace,25-280,1999,11.8,349,442,79.0,6831,2195,125,141,88.7,178,209,85.2,42,82,51.2,0,0.4,0.3,-0.4,4,27,2,1,34,Matches
Trevoh Chalobah,eng ENG,DF,Chelsea,25-280,1999,5.3,326,361,90.3,5861,1800,134,142,94.4,162,171,94.7,26,40,65.0,1,1.2,0.2,-0.2,3,23,1,0,18,Matches
Conor Chaplin,eng ENG,"MF,FW",Ipswich Town,28-054,1997,6.9,171,233,73.4,2676,699,85,102,83.3,75,96,78.1,6,17,35.3,1,0.6,0.6,+0.4,6,17,7,2,25,Matches
Youssef Chermiti,pt POR,"FW,MF",Everton,20-322,2004,0.2,2,5,40.0,44,9,1,3,33.3,0,0,,1,1,100.0,0,0.0,0.0,0.0,0,0,0,0,1,Matches
Federico Chiesa,it ITA,FW,Liverpool,27-168,1997,0.4,21,25,84.0,247,63,15,16,93.8,4,6,66.7,1,1,100.0,0,0.0,0.1,0.0,0,3,0,0,2,Matches
Ben Chilwell,eng ENG,DF,Crystal Palace,28-111,1996,1.2,35,55,63.6,485,126,22,26,84.6,12,20,60.0,1,9,11.1,0,0.2,0.3,-0.2,2,4,2,0,3,Matches
Chiquinho,pt POR,MF,Wolves,25-065,2000,0.1,3,3,100.0,71,22,1,1,100.0,1,1,100.0,1,1,100.0,0,0.0,0.0,0.0,1,0,1,1,0,Matches
Hamza Choudhury,bd BAN,"MF,DF",Leicester City,27-192,1997,1.5,72,84,85.7,991,249,47,50,94.0,23,29,79.3,2,4,50.0,0,0.4,0.2,-0.4,2,10,1,1,3,Matches
Ryan Christie,sct SCO,MF,Bournemouth,30-048,1995,23.5,837,1056,79.3,14882,4269,368,417,88.2,378,430,87.9,82,168,48.8,3,3.5,3.0,-0.5,41,118,33,5,137,Matches
Harry Clarke,eng ENG,DF,Ipswich Town,24-040,2001,4.2,190,236,80.5,3442,1226,87,95,91.6,77,88,87.5,23,40,57.5,0,0.0,0.1,0.0,1,21,1,0,14,Matches
Jack Clarke,eng ENG,"FW,MF",Ipswich Town,24-139,2000,9.9,237,309,76.7,3880,944,121,139,87.1,101,115,87.8,12,26,46.2,4,1.9,0.9,+2.1,20,21,5,0,28,Matches
Nathaniel Clyne,eng ENG,"DF,MF",Crystal Palace,34-006,1991,5.1,165,217,76.0,3026,1102,67,83,80.7,83,93,89.2,14,30,46.7,0,0.3,0.2,-0.3,3,16,2,1,7,Matches
Conor Coady,eng ENG,DF,Leicester City,32-045,1993,12.0,617,680,90.7,10705,4058,260,268,97.0,319,331,96.4,37,68,54.4,0,0.1,0.5,-0.1,1,28,2,0,26,Matches
Séamus Coleman,ie IRL,DF,Everton,36-182,1988,2.2,57,79,72.2,1046,504,27,29,93.1,24,31,77.4,6,16,37.5,0,0.0,0.0,0.0,0,6,0,0,8,Matches
Nathan Collins,ie IRL,DF,Brentford,23-346,2001,31.0,1429,1666,85.8,27106,9182,486,551,88.2,817,884,92.4,114,193,59.1,1,1.4,1.2,-0.4,7,92,7,2,106,Matches
Toby Collyer,eng ENG,MF,Manchester Utd,21-098,2004,2.0,76,92,82.6,1127,121,37,43,86.0,32,37,86.5,3,4,75.0,0,0.3,0.4,-0.3,2,3,1,0,5,Matches
Levi Colwill,eng ENG,DF,Chelsea,22-044,2003,28.0,1955,2183,89.6,35488,12539,687,740,92.8,1130,1191,94.9,117,200,58.5,1,1.1,1.1,-0.1,12,129,6,2,109,Matches
Lewis Cook,eng ENG,"MF,DF",Bournemouth,28-067,1997,28.6,1071,1400,76.5,18616,6477,474,558,84.9,475,563,84.4,101,220,45.9,3,4.1,3.6,-1.1,46,144,25,10,147,Matches
Maxwel Cornet,ci CIV,FW,Southampton,28-196,1996,0.8,17,22,77.3,262,37,9,10,90.0,6,8,75.0,1,2,50.0,0,0.0,0.0,0.0,0,0,0,0,0,Matches
Vladimír Coufal,cz CZE,DF,West Ham,32-232,1992,8.2,297,390,76.2,4984,1993,147,168,87.5,119,153,77.8,25,56,44.6,0,0.6,0.9,-0.6,6,28,12,7,28,Matches
Woyo Coulibaly,fr FRA,DF,Leicester City,25-326,1999,1.2,48,57,84.2,797,314,28,34,82.4,16,19,84.2,4,4,100.0,0,0.0,0.0,0.0,0,3,0,0,3,Matches
Aaron Cresswell,eng ENG,DF,West Ham,35-117,1989,6.5,355,440,80.7,6769,2697,157,173,90.8,152,177,85.9,45,82,54.9,0,1.1,1.2,-1.1,7,40,4,1,24,Matches
Marc Cucurella,es ESP,DF,Chelsea,26-263,1998,26.2,1359,1543,88.1,21166,5932,689,730,94.4,590,657,89.8,52,94,55.3,1,1.7,2.0,-0.7,15,100,10,3,91,Matches
Jorge Cuenca,es ESP,DF,Fulham,25-145,1999,2.9,102,122,83.6,1768,637,34,38,89.5,60,68,88.2,6,14,42.9,0,0.0,0.0,0.0,0,7,0,0,9,Matches
Matheus Cunha,br BRA,"MF,FW",Wolves,25-319,1999,23.8,638,908,70.3,10202,3454,361,430,84.0,182,243,74.9,68,156,43.6,4,6.6,4.4,-2.6,43,78,48,9,112,Matches
Patson Daka,zm ZAM,"FW,MF",Leicester City,26-184,1998,6.5,91,127,71.7,1272,202,55,69,79.7,30,41,73.2,2,2,100.0,0,0.0,0.1,0.0,0,5,1,0,8,Matches
Diogo Dalot,pt POR,DF,Manchester Utd,26-024,1999,29.6,1290,1600,80.6,20836,6340,665,742,89.6,504,613,82.2,91,161,56.5,2,1.9,2.4,+0.1,24,57,23,8,96,Matches
Mikkel Damsgaard,dk DEN,"MF,FW",Brentford,24-282,2000,25.9,899,1233,72.9,15309,6066,455,533,85.4,311,424,73.3,106,201,52.7,10,7.3,5.7,+2.7,55,136,58,15,195,Matches
Danilo,br BRA,"MF,FW",Nott'ham Forest,23-347,2001,2.3,74,93,79.6,1226,456,35,42,83.3,29,35,82.9,6,7,85.7,0,0.0,0.0,0.0,0,10,0,0,10,Matches
Jayden Danns,eng ENG,MF,Liverpool,19-085,2006,0.1,1,1,100.0,6,0,1,1,100.0,0,0,,0,0,,0,0.0,0.0,0.0,0,0,0,0,0,Matches
Kevin Danso,at AUT,DF,Tottenham,26-204,1998,3.9,261,287,90.9,4534,1497,97,104,93.3,150,159,94.3,11,20,55.0,0,0.0,0.1,0.0,1,14,1,1,7,Matches
Ben Davies,wls WAL,DF,Tottenham,31-352,1993,9.0,576,643,89.6,10749,4425,197,212,92.9,318,336,94.6,50,73,68.5,0,0.1,0.2,-0.1,1,32,1,0,38,Matches
Leif Davis,eng ENG,DF,Ipswich Town,25-089,2000,27.5,833,1167,71.4,14326,5672,390,455,85.7,358,464,77.2,73,195,37.4,2,4.3,4.2,-2.3,53,29,26,11,55,Matches
Craig Dawson,eng ENG,DF,Wolves,34-340,1990,10.8,484,559,86.6,9745,3180,149,161,92.5,267,287,93.0,57,95,60.0,0,0.0,0.1,0.0,2,22,1,0,20,Matches
Kevin De Bruyne,be BEL,MF,Manchester City,33-287,1991,13.3,654,853,76.7,11147,3230,329,383,85.9,258,330,78.2,60,99,60.6,6,6.1,4.7,-0.1,41,64,44,9,116,Matches
Liam Delap,eng ENG,FW,Ipswich Town,22-062,2003,25.8,199,325,61.2,2780,618,111,158,70.3,63,100,63.0,9,22,40.9,2,1.9,1.4,+0.1,20,15,6,0,29,Matches
Sepp van den Berg,nl NED,DF,Brentford,23-112,2001,21.7,797,951,83.8,13543,4405,360,415,86.7,377,427,88.3,52,80,65.0,0,0.2,0.5,-0.2,4,49,3,1,58,Matches
Justin Devenny,nir NIR,MF,Crystal Palace,21-182,2003,3.7,99,141,70.2,1572,409,54,66,81.8,34,49,69.4,7,19,36.8,0,0.3,0.3,-0.3,5,13,2,1,10,Matches
Kiernan Dewsbury-Hall,eng ENG,"MF,FW",Chelsea,26-217,1998,2.9,127,151,84.1,1898,319,75,82,91.5,47,56,83.9,5,9,55.6,1,1.1,0.2,-0.1,3,12,3,0,14,Matches
Amad Diallo,ci CIV,"FW,MF",Manchester Utd,22-274,2002,17.7,658,794,82.9,9051,1880,407,450,90.4,185,217,85.3,33,63,52.4,6,3.9,3.6,+2.1,39,25,29,5,53,Matches
Rúben Dias,pt POR,DF,Manchester City,27-332,1997,18.2,1577,1685,93.6,27269,8899,665,686,96.9,812,845,96.1,81,116,69.8,0,0.3,0.9,-0.3,5,150,5,0,102,Matches
Luis Díaz,co COL,FW,Liverpool,28-088,1997,21.9,640,755,84.8,10318,2152,341,382,89.3,223,256,87.1,53,64,82.8,5,4.2,3.8,+0.8,47,40,37,4,96,Matches
Tyler Dibling,eng ENG,"FW,MF",Southampton,19-030,2006,18.0,435,539,80.7,6507,1387,242,269,90.0,163,192,84.9,17,40,42.5,0,1.5,1.4,-1.5,19,23,20,1,59,Matches
Lucas Digne,fr FRA,DF,Aston Villa,31-265,1993,23.9,893,1189,75.1,14338,4552,458,519,88.2,363,461,78.7,52,138,37.7,4,4.1,3.7,-0.1,34,41,27,17,51,Matches
Issa Diop,fr FRA,DF,Fulham,28-092,1997,14.9,663,758,87.5,12350,4179,233,252,92.5,379,408,92.9,46,87,52.9,0,0.1,0.1,-0.1,3,43,1,0,25,Matches
Axel Disasi,fr FRA,DF,Aston Villa,27-031,1998,5.1,238,272,87.5,4012,1502,100,106,94.3,129,142,90.8,8,15,53.3,0,0.4,0.3,-0.4,3,14,3,0,15,Matches
Axel Disasi,fr FRA,DF,Chelsea,27-031,1998,4.0,266,293,90.8,4218,1367,136,144,94.4,117,126,92.9,9,13,69.2,0,0.1,0.1,-0.1,2,20,2,0,16,Matches
Roman Dixon,eng ENG,DF,Everton,20-106,2004,1.0,11,19,57.9,205,111,6,8,75.0,4,8,50.0,1,3,33.3,0,0.0,0.0,0.0,0,3,0,0,0,Matches
Nasser Djiga,bf BFA,DF,Wolves,22-147,2002,0.2,8,8,100.0,113,32,4,4,100.0,4,4,100.0,0,0,,0,0.0,0.0,0.0,0,0,0,0,0,Matches
Matt Doherty,ie IRL,DF,Wolves,33-085,1992,19.6,890,1087,81.9,16480,5490,361,403,89.6,423,490,86.3,94,155,60.6,1,1.5,1.2,-0.5,11,85,13,1,73,Matches
Jeremy Doku,be BEL,"FW,MF",Manchester City,22-319,2002,14.1,497,625,79.5,6986,1268,327,378,86.5,152,185,82.2,12,18,66.7,4,3.5,3.1,+0.5,24,10,40,5,59,Matches
Nicolás Domínguez,ar ARG,"MF,FW",Nott'ham Forest,26-287,1998,16.6,628,727,86.4,9044,2614,358,393,91.1,206,231,89.2,27,44,61.4,0,1.2,1.3,-1.2,11,59,8,0,58,Matches
Patrick Dorgu,dk DEN,DF,Manchester Utd,20-167,2004,4.5,194,243,79.8,2707,663,124,142,87.3,61,82,74.4,4,9,44.4,0,0.4,1.0,-0.4,5,12,6,2,19,Matches
Alfie Dorrington,eng ENG,DF,Tottenham,19-356,2005,0.2,15,16,93.8,304,39,6,7,85.7,7,7,100.0,2,2,100.0,0,0.0,0.0,0.0,0,0,0,0,0,Matches
Abdoulaye Doucouré,ml MLI,MF,Everton,32-100,1993,23.9,602,760,79.2,9120,1917,318,376,84.6,224,271,82.7,35,49,71.4,1,2.0,1.1,-1.0,24,39,13,0,67,Matches
Cheick Doucouré,ml MLI,MF,Crystal Palace,25-093,2000,5.0,174,204,85.3,2909,823,84,94,89.4,70,78,89.7,16,20,80.0,0,0.0,0.1,0.0,1,17,3,0,19,Matches
Flynn Downes,eng ENG,MF,Southampton,26-081,1999,17.9,782,870,89.9,11569,2359,445,479,92.9,280,303,92.4,30,45,66.7,0,0.9,1.2,-0.9,12,47,9,0,55,Matches
Tommy Doyle,eng ENG,MF,Wolves,23-176,2001,5.4,321,392,81.9,6591,2010,112,119,94.1,138,155,89.0,61,93,65.6,1,0.5,0.3,+0.5,7,44,3,0,40,Matches
Radu Drăgușin,ro ROU,DF,Tottenham,23-067,2002,13.9,716,840,85.2,13638,5250,223,245,91.0,437,470,93.0,47,107,43.9,0,0.4,0.2,-0.4,4,52,2,1,37,Matches
Martin Dúbravka,sk SVK,GK,Newcastle Utd,36-086,1989,10.0,265,333,79.6,5932,3082,58,58,100.0,161,161,100.0,45,112,40.2,0,0.0,0.0,0.0,0,0,0,0,0,Matches
Lewis Dunk,eng ENG,DF,Brighton,33-141,1991,19.1,1514,1668,90.8,28354,9124,560,579,96.7,813,855,95.1,129,207,62.3,0,0.5,0.7,-0.5,6,142,4,0,127,Matches
Jáder Durán,co COL,FW,Aston Villa,21-119,2003,7.1,115,163,70.6,1558,307,68,84,81.0,34,50,68.0,5,11,45.5,0,0.2,0.3,-0.2,4,10,1,0,13,Matches
Ederson,br BRA,GK,Manchester City,31-237,1993,21.0,664,758,87.6,16312,10785,118,118,100.0,391,398,98.2,153,239,64.0,3,0.8,0.0,+2.2,3,19,1,0,1,Matches
George Edmundson,eng ENG,DF,Ipswich Town,27-223,1997,0.0,1,2,50.0,9,0,1,1,100.0,0,0,,0,0,,0,0.0,0.0,0.0,0,0,0,0,0,Matches
Odsonne Édouard,fr FRA,"MF,FW",Crystal Palace,27-085,1998,1.3,17,28,60.7,230,46,11,16,68.8,4,7,57.1,1,1,100.0,0,0.0,0.0,0.0,1,2,0,0,4,Matches
Odsonne Édouard,fr FRA,FW,Leicester City,27-085,1998,0.3,6,8,75.0,59,5,3,4,75.0,1,1,100.0,0,0,,0,0.0,0.0,0.0,1,0,0,0,1,Matches
Samuel Edozie,eng ENG,"DF,FW",Southampton,22-073,2003,0.7,25,33,75.8,316,67,19,21,90.5,6,7,85.7,0,3,0.0,0,0.1,0.2,-0.1,1,0,3,0,4,Matches
Ronnie Edwards,eng ENG,DF,Southampton,22-014,2003,0.1,5,5,100.0,109,0,0,0,,5,5,100.0,0,0,,0,0.0,0.0,0.0,0,0,0,0,0,Matches
Anthony Elanga,se SWE,FW,Nott'ham Forest,22-349,2002,21.9,410,631,65.0,5916,2017,248,294,84.4,108,171,63.2,34,101,33.7,8,4.3,3.8,+3.7,39,25,22,6,46,Matches
Harvey Elliott,eng ENG,"MF,FW",Liverpool,22-007,2003,1.8,134,168,79.8,2369,571,72,78,92.3,44,58,75.9,14,21,66.7,1,0.8,0.4,+0.2,4,12,4,0,23,Matches
Yunus Emre Konak,tr TUR,"FW,MF",Brentford,19-091,2006,0.3,20,27,74.1,329,76,12,15,80.0,5,6,83.3,3,4,75.0,0,0.0,0.0,0.0,0,1,0,0,2,Matches
Julio Enciso,py PAR,"FW,MF",Ipswich Town,21-078,2004,4.8,106,150,70.7,1671,554,53,68,77.9,38,52,73.1,7,12,58.3,2,1.0,0.7,+1.0,7,9,5,0,18,Matches
Julio Enciso,py PAR,"MF,FW",Brighton,21-078,2004,3.3,99,150,66.0,1464,392,61,75,81.3,29,40,72.5,5,22,22.7,0,0.2,0.3,-0.2,5,13,4,1,14,Matches
Wataru Endo,jp JPN,MF,Liverpool,32-061,1993,1.6,79,84,94.0,1254,294,40,42,95.2,31,32,96.9,5,5,100.0,0,0.0,0.0,0.0,1,8,1,0,9,Matches
Christian Eriksen,dk DEN,MF,Manchester Utd,33-056,1992,9.0,436,546,79.9,7387,2304,233,252,92.5,143,179,79.9,45,92,48.9,1,2.4,1.8,-1.4,21,41,6,1,40,Matches
Romain Esse,eng ENG,MF,Crystal Palace,19-333,2005,0.1,3,5,60.0,63,29,1,2,50.0,1,1,100.0,1,2,50.0,0,0.0,0.0,0.0,0,1,0,0,1,Matches
Pervis Estupiñán,ec ECU,DF,Brighton,27-080,1998,20.7,1055,1262,83.6,16073,4853,624,669,93.3,345,414,83.3,63,120,52.5,1,1.9,1.9,-0.9,22,73,27,18,86,Matches
Evanilson,br BRA,FW,Bournemouth,25-187,1999,19.1,173,249,69.5,2106,423,114,155,73.5,36,51,70.6,8,10,80.0,0,1.5,1.5,-1.5,21,12,2,0,17,Matches
Jonny Evans,nir NIR,DF,Manchester Utd,37-098,1988,3.2,174,196,88.8,2809,784,82,87,94.3,81,90,90.0,6,12,50.0,0,0.0,0.0,0.0,0,9,1,0,8,Matches
Eberechi Eze,eng ENG,"MF,FW",Crystal Palace,26-286,1998,23.3,660,887,74.4,11071,2930,325,380,85.5,258,311,83.0,60,138,43.5,8,4.7,3.4,+3.3,51,44,30,3,83,Matches
Łukasz Fabiański,pl POL,GK,West Ham,39-358,1985,11.9,304,454,67.0,8756,6129,53,53,100.0,147,148,99.3,104,252,41.3,0,0.0,0.0,0.0,0,4,0,0,0,Matches
Wout Faes,be BEL,DF,Leicester City,27-008,1998,25.3,1082,1245,86.9,20017,6917,418,448,93.3,572,605,94.5,89,171,52.0,0,0.1,0.4,-0.1,4,72,5,0,72,Matches
Abdul Fatawu Issahaku,gh GHA,FW,Leicester City,21-034,2004,6.4,123,197,62.4,2150,601,59,81,72.8,45,59,76.3,16,33,48.5,2,1.6,1.4,+0.4,6,7,7,2,17,Matches
João Félix,pt POR,"FW,MF",Chelsea,25-152,1999,4.1,171,199,85.9,2588,663,95,105,90.5,62,68,91.2,10,15,66.7,1,1.0,0.5,0.0,6,22,8,0,26,Matches
Evan Ferguson,ie IRL,FW,West Ham,20-174,2004,1.6,25,32,78.1,290,11,20,24,83.3,4,6,66.7,0,1,0.0,0,0.3,0.3,-0.3,2,0,0,0,0,Matches
Evan Ferguson,ie IRL,FW,Brighton,20-174,2004,2.7,43,58,74.1,484,44,31,36,86.1,8,11,72.7,1,4,25.0,0,0.4,0.4,-0.4,3,1,0,0,1,Matches
Bruno Fernandes,pt POR,MF,Manchester Utd,30-215,1994,28.4,1388,1851,75.0,24560,8701,667,772,86.4,503,627,80.2,175,331,52.9,9,6.6,6.3,+2.4,75,166,60,9,251,Matches
Mateus Fernandes,pt POR,MF,Southampton,20-275,2004,25.8,884,1112,79.5,15050,3593,419,481,87.1,337,394,85.5,88,157,56.1,3,2.4,2.8,+0.6,27,78,19,4,120,Matches
Enzo Fernández,ar ARG,MF,Chelsea,24-084,2001,25.8,1266,1569,80.7,22233,6229,595,664,89.6,510,600,85.0,130,220,59.1,5,5.3,5.2,-0.3,62,140,31,4,173,Matches
Mark Flekken,nl NED,GK,Brentford,31-302,1993,29.4,1044,1425,73.3,30510,20751,132,135,97.8,564,579,97.4,348,704,49.4,1,0.2,0.1,+0.8,2,42,2,0,0,Matches
Phil Foden,eng ENG,"MF,FW",Manchester City,24-318,2000,18.7,742,883,84.0,11563,2445,443,489,90.6,224,251,89.2,62,104,59.6,2,4.7,5.1,-2.7,42,40,35,5,95,Matches
Wesley Fofana,fr FRA,DF,Chelsea,24-115,2000,13.0,724,803,90.2,12262,3415,306,326,93.9,385,416,92.5,26,42,61.9,0,0.4,0.2,-0.4,6,54,1,0,32,Matches
Carlos Forbs,pt POR,"MF,FW",Wolves,21-023,2004,2.6,56,87,64.4,739,228,36,48,75.0,18,25,72.0,1,5,20.0,0,0.0,0.1,0.0,1,2,3,1,8,Matches
Fraser Forster,eng ENG,GK,Tottenham,37-025,1988,7.0,168,198,84.8,3349,2105,54,55,98.2,86,90,95.6,23,47,48.9,0,0.0,0.0,0.0,0,1,0,0,0,Matches
Matheus França,br BRA,"MF,DF",Crystal Palace,21-010,2004,0.2,2,4,50.0,44,25,0,0,,2,4,50.0,0,0,,0,0.0,0.0,0.0,0,1,0,0,2,Matches
Ryan Fraser,sct SCO,"FW,DF",Southampton,31-046,1994,3.4,77,103,74.8,1121,208,43,46,93.5,28,40,70.0,3,10,30.0,0,0.1,0.1,-0.1,2,3,1,0,8,Matches
Niclas Füllkrug,de GER,FW,West Ham,32-061,1993,5.0,69,108,63.9,920,122,42,57,73.7,20,35,57.1,2,4,50.0,1,1.5,0.3,-0.5,9,4,2,0,5,Matches
Cody Gakpo,nl NED,FW,Liverpool,25-339,1999,16.3,375,492,76.2,5304,1363,233,269,86.6,112,166,67.5,16,28,57.1,3,3.5,2.7,-0.5,30,21,22,6,46,Matches
Idrissa Gana Gueye,sn SEN,MF,Everton,35-197,1989,27.2,960,1113,86.3,16143,4164,477,529,90.2,391,432,90.5,77,106,72.6,3,1.7,1.7,+1.3,19,117,8,3,112,Matches
Andrés García,es ESP,"DF,MF",Aston Villa,22-063,2003,3.5,169,195,86.7,2644,577,86,93,92.5,72,79,91.1,7,13,53.8,0,0.2,0.4,-0.2,3,9,8,5,15,Matches
Alejandro Garnacho,ar ARG,"MF,FW",Manchester Utd,20-284,2004,20.2,530,665,79.7,7473,967,337,376,89.6,144,175,82.3,26,44,59.1,1,2.8,1.8,-1.8,26,19,20,3,46,Matches
James Garner,eng ENG,"MF,DF",Everton,24-029,2001,10.7,313,447,70.0,5364,1826,142,175,81.1,134,170,78.8,30,70,42.9,1,1.1,1.0,-0.1,10,27,5,2,27,Matches
Tyrique George,eng ENG,FW,Chelsea,19-066,2006,1.0,36,43,83.7,480,72,19,20,95.0,14,17,82.4,0,2,0.0,1,0.7,0.3,+0.3,5,0,1,0,2,Matches
Morgan Gibbs-White,eng ENG,MF,Nott'ham Forest,25-074,2000,24.4,803,1019,78.8,12231,3802,450,529,85.1,260,315,82.5,56,95,58.9,7,4.4,4.2,+2.6,44,109,35,7,136,Matches
Billy Gilmour,sct SCO,MF,Brighton,23-304,2001,1.1,58,67,86.6,980,346,36,38,94.7,18,22,81.8,4,7,57.1,0,0.0,0.0,0.0,0,12,2,0,11,Matches
Ben Godfrey,eng ENG,DF,Ipswich Town,27-086,1998,1.2,46,55,83.6,632,232,30,33,90.9,15,17,88.2,0,0,,0,0.0,0.0,0.0,0,5,1,0,4,Matches
Martial Godo,eng ENG,FW,Fulham,22-028,2003,0.2,3,5,60.0,41,2,2,3,66.7,1,1,100.0,0,1,0.0,0,0.0,0.0,0.0,0,0,0,0,0,Matches
João Gomes,br BRA,MF,Wolves,24-058,2001,27.0,1112,1305,85.2,16136,4183,642,708,90.7,351,409,85.8,59,95,62.1,1,1.1,1.7,-0.1,20,104,21,1,140,Matches
Rodrigo Gomes,pt POR,"DF,FW",Wolves,21-278,2003,6.6,152,230,66.1,2270,814,89,115,77.4,54,79,68.4,6,22,27.3,0,0.8,0.7,-0.8,10,10,12,4,23,Matches
Toti Gomes,pt POR,DF,Wolves,26-085,1999,22.0,1076,1269,84.8,18229,6507,475,523,90.8,510,554,92.1,70,135,51.9,1,0.9,0.5,+0.1,7,65,5,3,63,Matches
Diego Gómez,py PAR,MF,Brighton,22-015,2003,4.4,181,228,79.4,2768,669,102,118,86.4,64,77,83.1,10,20,50.0,0,0.5,0.8,-0.5,5,12,4,1,18,Matches
Joe Gomez,eng ENG,DF,Liverpool,27-323,1997,5.8,377,425,88.7,6689,2299,155,170,91.2,191,204,93.6,26,42,61.9,0,0.1,0.1,-0.1,2,29,0,0,35,Matches
Nicolás González,es ESP,MF,Manchester City,23-098,2002,5.3,376,405,92.8,5635,1322,216,221,97.7,153,169,90.5,6,8,75.0,0,0.1,0.4,-0.1,1,37,2,0,33,Matches
Anthony Gordon,eng ENG,FW,Newcastle Utd,24-046,2001,23.4,612,850,72.0,9404,3173,342,401,85.3,206,268,76.9,45,111,40.5,5,4.9,4.8,+0.1,49,56,49,16,88,Matches
Ryan Gravenberch,nl NED,MF,Liverpool,22-330,2002,29.5,1473,1654,89.1,21936,5416,810,878,92.3,562,613,91.7,54,88,61.4,3,2.8,3.1,+0.2,24,126,28,1,149,Matches
Archie Gray,eng ENG,"DF,MF",Tottenham,19-030,2006,14.0,846,945,89.5,15054,4685,311,336,92.6,477,508,93.9,49,78,62.8,0,0.1,0.2,-0.1,2,30,0,0,27,Matches
Jack Grealish,eng ENG,"FW,MF",Manchester City,29-213,1995,8.0,373,426,87.6,5566,961,241,258,93.4,114,130,87.7,17,25,68.0,1,1.8,1.7,-0.8,24,23,16,0,52,Matches
Jacob Greaves,eng ENG,DF,Ipswich Town,24-211,2000,18.5,759,868,87.4,12401,4725,359,386,93.0,362,393,92.1,26,63,41.3,0,0.0,0.2,0.0,2,55,1,0,48,Matches
Brajan Gruda,de GER,"FW,MF",Brighton,20-315,2004,5.4,131,179,73.2,1737,586,85,103,82.5,30,42,71.4,8,21,38.1,1,0.7,0.6,+0.3,12,7,10,1,17,Matches
Albert Grønbaek,dk DEN,"FW,MF",Southampton,23-323,2001,1.6,13,18,72.2,135,43,9,11,81.8,2,4,50.0,0,0,,0,0.0,0.0,0.0,1,2,0,0,1,Matches
Gonçalo Guedes,pt POR,"MF,FW",Wolves,28-133,1996,8.6,186,256,72.7,3117,789,95,113,84.1,73,96,76.0,13,29,44.8,4,1.1,0.6,+2.9,11,13,16,5,30,Matches
Marc Guéhi,eng ENG,DF,Crystal Palace,24-272,2000,29.0,1271,1523,83.5,24571,10123,457,500,91.4,669,753,88.8,136,244,55.7,2,1.1,1.2,+0.9,10,115,9,3,119,Matches
Luis Guilherme,br BRA,"MF,FW",West Ham,19-061,2006,1.2,37,44,84.1,566,144,25,26,96.2,9,11,81.8,3,5,60.0,0,0.1,0.1,-0.1,3,1,3,2,3,Matches
Bruno Guimarães,br BRA,MF,Newcastle Utd,27-146,1997,28.6,1151,1404,82.0,18950,6390,576,639,90.1,446,512,87.1,93,159,58.5,6,5.3,4.4,+0.7,40,144,55,4,212,Matches
Marc Guiu,es ESP,FW,Chelsea,19-097,2006,0.8,11,16,68.8,110,4,9,13,69.2,1,2,50.0,0,0,,0,0.0,0.0,0.0,1,0,0,0,0,Matches
İlkay Gündoğan,de GER,MF,Manchester City,34-169,1990,18.9,1216,1364,89.1,18727,3661,694,738,94.0,428,461,92.8,72,122,59.0,3,2.5,3.5,+0.5,32,88,18,2,105,Matches
Malo Gusto,fr FRA,DF,Chelsea,21-327,2003,19.2,1095,1270,86.2,17892,4455,531,568,93.5,473,539,87.8,65,106,61.3,1,1.1,1.6,-0.1,17,100,14,4,103,Matches
Joško Gvardiol,hr CRO,DF,Manchester City,23-078,2002,29.4,1983,2192,90.5,31841,8265,983,1046,94.0,899,973,92.4,80,116,69.0,0,2.0,2.7,-2.0,25,189,19,1,218,Matches
Erling Haaland,no NOR,FW,Manchester City,24-264,2000,27.6,225,341,66.0,2706,532,156,221,70.6,50,75,66.7,4,6,66.7,3,2.8,1.8,+0.2,26,9,7,1,18,Matches
Lewis Hall,eng ENG,DF,Newcastle Utd,20-215,2004,24.3,1300,1592,81.7,21999,8891,653,715,91.3,525,617,85.1,104,202,51.5,4,4.3,3.7,-0.3,34,114,17,5,123,Matches
Ali Al Hamadi,iq IRQ,FW,Ipswich Town,23-041,2002,1.5,25,30,83.3,278,29,20,23,87.0,5,7,71.4,0,0,,0,0.1,0.0,-0.1,2,0,0,0,3,Matches
Marcus Harness,eng ENG,MF,Ipswich Town,29-046,1996,0.5,10,16,62.5,89,23,9,11,81.8,0,1,0.0,0,1,0.0,0,0.0,0.1,0.0,0,0,2,0,2,Matches
Jack Harrison,eng ENG,FW,Everton,28-142,1996,18.4,318,500,63.6,4941,1852,189,229,82.5,86,125,68.8,27,81,33.3,0,3.5,2.7,-3.5,28,22,19,7,36,Matches
Taylor Harwood-Bellis,eng ENG,DF,Southampton,23-071,2002,25.6,1623,1842,88.1,30077,10741,601,643,93.5,865,945,91.5,143,223,64.1,0,0.8,0.6,-0.8,12,159,8,0,107,Matches
Kai Havertz,de GER,"FW,MF",Arsenal,25-304,1999,20.4,401,511,78.5,4833,1010,281,334,84.1,94,114,82.5,5,11,45.5,3,2.4,1.7,+0.6,16,26,8,1,59,Matches
Ayden Heaven,eng ENG,DF,Manchester Utd,18-201,2006,1.1,40,49,81.6,695,185,14,17,82.4,24,27,88.9,1,3,33.3,0,0.0,0.0,0.0,0,2,0,0,2,Matches
Jan Paul van Hecke,nl NED,DF,Brighton,24-307,2000,27.9,1741,1967,88.5,34428,13099,593,634,93.5,939,1004,93.5,197,296,66.6,1,1.5,1.3,-0.5,13,188,15,4,199,Matches
Hwang Hee-chan,kr KOR,"MF,FW",Wolves,29-075,1996,7.1,155,191,81.2,2021,377,103,119,86.6,40,47,85.1,4,5,80.0,0,0.1,0.3,-0.1,3,6,4,2,11,Matches
Dean Henderson,eng ENG,GK,Crystal Palace,28-030,1997,30.0,601,970,62.0,16108,10426,146,147,99.3,297,299,99.3,154,519,29.7,0,0.1,0.0,-0.1,2,14,1,0,0,Matches
Rico Henry,eng ENG,DF,Brentford,27-277,1997,0.0,2,5,40.0,44,28,1,3,33.3,1,1,100.0,0,1,0.0,0,0.0,0.0,0.0,0,0,0,0,0,Matches
Mads Hermansen,dk DEN,GK,Leicester City,24-274,2000,23.5,579,937,61.8,15153,11036,136,138,98.6,274,289,94.8,169,506,33.4,0,0.0,0.0,0.0,0,19,1,0,1,Matches
Son Heung-min,kr KOR,FW,Tottenham,32-277,1992,22.3,703,890,79.0,9833,2671,437,487,89.7,192,240,80.0,36,75,48.0,9,8.2,5.1,+0.8,50,36,51,6,104,Matches
James Hill,eng ENG,DF,Bournemouth,23-091,2002,5.0,159,245,64.9,3098,1094,51,67,76.1,85,110,77.3,21,58,36.2,1,0.3,0.3,+0.7,3,20,6,0,16,Matches
Jack Hinshelwood,eng ENG,"DF,MF",Brighton,20-000,2005,15.7,663,798,83.1,10135,2564,384,416,92.3,216,257,84.0,47,91,51.6,0,0.9,1.3,-0.9,10,25,8,2,52,Matches
George Hirst,sct SCO,FW,Ipswich Town,26-055,1999,3.3,40,74,54.1,418,115,31,46,67.4,6,15,40.0,0,1,0.0,1,0.3,0.1,+0.7,3,0,3,0,10,Matches
Mason Holgate,eng ENG,"FW,DF",Everton,28-171,1996,0.1,2,2,100.0,55,0,0,0,,1,1,100.0,1,1,100.0,0,0.0,0.0,0.0,0,0,0,0,0,Matches
Callum Hudson-Odoi,eng ENG,FW,Nott'ham Forest,24-155,2000,22.0,629,765,82.2,9137,1889,378,410,92.2,187,228,82.0,38,77,49.4,2,2.7,2.5,-0.7,43,33,29,9,63,Matches
Will Hughes,eng ENG,MF,Crystal Palace,29-359,1995,18.3,603,787,76.6,9738,3425,299,338,88.5,242,292,82.9,42,106,39.6,3,2.5,2.1,+0.5,28,63,14,3,79,Matches
Dean Huijsen,es ESP,DF,Bournemouth,19-362,2005,20.8,1006,1203,83.6,20544,8245,318,357,89.1,537,592,90.7,141,225,62.7,1,1.9,1.5,-0.9,13,125,7,2,92,Matches
Omari Hutchinson,eng ENG,"MF,FW",Ipswich Town,21-163,2003,24.7,581,742,78.3,9129,1609,292,331,88.2,247,292,84.6,29,55,52.7,2,2.5,1.6,-0.5,23,43,20,9,69,Matches
Rasmus Højlund,dk DEN,FW,Manchester Utd,22-066,2003,17.2,194,252,77.0,2114,385,140,169,82.8,33,46,71.7,3,4,75.0,0,1.2,0.8,-1.2,13,10,4,0,15,Matches
Igor,br BRA,DF,Brighton,27-063,1998,10.0,628,682,92.1,11358,3723,248,257,96.5,337,354,95.2,40,56,71.4,0,0.2,0.3,-0.2,1,35,2,1,44,Matches
Danny Ings,eng ENG,"FW,MF",West Ham,32-262,1992,3.2,63,92,68.5,830,126,41,49,83.7,19,29,65.5,1,5,20.0,2,1.3,0.1,+0.7,6,4,1,0,5,Matches
Tim Iroegbunam,eng ENG,MF,Everton,21-285,2003,6.2,105,145,72.4,1779,582,46,64,71.9,41,49,83.7,13,19,68.4,1,0.2,0.1,+0.8,3,10,1,0,14,Matches
Andy Irving,sct SCO,MF,West Ham,24-333,2000,1.8,109,124,87.9,1705,439,61,64,95.3,36,43,83.7,9,9,100.0,0,0.2,0.1,-0.2,1,14,1,1,9,Matches
Alexander Isak,se SWE,FW,Newcastle Utd,25-202,1999,24.3,411,559,73.5,5786,1366,247,299,82.6,124,160,77.5,19,31,61.3,5,3.8,3.2,+1.2,36,31,20,0,68,Matches
Alex Iwobi,ng NGA,"FW,MF",Fulham,28-343,1996,27.4,935,1253,74.6,16156,4698,470,546,86.1,363,467,77.7,86,154,55.8,5,6.2,6.1,-1.2,51,94,68,13,171,Matches
Nicolas Jackson,sn SEN,FW,Chelsea,23-295,2001,20.7,246,330,74.5,3288,746,150,184,81.5,70,93,75.3,8,13,61.5,5,4.1,1.7,+0.9,27,19,6,1,30,Matches
Reece James,eng ENG,"DF,MF",Chelsea,25-124,1999,8.5,531,627,84.7,9538,3249,251,266,94.4,226,256,88.3,47,89,52.8,0,0.5,0.8,-0.5,9,67,5,1,46,Matches
Vitaly Janelt,de GER,MF,Brentford,26-336,1998,24.2,857,1035,82.8,14277,4252,432,476,90.8,342,400,85.5,65,114,57.0,3,2.2,2.3,+0.8,13,78,22,7,79,Matches
Vitezslav Jaros,cz CZE,GK,Liverpool,23-262,2001,0.1,6,8,75.0,302,273,0,0,,1,1,100.0,5,7,71.4,0,0.0,0.0,0.0,0,2,0,0,0,Matches
Daniel Jebbison,eng ENG,FW,Bournemouth,21-241,2003,0.8,25,30,83.3,228,36,17,19,89.5,1,1,100.0,0,1,0.0,0,0.2,0.1,-0.2,3,1,1,0,3,Matches
Mathias Jensen,dk DEN,MF,Brentford,29-100,1996,8.3,316,419,75.4,5833,2104,146,168,86.9,120,152,78.9,40,73,54.8,1,1.5,1.2,-0.5,14,36,16,2,53,Matches
Gabriel Jesus,br BRA,FW,Arsenal,28-008,1997,6.8,156,203,76.8,2030,378,103,128,80.5,41,47,87.2,4,6,66.7,0,0.7,0.5,-0.7,8,10,9,1,19,Matches
Raúl Jiménez,mx MEX,FW,Fulham,33-341,1991,21.4,363,513,70.8,5521,1224,209,258,81.0,108,143,75.5,28,47,59.6,3,2.8,1.8,+0.2,16,29,8,3,45,Matches
Kim Jisoo,kr KOR,DF,Brentford,20-108,2004,0.3,25,28,89.3,552,202,8,9,88.9,11,12,91.7,6,7,85.7,0,0.0,0.0,0.0,0,1,0,0,2,Matches
João Pedro,br BRA,"FW,MF",Brighton,23-197,2001,20.0,438,603,72.6,6242,1606,269,345,78.0,123,164,75.0,26,39,66.7,6,4.3,2.7,+1.7,24,38,34,4,71,Matches
Joelinton,br BRA,"MF,FW",Newcastle Utd,28-240,1996,24.0,787,945,83.3,11106,3182,486,552,88.0,254,291,87.3,27,48,56.3,1,1.6,1.9,-0.6,20,76,14,1,109,Matches
Ben Johnson,eng ENG,"DF,FW",Ipswich Town,25-077,2000,12.6,266,375,70.9,4251,1801,153,177,86.4,90,120,75.0,20,44,45.5,1,0.6,0.5,+0.4,7,19,1,1,22,Matches
Brennan Johnson,wls WAL,FW,Tottenham,23-323,2001,20.9,400,562,71.2,5227,1408,245,303,80.9,130,172,75.6,8,24,33.3,2,2.1,1.9,-0.1,18,24,29,5,62,Matches
Sam Johnstone,eng ENG,GK,Wolves,32-017,1993,7.0,184,278,66.2,5548,4270,31,32,96.9,80,82,97.6,72,160,45.0,0,0.0,0.0,0.0,1,6,0,0,0,Matches
Curtis Jones,eng ENG,"MF,DF",Liverpool,24-071,2001,15.0,755,809,93.3,10971,2166,436,450,96.9,275,296,92.9,27,36,75.0,3,1.0,1.2,+2.0,19,52,14,0,74,Matches
Jorginho,it ITA,MF,Arsenal,33-112,1991,6.8,346,400,86.5,5408,1292,185,204,90.7,137,155,88.4,18,30,60.0,0,0.4,0.5,-0.4,3,36,8,0,42,Matches
Diogo Jota,pt POR,FW,Liverpool,28-128,1996,10.9,178,259,68.7,2570,597,98,128,76.6,60,81,74.1,9,17,52.9,3,1.8,1.1,+1.2,10,23,3,1,28,Matches
James Justin,eng ENG,DF,Leicester City,27-047,1998,27.1,976,1266,77.1,14988,4731,514,596,86.2,394,472,83.5,38,116,32.8,1,0.5,0.7,+0.5,12,65,19,7,75,Matches
Filip Jørgensen,dk DEN,GK,Chelsea,22-360,2002,6.0,158,189,83.6,2843,1649,64,64,100.0,79,81,97.5,11,40,27.5,0,0.0,0.0,0.0,0,1,0,0,0,Matches
Ferdi Kadioglu,tr TUR,"DF,MF",Brighton,25-186,1999,4.3,144,175,82.3,2372,698,73,82,89.0,61,74,82.4,9,14,64.3,0,0.2,0.3,-0.2,5,10,9,4,15,Matches
Daichi Kamada,jp JPN,MF,Crystal Palace,28-249,1996,12.3,430,542,79.3,6914,1860,232,264,87.9,166,204,81.4,24,41,58.5,0,1.1,1.0,-1.1,15,39,11,2,65,Matches
Boubacar Kamara,fr FRA,MF,Aston Villa,25-139,1999,13.3,608,683,89.0,9508,2929,307,328,93.6,266,292,91.1,22,42,52.4,0,0.5,0.4,-0.5,8,66,7,0,65,Matches
Michael Kayode,it ITA,DF,Brentford,20-275,2004,0.5,19,30,63.3,335,147,7,11,63.6,10,17,58.8,2,2,100.0,0,0.2,0.1,-0.2,2,2,1,1,1,Matches
Michael Keane,eng ENG,DF,Everton,32-090,1993,9.0,253,309,81.9,5832,1866,74,83,89.2,119,132,90.2,58,77,75.3,0,0.1,0.0,-0.1,2,17,0,0,12,Matches
Caoimhín Kelleher,ie IRL,GK,Liverpool,26-139,1998,10.0,289,382,75.7,6252,3968,99,99,100.0,147,147,100.0,43,135,31.9,0,0.0,0.0,0.0,0,6,0,0,0,Matches
Lloyd Kelly,eng ENG,DF,Newcastle Utd,26-187,1998,3.4,146,181,80.7,2636,867,57,65,87.7,78,87,89.7,10,24,41.7,1,0.5,0.1,+0.5,2,6,1,1,9,Matches
Milos Kerkez,hu HUN,DF,Bournemouth,21-155,2003,30.2,1060,1398,75.8,16755,5592,573,640,89.5,397,501,79.2,66,178,37.1,5,3.2,2.0,+1.8,27,76,32,20,130,Matches
Bilal El Khannouss,ma MAR,MF,Leicester City,20-336,2004,18.4,633,842,75.2,11268,3004,303,353,85.8,242,301,80.4,76,131,58.0,1,2.4,1.9,-1.4,25,70,24,5,104,Matches
Abdukodir Khusanov,uz UZB,DF,Manchester City,21-041,2004,5.6,360,395,91.1,6126,1976,160,169,94.7,191,197,97.0,6,23,26.1,0,0.1,0.1,-0.1,2,23,0,0,25,Matches
Max Kilman,eng ENG,DF,West Ham,27-323,1997,30.2,1357,1568,86.5,26393,8992,435,473,92.0,787,850,92.6,128,221,57.9,1,1.0,0.9,0.0,14,89,2,0,99,Matches
Joshua King,eng ENG,"MF,FW",Fulham,18-098,2007,0.9,32,37,86.5,477,92,18,20,90.0,13,15,86.7,0,1,0.0,0,0.4,0.7,-0.4,3,2,1,0,4,Matches
Antonín Kinský,cz CZE,GK,Tottenham,22-029,2003,4.0,116,145,80.0,2699,1686,17,17,100.0,73,76,96.1,23,48,47.9,0,0.1,0.0,-0.1,1,2,0,0,1,Matches
Jakub Kiwior,pl POL,DF,Arsenal,25-055,2000,5.5,247,283,87.3,4543,1406,91,98,92.9,139,148,93.9,16,30,53.3,0,0.2,0.1,-0.2,2,18,1,0,17,Matches
Justin Kluivert,nl NED,"MF,FW",Bournemouth,25-341,1999,21.5,451,622,72.5,7052,2015,247,300,82.3,152,202,75.2,38,72,52.8,6,4.7,3.2,+1.3,43,37,26,4,88,Matches
Ibrahima Konaté,fr FRA,DF,Liverpool,25-321,1999,22.8,1387,1535,90.4,25493,8847,485,517,93.8,824,868,94.9,69,129,53.5,2,0.9,0.8,+1.1,9,114,8,0,95,Matches
Ezri Konsa,eng ENG,DF,Aston Villa,27-170,1997,25.6,1249,1352,92.4,20884,6752,547,568,96.3,642,673,95.4,46,74,62.2,0,0.2,0.4,-0.2,3,80,1,0,60,Matches
Mateo Kovačić,hr CRO,MF,Manchester City,30-340,1994,19.7,1382,1488,92.9,21372,5553,741,777,95.4,577,603,95.7,48,77,62.3,1,3.4,2.7,-2.4,27,153,24,0,130,Matches
Caleb Kporha,eng ENG,DF,Crystal Palace,18-270,2006,0.1,5,7,71.4,72,21,4,4,100.0,0,2,0.0,1,1,100.0,0,0.0,0.0,0.0,0,0,1,1,0,Matches
Emil Krafth,se SWE,DF,Newcastle Utd,30-252,1994,2.8,67,90,74.4,1115,506,30,41,73.2,32,38,84.2,4,8,50.0,0,0.1,0.0,-0.1,1,3,0,0,2,Matches
Mohammed Kudus,gh GHA,"FW,MF",West Ham,24-252,2000,23.1,572,682,83.9,9372,1440,300,335,89.6,213,232,91.8,46,67,68.7,2,2.2,2.2,-0.2,26,35,24,12,64,Matches
Dejan Kulusevski,se SWE,"MF,FW",Tottenham,24-351,2000,23.9,611,831,73.5,8552,2762,371,431,86.1,183,237,77.2,31,76,40.8,4,6.1,3.8,-2.1,63,59,52,6,118,Matches
Maxence Lacroix,fr FRA,DF,Crystal Palace,25-005,2000,26.9,997,1210,82.4,20627,8236,260,305,85.2,616,675,91.3,115,202,56.9,1,0.4,0.6,+0.6,4,60,2,1,54,Matches
Adam Lallana,eng ENG,MF,Southampton,36-336,1988,4.0,221,260,85.0,2891,980,147,165,89.1,61,67,91.0,4,9,44.4,2,0.9,0.5,+1.1,4,21,9,3,24,Matches
Tariq Lamptey,gh GHA,DF,Brighton,24-193,2000,8.5,314,381,82.4,4884,1213,169,181,93.4,124,155,80.0,18,35,51.4,2,0.8,0.5,+1.2,5,11,5,4,12,Matches
Will Lankshear,eng ENG,"FW,MF",Tottenham,19-356,2005,0.1,0,1,0.0,0,0,0,1,0.0,0,0,,0,0,,0,0.0,0.0,0.0,0,0,0,0,0,Matches
Roméo Lavia,be BEL,MF,Chelsea,21-095,2004,6.0,269,293,91.8,4535,1211,127,141,90.1,125,130,96.2,14,17,82.4,1,0.7,0.3,+0.3,6,35,3,0,18,Matches
Mario Lemina,ga GAB,"MF,DF",Wolves,31-222,1993,15.2,493,613,80.4,9479,2966,176,207,85.0,249,284,87.7,58,95,61.1,3,1.1,1.2,+1.9,10,43,13,4,48,Matches
Bernd Leno,de GER,GK,Fulham,33-038,1992,31.0,945,1172,80.6,23152,13652,185,186,99.5,562,568,98.9,188,406,46.3,1,0.1,0.1,+0.9,2,14,2,0,0,Matches
Jefferson Lerma,co COL,"MF,DF",Crystal Palace,30-168,1994,19.1,661,881,75.0,11505,3981,317,366,86.6,269,338,79.6,61,131,46.6,1,1.5,1.5,-0.5,9,76,15,2,80,Matches
Rico Lewis,eng ENG,"DF,MF",Manchester City,20-141,2004,19.1,1060,1154,91.9,15247,2880,642,676,95.0,379,404,93.8,26,39,66.7,2,0.3,0.9,+1.7,7,88,13,0,99,Matches
Keane Lewis-Potter,eng ENG,"DF,FW",Brentford,24-048,2001,28.3,814,1055,77.2,13345,3969,444,499,89.0,275,348,79.0,71,141,50.4,2,2.5,4.5,-0.5,21,54,39,14,85,Matches
Myles Lewis-Skelly,eng ENG,DF,Arsenal,18-197,2006,10.3,463,514,90.1,6758,1515,273,286,95.5,170,191,89.0,11,17,64.7,0,0.2,0.3,-0.2,5,50,4,0,50,Matches
Matthijs de Ligt,nl NED,DF,Manchester Utd,25-242,1999,23.2,1225,1360,90.1,21549,5917,449,477,94.1,717,759,94.5,53,105,50.5,0,0.3,0.3,-0.3,6,63,2,1,55,Matches
Pedro Lima,br BRA,DF,Wolves,18-284,2006,0.8,28,38,73.7,457,188,14,17,82.4,11,14,78.6,3,5,60.0,0,0.1,0.1,-0.1,2,2,3,2,4,Matches
Victor Lindelöf,se SWE,DF,Manchester Utd,30-268,1994,3.1,92,101,91.1,1444,340,40,45,88.9,49,50,98.0,1,3,33.3,0,0.1,0.1,-0.1,3,5,2,1,5,Matches
Jesper Lindstrøm,dk DEN,FW,Everton,25-041,2000,13.8,297,428,69.4,4593,1335,194,225,86.2,65,99,65.7,29,65,44.6,1,2.0,2.0,-1.0,19,18,12,7,25,Matches
Valentino Livramento,eng ENG,DF,Newcastle Utd,22-150,2002,23.6,1049,1240,84.6,15531,5274,612,679,90.1,384,446,86.1,35,66,53.0,1,2.2,1.9,-1.2,18,79,21,5,114,Matches
Sean Longstaff,eng ENG,MF,Newcastle Utd,27-163,1997,8.6,277,329,84.2,4119,1130,154,177,87.0,102,111,91.9,14,21,66.7,0,0.2,0.2,-0.2,4,25,1,0,38,Matches
Saša Lukić,rs SRB,MF,Fulham,28-241,1996,20.9,904,1032,87.6,15271,3676,431,467,92.3,391,424,92.2,70,101,69.3,2,2.6,1.2,-0.6,21,81,11,4,75,Matches
Joe Lumley,eng ENG,GK,Southampton,30-055,1995,3.0,106,151,70.2,2342,1476,42,44,95.5,42,46,91.3,21,59,35.6,0,0.0,0.0,0.0,0,2,0,0,0,Matches
Massimo Luongo,au AUS,MF,Ipswich Town,32-198,1992,2.0,39,53,73.6,551,135,24,27,88.9,11,16,68.8,2,6,33.3,0,0.0,0.0,0.0,0,1,0,0,5,Matches
Ian Maatsen,nl NED,DF,Aston Villa,23-032,2002,7.9,400,491,81.5,6541,1778,195,222,87.8,175,206,85.0,22,36,61.1,2,2.3,2.1,-0.3,17,18,15,3,35,Matches
Alexis Mac Allister,ar ARG,MF,Liverpool,26-108,1998,25.5,1133,1350,83.9,17989,4958,591,657,90.0,439,495,88.7,75,127,59.1,3,4.1,4.4,-1.1,36,111,32,1,156,Matches
James Maddison,eng ENG,MF,Tottenham,28-139,1996,18.8,948,1172,80.9,15368,4622,454,500,90.8,388,454,85.5,69,151,45.7,6,3.9,5.7,+2.1,36,111,32,5,153,Matches
Noni Madueke,eng ENG,FW,Chelsea,23-032,2002,17.0,400,509,78.6,5899,1475,249,285,87.4,118,153,77.1,19,33,57.6,3,3.6,2.5,-0.6,24,10,31,6,58,Matches
Gabriel Magalhães,br BRA,DF,Arsenal,27-113,1997,26.3,1480,1641,90.2,25788,7938,598,617,96.9,782,830,94.2,83,154,53.9,1,0.9,1.2,+0.1,13,145,8,0,126,Matches
Edmond-Paris Maghoma,eng ENG,"MF,FW",Brentford,23-338,2001,1.3,76,84,90.5,1259,343,38,40,95.0,29,31,93.5,6,7,85.7,0,0.1,0.0,-0.1,1,2,0,0,13,Matches
Harry Maguire,eng ENG,DF,Manchester Utd,32-037,1993,15.8,788,913,86.3,14677,4900,295,322,91.6,420,461,91.1,63,109,57.8,0,0.3,0.2,-0.3,6,39,3,0,42,Matches
Kobbie Mainoo,eng ENG,MF,Manchester Utd,19-357,2005,14.3,580,672,86.3,7733,1966,371,404,91.8,145,164,88.4,26,35,74.3,0,1.5,1.2,-1.5,13,44,9,0,52,Matches
Tyrell Malacia,nl NED,DF,Manchester Utd,25-237,1999,1.1,49,55,89.1,642,260,31,33,93.9,13,14,92.9,2,2,100.0,0,0.0,0.0,0.0,1,7,1,0,3,Matches
Donyell Malen,nl NED,FW,Aston Villa,26-092,1999,2.6,37,53,69.8,476,92,25,30,83.3,9,13,69.2,2,3,66.7,0,0.0,0.0,0.0,1,1,1,0,5,Matches
Orel Mangala,be BEL,MF,Everton,27-024,1998,14.0,437,490,89.2,6998,1567,219,242,90.5,187,197,94.9,23,30,76.7,0,0.6,0.6,-0.6,8,50,8,1,34,Matches
Ryan Manning,ie IRL,DF,Southampton,28-301,1996,12.4,495,617,80.2,8289,2501,250,269,92.9,194,234,82.9,41,83,49.4,0,2.6,2.4,-2.6,24,15,10,7,24,Matches
Solly March,eng ENG,"MF,FW",Brighton,30-265,1994,0.7,23,37,62.2,365,101,12,14,85.7,10,15,66.7,1,6,16.7,0,0.1,0.1,-0.1,1,0,2,2,1,Matches
Omar Marmoush,eg EGY,"FW,MF",Manchester City,26-063,1999,7.3,150,191,78.5,2052,522,103,119,86.6,34,44,77.3,7,14,50.0,0,1.0,0.9,-1.0,8,8,13,2,18,Matches
Gabriel Martinelli,br BRA,"FW,MF",Arsenal,23-297,2001,18.9,367,527,69.6,5332,1173,235,289,81.3,101,150,67.3,21,40,52.5,4,4.3,3.6,-0.3,32,9,26,11,40,Matches
Emiliano Martínez,ar ARG,GK,Aston Villa,32-221,1992,29.0,905,1136,79.7,23411,13960,160,164,97.6,529,539,98.1,216,426,50.7,0,0.5,0.0,-0.5,1,18,0,0,2,Matches
Lisandro Martínez,ar ARG,DF,Manchester Utd,27-083,1998,19.5,1200,1342,89.4,20292,7055,522,554,94.2,601,646,93.0,64,116,55.2,1,1.1,1.3,-0.1,9,91,18,2,117,Matches
Pape Matar Sarr,sn SEN,MF,Tottenham,22-209,2002,16.2,757,867,87.3,11619,2704,408,446,91.5,288,319,90.3,39,52,75.0,2,1.5,0.6,+0.5,14,79,8,2,74,Matches
Jean-Philippe Mateta,fr FRA,FW,Crystal Palace,27-287,1997,25.1,257,395,65.1,3416,880,156,202,77.2,72,116,62.1,7,21,33.3,2,3.0,2.1,-1.0,26,30,14,1,44,Matches
Stephy Mavididi,eng ENG,FW,Leicester City,26-315,1998,16.0,420,563,74.6,5755,1377,253,279,90.7,119,175,68.0,18,42,42.9,1,2.5,3.2,-1.5,20,31,25,7,56,Matches
Konstantinos Mavropanos,gr GRE,DF,West Ham,27-121,1997,19.5,911,1065,85.5,18009,6159,290,320,90.6,529,576,91.8,86,146,58.9,0,0.5,0.4,-0.5,4,58,4,1,57,Matches
Noussair Mazraoui,ma MAR,DF,Manchester Utd,27-148,1997,26.6,1292,1518,85.1,19379,6935,712,782,91.0,490,550,89.1,56,107,52.3,1,1.3,1.6,-0.3,16,105,17,5,98,Matches
Bryan Mbeumo,cm CMR,FW,Brentford,25-247,1999,30.9,712,1061,67.1,11339,3421,388,488,79.5,259,354,73.2,51,140,36.4,5,7.0,7.7,-2.0,55,47,50,14,116,Matches
James Mcatee,eng ENG,"MF,FW",Manchester City,22-175,2002,1.6,58,68,85.3,912,169,31,37,83.8,25,28,89.3,2,3,66.7,0,0.0,0.1,0.0,0,5,1,0,4,Matches
Kasey McAteer,ie IRL,"FW,MF",Leicester City,23-140,2001,4.4,98,141,69.5,1365,321,65,76,85.5,27,40,67.5,4,8,50.0,1,0.4,0.2,+0.6,5,6,3,1,8,Matches
Alex McCarthy,eng ENG,GK,Southampton,35-129,1989,5.0,117,156,75.0,2823,1985,41,43,95.3,45,49,91.8,30,61,49.2,0,0.0,0.0,0.0,0,5,0,0,0,Matches
John McGinn,sct SCO,"MF,FW",Aston Villa,30-175,1994,20.9,613,737,83.2,10356,2718,292,320,91.3,254,293,86.7,55,90,61.1,3,3.3,2.4,-0.3,26,60,26,7,87,Matches
Dwight McNeil,eng ENG,"MF,FW",Everton,25-140,1999,12.7,377,514,73.3,7166,2463,170,197,86.3,136,167,81.4,63,118,53.4,3,3.5,3.8,-0.5,32,33,32,10,60,Matches
Scott McTominay,sct SCO,MF,Manchester Utd,28-124,1996,0.2,10,10,100.0,186,99,5,5,100.0,3,3,100.0,2,2,100.0,0,0.0,0.0,0.0,0,2,0,0,1,Matches
Ben Mee,eng ENG,DF,Brentford,35-202,1989,2.0,93,120,77.5,1751,688,34,38,89.5,51,60,85.0,8,20,40.0,0,0.0,0.0,0.0,0,10,0,0,11,Matches
Jayden Meghoma,eng ENG,DF,Brentford,18-287,2006,0.1,3,3,100.0,28,7,3,3,100.0,0,0,,0,0,,0,0.0,0.0,0.0,0,0,0,0,0,Matches
Mikel Merino,es ESP,"MF,FW",Arsenal,28-293,1996,14.8,392,502,78.1,5395,1556,250,287,87.1,112,144,77.8,15,28,53.6,1,1.4,1.1,-0.4,14,32,23,3,60,Matches
Shumaira Mheuka,eng ENG,MF,Chelsea,17-173,2007,0.0,0,0,,0,0,0,0,,0,0,,0,0,,0,0.0,0.0,0.0,0,0,0,0,0,Matches
Nikola Milenković,rs SRB,DF,Nott'ham Forest,27-181,1997,30.0,662,814,81.3,13206,4898,203,233,87.1,366,419,87.4,80,129,62.0,2,0.8,0.5,+1.2,7,44,2,0,43,Matches
Lewis Miley,eng ENG,MF,Newcastle Utd,18-345,2006,2.4,118,135,87.4,1735,289,63,73,86.3,43,45,95.6,6,7,85.7,0,0.0,0.1,0.0,1,8,4,0,13,Matches
James Milner,eng ENG,MF,Brighton,39-097,1986,1.9,55,73,75.3,899,347,26,28,92.9,23,30,76.7,4,10,40.0,0,0.2,0.2,-0.2,4,3,1,1,10,Matches
Tyrone Mings,eng ENG,DF,Aston Villa,32-029,1993,9.7,501,570,87.9,8948,2863,199,217,91.7,267,284,94.0,30,56,53.6,0,0.2,0.2,-0.2,2,40,5,0,35,Matches
Yankuba Minteh,gm GAM,"FW,MF",Brighton,20-263,2004,14.9,239,393,60.8,3931,1368,130,172,75.6,78,119,65.5,24,56,42.9,4,4.3,4.0,-0.3,23,11,23,6,29,Matches
Tyrick Mitchell,eng ENG,DF,Crystal Palace,25-222,1999,28.0,813,1128,72.1,13123,5073,421,502,83.9,324,434,74.7,48,115,41.7,4,5.3,3.3,-1.3,35,42,27,13,55,Matches
Kaoru Mitoma,jp JPN,"FW,MF",Brighton,27-326,1997,27.4,685,908,75.4,8929,2029,458,528,86.7,173,244,70.9,22,49,44.9,3,4.4,3.7,-1.4,35,32,32,8,80,Matches
Jakub Moder,pl POL,MF,Brighton,26-004,1999,0.1,18,22,81.8,254,82,10,14,71.4,8,8,100.0,0,0,,0,0.2,0.5,-0.2,3,0,1,1,4,Matches
Jeremy Monga,,FW,Leicester City,,,0.2,4,7,57.1,49,28,2,3,66.7,2,2,100.0,0,1,0.0,0,0.0,0.0,0.0,0,1,0,0,1,Matches
Mikey Moore,eng ENG,"FW,MF",Tottenham,17-243,2007,2.1,48,67,71.6,593,166,30,31,96.8,13,20,65.0,1,5,20.0,1,0.3,0.5,+0.7,3,1,5,1,7,Matches
Morato,br BRA,DF,Nott'ham Forest,23-285,2001,8.4,177,239,74.1,2982,1496,77,92,83.7,83,99,83.8,10,28,35.7,0,0.0,0.0,0.0,0,10,0,0,14,Matches
Álex Moreno,es ESP,"DF,MF",Nott'ham Forest,31-307,1993,9.6,273,379,72.0,4019,1603,166,191,86.9,83,127,65.4,12,36,33.3,1,1.0,0.9,0.0,4,22,7,1,30,Matches
Sam Morsy,eg EGY,MF,Ipswich Town,33-213,1991,23.9,1020,1175,86.8,16265,4410,537,576,93.2,393,428,91.8,64,108,59.3,1,0.7,1.1,+0.3,16,123,13,2,98,Matches
Yerson Mosquera,co COL,DF,Wolves,23-344,2001,4.9,205,240,85.4,3996,1184,66,73,90.4,115,123,93.5,22,35,62.9,0,0.1,0.0,-0.1,2,16,1,1,7,Matches
Mason Mount,eng ENG,"MF,FW",Manchester Utd,26-091,1999,3.1,87,108,80.6,1301,296,48,54,88.9,27,34,79.4,5,9,55.6,0,0.2,0.1,-0.2,5,7,1,1,11,Matches
Divin Mubama,eng ENG,FW,Manchester City,20-168,2004,0.3,2,3,66.7,44,18,1,1,100.0,0,0,,1,1,100.0,0,0.0,0.0,0.0,0,0,0,0,1,Matches
Mykhailo Mudryk,ua UKR,FW,Chelsea,24-096,2001,1.7,28,42,66.7,431,165,17,24,70.8,10,15,66.7,1,2,50.0,0,1.0,0.5,-1.0,2,2,2,1,5,Matches
Marshall Munetsi,zw ZIM,"MF,FW",Wolves,28-293,1996,5.8,78,106,73.6,943,200,49,61,80.3,22,31,71.0,0,1,0.0,1,0.8,0.1,+0.2,3,3,1,0,5,Matches
Rodrigo Muniz,br BRA,FW,Fulham,23-342,2001,10.1,89,137,65.0,1490,505,44,65,67.7,30,43,69.8,11,13,84.6,1,0.7,0.2,+0.3,7,12,3,0,26,Matches
Daniel Muñoz,co COL,DF,Crystal Palace,28-320,1996,27.9,892,1183,75.4,13664,3826,506,594,85.2,331,429,77.2,40,93,43.0,4,3.8,2.4,+0.2,34,44,20,9,68,Matches
Arijanet Muric,xk KVX,GK,Ipswich Town,26-155,1998,18.0,454,633,71.7,11705,8247,122,122,100.0,215,221,97.3,115,283,40.6,0,0.0,0.0,0.0,0,14,0,0,1,Matches
Murillo,br BRA,DF,Nott'ham Forest,22-281,2002,29.5,913,1166,78.3,17979,8517,354,387,91.5,414,476,87.0,126,261,48.3,0,1.1,1.0,-1.1,12,102,11,1,96,Matches
Jacob Murphy,eng ENG,FW,Newcastle Utd,30-046,1995,20.2,511,736,69.4,7625,2450,312,372,83.9,155,231,67.1,32,74,43.2,9,6.7,4.2,+2.3,30,42,28,9,59,Matches
Vitaliy Mykolenko,ua UKR,DF,Everton,25-317,1999,27.2,746,1021,73.1,12422,5053,385,435,88.5,282,387,72.9,64,152,42.1,1,1.5,1.6,-0.5,18,76,30,17,89,Matches
Iliman Ndiaye,sn SEN,FW,Everton,25-036,2000,21.9,473,588,80.4,7228,1520,269,317,84.9,160,186,86.0,33,46,71.7,0,1.5,1.2,-1.5,16,32,14,5,41,Matches
Wilfred Ndidi,ng NGA,MF,Leicester City,28-116,1996,20.3,648,816,79.4,9137,2303,362,419,86.4,211,259,81.5,29,57,50.9,4,1.7,1.4,+2.3,12,52,8,1,55,Matches
Kosta Nedeljković,rs SRB,DF,Aston Villa,19-116,2005,1.4,47,53,88.7,853,185,22,23,95.7,21,25,84.0,4,5,80.0,0,0.0,0.0,0.0,0,5,0,0,6,Matches
Reiss Nelson,eng ENG,FW,Arsenal,25-122,1999,0.0,0,0,,0,0,0,0,,0,0,,0,0,,0,0.0,0.0,0.0,0,0,0,0,0,Matches
Reiss Nelson,eng ENG,FW,Fulham,25-122,1999,5.4,232,268,86.6,3429,761,136,147,92.5,77,91,84.6,12,19,63.2,1,1.0,1.0,0.0,13,7,15,3,35,Matches
Neto,br BRA,GK,Bournemouth,35-266,1989,2.0,40,62,64.5,1183,896,7,7,100.0,21,21,100.0,12,33,36.4,0,0.0,0.0,0.0,0,2,0,0,0,Matches
Pedro Neto,pt POR,FW,Chelsea,25-033,2000,18.4,511,650,78.6,8086,1633,265,286,92.7,182,222,82.0,41,90,45.6,4,4.6,3.4,-0.6,35,21,23,13,44,Matches
Eddie Nketiah,eng ENG,"FW,MF",Crystal Palace,25-316,1999,8.3,140,192,72.9,2079,433,74,95,77.9,51,62,82.3,8,13,61.5,1,1.5,0.8,-0.5,11,10,4,0,15,Matches
Christopher Nkunku,fr FRA,FW,Chelsea,27-148,1997,10.2,297,332,89.5,3916,760,183,200,91.5,95,103,92.2,6,6,100.0,2,2.0,1.0,0.0,13,26,7,0,25,Matches
Matheus Nunes,pt POR,"DF,MF",Manchester City,26-227,1998,13.6,770,894,86.1,11967,2182,429,469,91.5,291,332,87.7,41,61,67.2,4,3.4,2.5,+0.6,20,35,23,6,55,Matches
Darwin Núñez,uy URU,FW,Liverpool,25-291,1999,11.2,144,205,70.2,2149,526,78,97,80.4,43,59,72.9,12,18,66.7,2,1.2,0.4,+0.8,9,9,2,0,25,Matches
Ethan Nwaneri,eng ENG,"FW,MF",Arsenal,18-021,2007,8.0,255,319,79.9,3694,1026,161,174,92.5,68,90,75.6,15,29,51.7,2,1.0,1.5,+1.0,11,15,11,5,27,Matches
Christian Nørgaard,dk DEN,MF,Brentford,31-032,1994,24.3,924,1126,82.1,15267,5159,467,532,87.8,383,446,85.9,59,99,59.6,2,0.8,0.8,+1.2,15,115,21,3,120,Matches
Jake O'Brien,ie IRL,DF,Everton,23-331,2001,11.5,352,466,75.5,6337,2673,165,186,88.7,145,192,75.5,38,63,60.3,0,0.6,0.3,-0.6,6,31,8,5,37,Matches
Matt O'Riley,dk DEN,MF,Brighton,24-141,2000,6.0,203,258,78.7,3062,784,110,118,93.2,64,80,80.0,17,40,42.5,1,1.2,1.2,-0.2,11,20,5,0,24,Matches
Dara O'Shea,ie IRL,DF,Ipswich Town,26-038,1999,27.7,1035,1333,77.6,20638,8939,338,393,86.0,572,673,85.0,114,227,50.2,2,0.5,0.7,+1.5,3,76,2,1,66,Matches
Chidozie Obi-Martin,dk DEN,FW,Manchester Utd,17-133,2007,0.3,6,8,75.0,99,30,2,2,100.0,3,4,75.0,1,2,50.0,0,0.0,0.0,0.0,0,1,0,0,1,Matches
Wilson Odobert,fr FRA,FW,Tottenham,20-134,2004,5.0,138,174,79.3,1801,324,96,102,94.1,33,45,73.3,4,7,57.1,0,0.1,0.2,-0.1,4,5,8,2,18,Matches
Chiedozie Ogbene,ie IRL,FW,Ipswich Town,27-345,1997,2.6,32,43,74.4,415,27,20,24,83.3,8,10,80.0,1,1,100.0,0,0.1,0.0,-0.1,2,0,0,0,0,Matches
Caleb Okoli,it ITA,DF,Leicester City,23-272,2001,11.5,511,589,86.8,8841,3545,228,248,91.9,243,267,91.0,33,61,54.1,0,0.0,0.1,0.0,0,19,0,0,30,Matches
Robin Olsen,se SWE,GK,Aston Villa,35-093,1990,2.0,54,76,71.1,1466,983,10,10,100.0,31,31,100.0,13,35,37.1,0,0.0,0.0,0.0,0,2,0,0,0,Matches
Amadou Onana,be BEL,MF,Aston Villa,23-238,2001,13.0,508,574,88.5,7993,1861,255,269,94.8,217,242,89.7,23,31,74.2,0,0.2,0.3,-0.2,5,39,5,1,44,Matches
André Onana,cm CMR,GK,Manchester Utd,29-009,1996,31.0,868,1192,72.8,20571,12355,208,210,99.0,478,482,99.2,177,491,36.0,0,0.2,0.2,-0.2,1,23,0,0,1,Matches
Paul Onuachu,ng NGA,FW,Southampton,30-318,1994,9.7,140,227,61.7,2032,327,75,119,63.0,37,59,62.7,12,18,66.7,1,0.5,0.3,+0.5,8,12,2,0,12,Matches
Frank Onyeka,ng NGA,MF,Brentford,27-100,1998,0.3,6,7,85.7,71,19,5,5,100.0,1,1,100.0,0,0,,0,0.0,0.0,0.0,0,0,1,0,1,Matches
Lewis Orford,eng ENG,MF,West Ham,19-052,2006,0.5,33,38,86.8,583,83,11,13,84.6,18,20,90.0,2,3,66.7,0,0.0,0.0,0.0,2,2,1,1,0,Matches
Stefan Ortega,de GER,GK,Manchester City,32-156,1992,10.0,312,377,82.8,7003,4768,91,93,97.8,153,157,97.5,66,123,53.7,0,0.0,0.0,0.0,0,6,0,0,0,Matches
William Osula,dk DEN,FW,Newcastle Utd,21-250,2003,1.0,4,10,40.0,54,24,2,7,28.6,1,2,50.0,0,0,,0,0.1,0.0,-0.1,1,0,1,0,1,Matches
Dango Ouattara,bf BFA,FW,Bournemouth,23-059,2002,18.7,300,504,59.5,4743,1412,173,240,72.1,102,163,62.6,20,57,35.1,4,4.8,2.9,-0.8,28,19,23,9,36,Matches
Nico O’Reilly,eng ENG,"DF,MF",Manchester City,20-021,2005,2.1,125,146,85.6,1722,365,86,97,88.7,37,42,88.1,1,2,50.0,0,0.1,0.2,-0.1,2,15,0,0,7,Matches
Alex Palmer,eng ENG,GK,Ipswich Town,28-244,1996,7.0,144,205,70.2,4113,2912,27,29,93.1,70,70,100.0,47,106,44.3,0,0.0,0.0,0.0,1,3,0,0,1,Matches
Cole Palmer,eng ENG,MF,Chelsea,22-340,2002,28.5,903,1185,76.2,17193,4551,372,437,85.1,367,434,84.6,141,239,59.0,7,9.1,7.7,-2.1,71,127,51,14,165,Matches
Emerson Palmieri,it ITA,DF,West Ham,30-251,1994,20.6,747,944,79.1,11003,4172,442,496,89.1,243,304,79.9,42,97,43.3,1,1.5,2.1,-0.5,16,42,11,5,56,Matches
Lucas Paquetá,br BRA,"MF,FW",West Ham,27-227,1997,22.1,884,1156,76.5,14329,4470,479,572,83.7,292,376,77.7,90,148,60.8,0,2.3,2.5,-2.3,29,104,34,2,114,Matches
Thomas Partey,gh GHA,"MF,DF",Arsenal,31-302,1993,25.3,1381,1579,87.5,22064,5968,719,772,93.1,561,633,88.6,78,115,67.8,2,1.9,2.1,+0.1,17,134,32,2,155,Matches
Nathan Patterson,sct SCO,"DF,FW",Everton,23-177,2001,2.3,77,105,73.3,1294,504,38,39,97.4,32,49,65.3,6,14,42.9,0,0.3,0.3,-0.3,2,7,4,2,7,Matches
Andreas Pereira,br BRA,MF,Fulham,29-100,1996,18.6,590,851,69.3,10713,3376,270,324,83.3,229,290,79.0,78,189,41.3,4,3.9,3.8,+0.1,49,60,19,4,96,Matches
Ricardo Pereira,pt POR,DF,Leicester City,31-187,1993,2.1,108,130,83.1,1707,518,59,67,88.1,38,46,82.6,8,8,100.0,0,0.0,0.1,0.0,0,14,0,0,9,Matches
Kalvin Phillips,eng ENG,MF,Ipswich Town,29-130,1995,13.5,426,537,79.3,8392,2418,160,193,82.9,201,232,86.6,59,95,62.1,0,0.2,0.5,-0.2,5,48,6,1,49,Matches
Jaden Philogene Bidace,eng ENG,"FW,MF",Aston Villa,23-062,2002,3.7,63,86,73.3,850,161,40,49,81.6,18,21,85.7,2,3,66.7,0,0.3,0.2,-0.3,1,1,3,0,4,Matches
Jaden Philogene Bidace,eng ENG,"FW,DF",Ipswich Town,23-062,2002,5.2,95,131,72.5,1536,414,54,64,84.4,30,41,73.2,6,12,50.0,0,0.2,0.2,-0.2,5,7,4,3,10,Matches
Jordan Pickford,eng ENG,GK,Everton,31-035,1994,31.0,837,1286,65.1,27221,20622,120,121,99.2,344,350,98.3,372,805,46.2,1,0.4,0.2,+0.6,2,62,8,0,0,Matches
Ethan Pinnock,jm JAM,DF,Brentford,31-317,1993,21.3,924,1080,85.6,17045,6094,360,382,94.2,472,528,89.4,84,145,57.9,0,1.2,0.7,-1.2,8,48,4,1,41,Matches
Daniel Podence,pt POR,"MF,FW",Wolves,29-172,1995,0.5,11,16,68.8,132,78,7,7,100.0,3,3,100.0,0,2,0.0,0,0.0,0.0,0.0,0,1,1,0,2,Matches
Alfie Pond,eng ENG,DF,Wolves,21-041,2004,0.0,1,1,100.0,23,0,0,0,,1,1,100.0,0,0,,0,0.0,0.0,0.0,0,0,0,0,0,Matches
Nick Pope,eng ENG,GK,Newcastle Utd,32-357,1992,20.0,404,571,70.8,10299,6406,91,92,98.9,199,203,98.0,112,273,41.0,0,0.0,0.0,0.0,0,2,0,0,0,Matches
Pedro Porro,es ESP,DF,Tottenham,25-210,1999,26.4,1252,1706,73.4,21717,8681,621,711,87.3,477,604,79.0,126,283,44.5,5,3.5,3.9,+1.5,47,111,50,22,136,Matches
Jarell Quansah,eng ENG,DF,Liverpool,22-072,2003,3.2,201,221,91.0,3631,1232,73,75,97.3,112,123,91.1,13,18,72.2,0,0.0,0.1,0.0,0,17,0,0,10,Matches
Hákon Rafn Valdimarsson,is ISL,GK,Brentford,23-180,2001,1.6,46,70,65.7,1445,1110,8,8,100.0,21,21,100.0,17,41,41.5,0,0.0,0.0,0.0,0,2,0,0,0,Matches
Aaron Ramsdale,eng ENG,GK,Southampton,26-332,1998,23.0,620,959,64.7,17090,13301,175,175,100.0,238,249,95.6,201,522,38.5,0,0.0,0.1,0.0,0,27,1,0,0,Matches
Jacob Ramsey,eng ENG,"FW,MF",Aston Villa,23-318,2001,14.9,420,493,85.2,5505,1312,292,317,92.1,101,122,82.8,12,17,70.6,3,2.0,2.0,+1.0,16,27,19,1,60,Matches
Marcus Rashford,eng ENG,"FW,MF",Manchester Utd,27-162,1997,10.9,253,343,73.8,3508,868,168,201,83.6,56,85,65.9,14,28,50.0,1,2.1,1.4,-1.1,15,13,16,8,21,Matches
Marcus Rashford,eng ENG,FW,Aston Villa,27-162,1997,3.3,91,128,71.1,1357,331,54,62,87.1,27,37,73.0,6,17,35.3,2,2.0,1.9,0.0,8,2,8,2,12,Matches
David Raya,es ESP,GK,Arsenal,29-208,1995,31.0,848,1148,73.9,20252,13967,238,240,99.2,434,441,98.4,175,462,37.9,0,0.0,0.1,0.0,0,37,1,0,11,Matches
Harrison Reed,eng ENG,MF,Fulham,30-074,1995,1.0,39,54,72.2,550,138,21,24,87.5,13,16,81.3,2,5,40.0,0,0.1,0.1,-0.1,1,1,1,0,4,Matches
Remy Rees-Dottin,eng ENG,FW,Bournemouth,19-036,2006,0.0,0,0,,0,0,0,0,,0,0,,0,0,,0,0.0,0.0,0.0,0,0,0,0,0,Matches
Sergio Reguilón,es ESP,DF,Tottenham,28-116,1996,1.4,73,105,69.5,1144,410,33,44,75.0,36,47,76.6,3,9,33.3,0,0.0,0.2,0.0,1,11,2,1,12,Matches
Bobby Reid,jm JAM,"FW,MF",Leicester City,32-068,1993,7.1,134,190,70.5,1736,527,82,101,81.2,36,47,76.6,4,14,28.6,2,1.2,0.2,+0.8,6,8,5,0,14,Matches
Vitor Reis,br BRA,DF,Manchester City,19-089,2006,0.0,2,2,100.0,50,10,0,0,,2,2,100.0,0,0,,0,0.0,0.0,0.0,0,0,0,0,0,Matches
Chadi Riad,ma MAR,DF,Crystal Palace,21-298,2003,1.0,70,82,85.4,1411,568,24,28,85.7,38,41,92.7,8,13,61.5,0,0.0,0.0,0.0,0,8,1,0,7,Matches
Declan Rice,eng ENG,MF,Arsenal,26-087,1999,26.0,1160,1392,83.3,19897,5390,569,614,92.7,463,512,90.4,105,216,48.6,5,6.0,5.1,-1.0,49,113,29,5,158,Matches
Chris Richards,us USA,DF,Crystal Palace,25-014,2000,14.9,512,636,80.5,9062,3283,212,238,89.1,250,278,89.9,42,95,44.2,0,0.1,0.1,-0.1,2,19,0,0,33,Matches
Richarlison,br BRA,FW,Tottenham,27-336,1997,3.1,49,75,65.3,750,272,24,32,75.0,16,26,61.5,5,7,71.4,1,0.9,0.6,+0.1,4,7,4,2,10,Matches
Andrew Robertson,sct SCO,DF,Liverpool,31-031,1994,24.3,1399,1676,83.5,23490,7493,685,724,94.6,598,687,87.0,99,209,47.4,0,4.1,3.9,-4.1,38,137,27,15,162,Matches
Antonee Robinson,us USA,DF,Fulham,27-246,1997,30.2,1395,1818,76.7,23848,8750,670,772,86.8,588,741,79.4,118,211,55.9,10,4.0,3.7,+6.0,40,105,50,26,112,Matches
Rodri,es ESP,MF,Manchester City,28-293,1996,0.7,57,61,93.4,1056,250,25,26,96.2,24,27,88.9,7,7,100.0,0,0.0,0.1,0.0,1,3,1,0,4,Matches
Guido Rodríguez,ar ARG,MF,West Ham,30-364,1994,11.3,419,498,84.1,7149,2000,201,230,87.4,180,197,91.4,32,51,62.7,0,0.1,0.1,-0.1,3,36,1,0,31,Matches
Mads Roerslev,dk DEN,DF,Brentford,25-291,1999,12.2,422,536,78.7,6925,2249,205,233,88.0,179,224,79.9,27,49,55.1,2,3.0,2.1,-1.0,14,37,11,4,51,Matches
Morgan Rogers,eng ENG,"FW,MF",Aston Villa,22-259,2002,27.9,545,746,73.1,7833,2724,311,387,80.4,160,210,76.2,38,49,77.6,6,6.1,3.8,-0.1,41,62,45,2,101,Matches
Cristian Romero,ar ARG,DF,Tottenham,26-349,1998,14.2,982,1103,89.0,18499,7509,325,356,91.3,569,603,94.4,76,120,63.3,0,0.5,0.8,-0.5,6,96,7,1,57,Matches
Georginio Rutter,fr FRA,"MF,FW",Brighton,22-356,2002,18.4,237,355,66.8,3344,1174,144,187,77.0,74,111,66.7,10,16,62.5,3,2.5,1.7,+0.5,19,30,16,1,67,Matches
José Sá,pt POR,GK,Wolves,32-084,1993,24.0,471,750,62.8,12355,8570,95,96,99.0,261,269,97.0,114,382,29.8,0,0.1,0.0,-0.1,2,17,1,0,2,Matches
Bukayo Saka,eng ENG,"FW,MF",Arsenal,23-218,2001,14.9,420,565,74.3,6582,1985,245,274,89.4,121,167,72.5,40,81,49.4,10,6.0,6.0,+4.0,43,11,29,10,54,Matches
Mohamed Salah,eg EGY,FW,Liverpool,32-300,1992,30.5,739,1037,71.3,11115,3113,416,496,83.9,249,355,70.1,48,80,60.0,17,11.3,7.2,+5.7,70,44,74,13,117,Matches
William Saliba,fr FRA,DF,Arsenal,24-018,2001,28.3,1942,2073,93.7,33537,10187,824,864,95.4,1003,1049,95.6,108,135,80.0,0,0.5,0.9,-0.5,4,147,4,0,121,Matches
Robert Sánchez,es ESP,GK,Chelsea,27-144,1997,25.0,713,994,71.7,17201,11410,171,172,99.4,373,388,96.1,166,423,39.2,0,0.0,0.0,0.0,1,22,1,0,1,Matches
Jadon Sancho,eng ENG,FW,Chelsea,25-017,2000,17.6,593,714,83.1,7964,1785,370,413,89.6,188,223,84.3,12,24,50.0,4,3.3,2.9,+0.7,31,23,41,0,78,Matches
Ibrahim Sangaré,ci CIV,MF,Nott'ham Forest,27-130,1997,3.1,117,149,78.5,1700,531,71,80,88.8,38,47,80.9,6,11,54.5,1,0.4,0.1,+0.6,3,9,2,0,12,Matches
Pablo Sarabia,es ESP,"MF,FW",Wolves,32-335,1992,6.8,219,316,69.3,3842,1392,94,109,86.2,82,106,77.4,29,58,50.0,2,1.5,1.6,+0.5,11,29,16,2,46,Matches
Jeremy Sarmiento,ec ECU,MF,Brighton,22-299,2002,0.1,6,6,100.0,74,1,4,4,100.0,2,2,100.0,0,0,,0,0.0,0.0,0.0,0,0,0,0,0,Matches
Ismaila Sarr,sn SEN,MF,Crystal Palace,27-045,1998,23.4,396,597,66.3,5907,1742,216,288,75.0,151,214,70.6,17,39,43.6,3,6.0,5.0,-3.0,33,22,33,6,68,Matches
Sávio,br BRA,"FW,MF",Manchester City,21-001,2004,18.3,642,796,80.7,9592,1666,393,438,89.7,208,260,80.0,31,53,58.5,8,6.6,5.9,+1.4,43,18,47,8,65,Matches
Oliver Scarles,eng ENG,DF,West Ham,19-120,2005,5.9,238,304,78.3,3509,850,146,165,88.5,83,100,83.0,7,26,26.9,0,0.0,0.1,0.0,1,8,5,1,20,Matches
Dane Scarlett,eng ENG,"FW,MF",Tottenham,21-018,2004,0.4,3,5,60.0,37,20,2,2,100.0,1,1,100.0,0,1,0.0,1,0.0,0.0,+1.0,1,0,0,0,1,Matches
Kevin Schade,de GER,FW,Brentford,23-135,2001,19.5,263,449,58.6,4085,1149,146,212,68.9,92,156,59.0,16,37,43.2,2,3.2,1.4,-1.2,18,28,8,2,32,Matches
Fabian Schär,ch SUI,DF,Newcastle Utd,33-112,1991,24.8,1240,1492,83.1,24756,9676,441,475,92.8,649,703,92.3,143,286,50.0,0,0.3,0.8,-0.3,3,115,9,0,75,Matches
Jeffrey Schlupp,gh GHA,"MF,DF",Crystal Palace,32-109,1992,1.1,39,50,78.0,591,144,16,19,84.2,18,23,78.3,2,4,50.0,0,0.2,0.1,-0.2,3,4,2,0,5,Matches
Alex Scott,eng ENG,MF,Bournemouth,21-233,2003,5.6,207,242,85.5,3362,1064,104,116,89.7,85,93,91.4,14,21,66.7,0,0.3,0.5,-0.3,7,33,4,0,46,Matches
Matz Sels,be BEL,GK,Nott'ham Forest,33-044,1992,31.0,416,822,50.6,16105,13997,63,63,100.0,117,120,97.5,236,629,37.5,0,0.0,0.1,0.0,1,36,2,0,1,Matches
Nélson Semedo,pt POR,DF,Wolves,31-146,1993,25.8,873,1092,79.9,13411,4004,471,516,91.3,334,403,82.9,48,107,44.9,4,2.6,1.3,+1.4,19,57,21,9,61,Matches
Antoine Semenyo,gh GHA,FW,Bournemouth,25-094,2000,29.4,659,905,72.8,9379,2406,406,479,84.8,203,271,74.9,28,73,38.4,4,5.2,3.9,-1.2,40,43,39,7,93,Matches
Marcos Senesi,ar ARG,DF,Bournemouth,27-336,1997,10.7,474,619,76.6,9852,5119,172,196,87.8,219,255,85.9,79,156,50.6,0,0.2,0.5,-0.2,3,73,12,3,50,Matches
Ryan Sessegnon,eng ENG,"FW,DF",Fulham,24-328,2000,2.1,40,53,75.5,531,139,28,34,82.4,9,12,75.0,1,1,100.0,1,0.6,0.5,+0.4,4,1,1,0,2,Matches
Luke Shaw,eng ENG,DF,Manchester Utd,29-273,1995,0.8,89,101,88.1,1503,573,48,50,96.0,34,38,89.5,7,11,63.6,0,0.0,0.0,0.0,0,6,0,0,6,Matches
Zain Silcott-Duberry,ms MSR,FW,Bournemouth,19-276,2005,0.0,1,2,50.0,25,0,0,0,,1,1,100.0,0,0,,0,0.0,0.0,0.0,0,0,0,0,0,Matches
Bernardo Silva,pt POR,"MF,FW",Manchester City,30-244,1994,23.7,1163,1344,86.5,17580,3215,661,722,91.6,420,479,87.7,57,86,66.3,4,4.2,3.5,-0.2,42,64,27,7,99,Matches
Jota Silva,pt POR,"FW,MF",Nott'ham Forest,25-253,1999,8.6,111,178,62.4,1542,439,64,82,78.0,33,53,62.3,5,13,38.5,1,2.9,1.8,-1.9,14,3,9,3,16,Matches
Eric da Silva Moreira,de GER,"MF,DF",Nott'ham Forest,18-343,2006,0.3,7,8,87.5,86,7,6,7,85.7,1,1,100.0,0,0,,0,0.0,0.0,0.0,0,0,0,0,0,Matches
Jahmai Simpson-Pusey,eng ENG,DF,Manchester City,19-158,2005,1.1,107,115,93.0,1754,549,47,49,95.9,57,59,96.6,3,7,42.9,0,0.0,0.0,0.0,0,3,0,0,3,Matches
Luis Sinisterra,co COL,"FW,MF",Bournemouth,25-298,1999,2.6,73,93,78.5,1067,200,44,48,91.7,22,32,68.8,5,5,100.0,1,1.4,1.3,-0.4,9,6,2,2,6,Matches
Oliver Skipp,eng ENG,MF,Leicester City,24-207,2000,9.2,305,362,84.3,4617,1153,156,178,87.6,119,129,92.2,16,26,61.5,0,0.2,0.3,-0.2,8,24,4,0,23,Matches
William Smallbone,ie IRL,MF,Southampton,25-049,2000,6.5,226,297,76.1,3669,1073,108,125,86.4,95,113,84.1,15,44,34.1,0,0.6,0.8,-0.6,9,10,3,2,23,Matches
Adam Smith,eng ENG,DF,Bournemouth,33-347,1991,12.7,344,456,75.4,5606,1917,164,190,86.3,150,188,79.8,20,59,33.9,0,0.2,0.1,-0.2,5,33,5,2,33,Matches
Emile Smith Rowe,eng ENG,MF,Fulham,24-257,2000,20.1,803,890,90.2,11521,2218,462,500,92.4,300,313,95.8,18,26,69.2,2,1.1,1.7,+0.9,18,70,13,1,113,Matches
Dominic Solanke,eng ENG,FW,Tottenham,27-209,1997,21.7,238,333,71.5,3165,878,147,193,76.2,59,78,75.6,12,18,66.7,3,2.9,1.1,+0.1,14,26,9,0,43,Matches
Carlos Soler,es ESP,"MF,FW",West Ham,28-099,1997,13.1,462,546,84.6,7287,2030,244,258,94.6,177,210,84.3,26,49,53.1,1,1.1,1.2,-0.1,12,36,10,0,50,Matches
Ramón Sosa,py PAR,"FW,MF",Nott'ham Forest,25-223,1999,2.9,61,89,68.5,955,258,30,44,68.2,22,31,71.0,5,7,71.4,0,0.5,0.4,-0.5,8,2,5,3,4,Matches
Tomáš Souček,cz CZE,MF,West Ham,30-043,1995,23.9,598,815,73.4,10053,2797,295,375,78.7,228,297,76.8,58,84,69.0,1,1.0,1.2,0.0,14,57,8,1,66,Matches
Boubakary Soumaré,fr FRA,MF,Leicester City,26-043,1999,19.2,895,1030,86.9,13664,3715,480,519,92.5,355,407,87.2,35,48,72.9,0,0.4,0.9,-0.4,10,85,12,2,88,Matches
Djed Spence,eng ENG,DF,Tottenham,24-245,2000,13.8,741,850,87.2,10445,3017,438,464,94.4,254,291,87.3,22,40,55.0,2,1.7,1.2,+0.3,10,59,14,6,79,Matches
Jay Stansfield,eng ENG,MF,Fulham,22-138,2002,0.0,0,0,,0,0,0,0,,0,0,,0,0,,0,0.0,0.0,0.0,0,0,0,0,0,Matches
Jason Steele,eng ENG,GK,Brighton,34-236,1990,2.0,101,112,90.2,2321,1556,21,21,100.0,63,65,96.9,17,26,65.4,0,0.0,0.0,0.0,0,0,0,0,0,Matches
Jack Stephens,eng ENG,DF,Southampton,31-074,1994,9.9,618,670,92.2,10620,3036,246,266,92.5,335,352,95.2,25,32,78.1,0,0.1,0.2,-0.1,2,42,5,0,45,Matches
Raheem Sterling,eng ENG,"FW,MF",Arsenal,30-124,1994,3.9,116,154,75.3,1475,301,77,91,84.6,32,43,74.4,2,3,66.7,2,0.4,0.4,+1.6,6,4,8,2,15,Matches
Ross Stewart,sct SCO,"FW,MF",Southampton,28-274,1996,1.6,39,48,81.3,585,59,17,20,85.0,19,21,90.5,0,1,0.0,0,0.0,0.0,0.0,0,1,1,0,1,Matches
Jakub Stolarczyk,pl POL,GK,Leicester City,24-113,2000,6.0,152,224,67.9,4176,3245,47,47,100.0,46,47,97.9,58,129,45.0,0,0.0,0.0,0.0,0,2,0,0,1,Matches
John Stones,eng ENG,"DF,MF",Manchester City,30-318,1994,6.1,367,403,91.1,6382,1601,169,179,94.4,161,174,92.5,31,40,77.5,0,0.1,0.2,-0.1,2,42,0,0,21,Matches
Jørgen Strand Larsen,no NOR,FW,Wolves,25-064,2000,24.9,249,388,64.2,3213,600,153,213,71.8,64,101,63.4,10,13,76.9,2,2.4,1.0,-0.4,19,16,4,1,24,Matches
Yukinari Sugawara,jp JPN,"DF,MF",Southampton,24-287,2000,16.2,686,855,80.2,10793,3315,363,412,88.1,272,328,82.9,35,70,50.0,1,2.2,2.4,-1.2,17,43,21,9,68,Matches
Kamaldeen Sulemana,gh GHA,"FW,MF",Southampton,23-055,2002,10.1,200,254,78.7,2928,452,124,140,88.6,62,75,82.7,9,21,42.9,1,0.7,0.6,+0.3,9,6,9,6,19,Matches
Crysencio Summerville,nl NED,"FW,MF",West Ham,23-163,2001,8.7,194,254,76.4,2881,640,125,148,84.5,55,62,88.7,11,22,50.0,1,1.7,1.7,-0.7,17,13,12,5,18,Matches
Sammie Szmodics,ie IRL,"FW,MF",Ipswich Town,29-199,1995,10.9,144,194,74.2,2402,702,67,77,87.0,54,64,84.4,15,29,51.7,0,0.2,0.5,-0.2,4,10,4,1,18,Matches
Dominik Szoboszlai,hu HUN,MF,Liverpool,24-168,2000,23.3,954,1132,84.3,14743,2917,527,593,88.9,301,341,88.3,78,109,71.6,3,5.0,4.2,-2.0,41,71,29,4,105,Matches
Matt Targett,eng ENG,DF,Newcastle Utd,29-205,1995,0.1,7,7,100.0,84,11,5,5,100.0,2,2,100.0,0,0,,0,0.0,0.0,0.0,0,0,0,0,0,Matches
James Tarkowski,eng ENG,DF,Everton,32-143,1992,30.9,984,1214,81.1,20853,7802,317,374,84.8,494,537,92.0,163,259,62.9,1,2.2,2.0,-1.2,14,78,11,0,70,Matches
Marcus Tavernier,eng ENG,"FW,MF",Bournemouth,26-020,1999,16.7,498,690,72.2,8483,2610,241,278,86.7,205,264,77.7,43,99,43.4,5,2.8,2.5,+2.2,36,60,28,9,95,Matches
Charlie Taylor,eng ENG,DF,Southampton,31-205,1993,3.0,154,177,87.0,2691,691,63,67,94.0,77,86,89.5,12,17,70.6,0,0.1,0.1,-0.1,1,8,2,1,8,Matches
Jack Taylor,ie IRL,MF,Ipswich Town,26-292,1998,6.0,250,306,81.7,4408,1296,111,128,86.7,115,133,86.5,19,33,57.6,0,0.5,0.7,-0.5,5,27,7,0,37,Matches
Mathys Tel,fr FRA,FW,Tottenham,19-349,2005,3.5,54,70,77.1,905,118,29,33,87.9,20,28,71.4,5,6,83.3,0,0.1,0.1,-0.1,3,4,2,1,4,Matches
Kenny Tete,nl NED,DF,Fulham,29-184,1995,14.1,576,706,81.6,9210,3032,303,331,91.5,208,260,80.0,46,72,63.9,2,0.7,0.5,+1.3,5,53,6,4,42,Matches
Thiago,br BRA,FW,Brentford,23-289,2001,1.5,28,39,71.8,428,56,14,20,70.0,9,12,75.0,3,4,75.0,0,0.1,0.0,-0.1,2,1,1,0,2,Matches
Luke Thomas,eng ENG,DF,Leicester City,23-305,2001,6.0,269,343,78.4,4292,1339,137,150,91.3,110,136,80.9,17,40,42.5,0,0.1,0.2,-0.1,3,18,2,1,19,Matches
Youri Tielemans,be BEL,MF,Aston Villa,27-339,1997,29.4,1463,1784,82.0,24920,8877,684,763,89.6,637,729,87.4,117,222,52.7,5,6.2,5.1,-1.2,52,190,30,4,198,Matches
Kieran Tierney,sct SCO,"DF,FW",Arsenal,27-310,1997,1.1,39,52,75.0,581,204,24,25,96.0,12,19,63.2,2,5,40.0,0,0.8,0.5,-0.8,6,3,4,2,6,Matches
Jurriën Timber,nl NED,DF,Arsenal,23-298,2001,25.6,1110,1303,85.2,15977,4389,638,704,90.6,426,498,85.5,25,48,52.1,2,0.8,1.2,+1.2,16,98,16,2,141,Matches
Jean-Clair Todibo,fr FRA,DF,West Ham,25-102,1999,13.6,617,712,86.7,11036,3802,222,242,91.7,358,380,94.2,34,74,45.9,0,0.0,0.1,0.0,2,33,1,0,26,Matches
Harry Toffolo,eng ENG,DF,Nott'ham Forest,29-235,1995,0.5,25,34,73.5,338,192,18,20,90.0,7,9,77.8,0,3,0.0,0,0.0,0.0,0.0,0,1,0,0,2,Matches
Takehiro Tomiyasu,jp JPN,DF,Arsenal,26-157,1998,0.1,3,4,75.0,42,10,1,1,100.0,2,2,100.0,0,1,0.0,0,0.0,0.0,0.0,0,0,0,0,1,Matches
Sandro Tonali,it ITA,MF,Newcastle Utd,24-338,2000,21.2,868,1050,82.7,13297,3463,488,546,89.4,302,354,85.3,48,88,54.5,1,0.7,1.2,+0.3,12,74,15,3,87,Matches
Pau Torres,es ESP,DF,Aston Villa,28-085,1997,18.2,990,1122,88.2,17143,6468,425,450,94.4,496,532,93.2,57,117,48.7,0,0.0,0.3,0.0,1,92,7,0,72,Matches
Conor Townsend,eng ENG,DF,Ipswich Town,32-038,1993,3.4,77,124,62.1,1367,745,30,37,81.1,40,54,74.1,7,24,29.2,1,0.7,0.2,+0.3,4,7,2,2,7,Matches
Adama Traoré,es ESP,"FW,MF",Fulham,29-076,1996,16.5,355,494,71.9,5579,1399,193,240,80.4,123,166,74.1,25,44,56.8,5,4.1,3.9,+0.9,32,31,26,14,56,Matches
Boubacar Traoré,ml MLI,MF,Wolves,23-234,2001,0.0,0,0,,0,0,0,0,,0,0,,0,0,,0,0.0,0.0,0.0,0,0,0,0,0,Matches
Mark Travers,ie IRL,GK,Bournemouth,25-328,1999,5.0,100,142,70.4,3469,2692,6,6,100.0,51,53,96.2,43,83,51.8,0,0.0,0.0,0.0,0,3,0,0,0,Matches
Ryan Trevitt,eng ENG,MF,Brentford,22-030,2003,0.0,4,7,57.1,73,23,1,2,50.0,3,3,100.0,0,0,,0,0.0,0.0,0.0,0,1,0,0,0,Matches
Kieran Trippier,eng ENG,DF,Newcastle Utd,34-204,1990,9.7,664,811,81.9,11129,3830,336,355,94.6,269,320,84.1,48,109,44.0,0,0.6,0.7,-0.6,11,36,6,1,52,Matches
Leandro Trossard,be BEL,FW,Arsenal,30-128,1994,22.2,537,730,73.6,8890,2528,282,332,84.9,203,269,75.5,41,78,52.6,5,5.0,3.1,0.0,34,35,41,9,84,Matches
Kostas Tsimikas,gr GRE,DF,Liverpool,28-334,1996,5.7,362,424,85.4,6120,2083,179,190,94.2,143,159,89.9,31,59,52.5,1,1.0,1.1,0.0,7,30,7,1,53,Matches
Axel Tuanzebe,cd COD,DF,Ipswich Town,27-148,1997,14.1,497,597,83.2,7553,3002,274,301,91.0,193,233,82.8,20,37,54.1,1,0.3,0.2,+0.7,4,49,2,0,45,Matches
Destiny Udogie,it ITA,DF,Tottenham,22-134,2002,19.4,915,1046,87.5,13224,4433,517,567,91.2,346,382,90.6,22,27,81.5,1,1.4,1.1,-0.4,15,86,6,1,117,Matches
Manuel Ugarte Ribeiro,uy URU,MF,Manchester Utd,24-000,2001,16.0,610,700,87.1,10062,2175,305,343,88.9,240,258,93.0,51,68,75.0,0,0.6,0.6,-0.6,7,42,8,3,47,Matches
Lesley Ugochukwu,fr FRA,MF,Southampton,21-016,2004,13.1,450,531,84.7,6908,1488,217,247,87.9,200,218,91.7,15,27,55.6,1,1.0,0.5,0.0,13,46,6,1,44,Matches
Enes Ünal,tr TUR,"FW,MF",Bournemouth,27-336,1997,3.8,63,99,63.6,685,192,40,52,76.9,17,28,60.7,0,1,0.0,1,0.4,0.3,+0.6,4,4,4,0,12,Matches
Virgil van Dijk,nl NED,DF,Liverpool,33-277,1991,31.0,2230,2435,91.6,40386,15898,929,967,96.1,1102,1154,95.5,180,271,66.4,1,0.5,0.8,+0.5,10,236,3,0,152,Matches
Jamie Vardy,eng ENG,FW,Leicester City,38-090,1987,26.2,219,328,66.8,3096,355,125,169,74.0,69,88,78.4,11,16,68.8,3,2.9,2.5,+0.1,18,8,9,1,20,Matches
Renato Veiga,pt POR,"DF,MF",Chelsea,21-256,2003,2.0,118,139,84.9,2171,435,45,51,88.2,55,61,90.2,13,21,61.9,0,0.0,0.2,0.0,0,6,1,0,7,Matches
Joël Veltman,nl NED,DF,Brighton,33-086,1992,18.3,716,895,80.0,12082,3157,354,394,89.8,291,361,80.6,62,98,63.3,0,0.5,1.3,-0.5,6,61,8,5,79,Matches
Micky van de Ven,nl NED,DF,Tottenham,23-357,2001,10.1,659,725,90.9,12335,3736,203,220,92.3,408,424,96.2,41,66,62.1,2,1.2,0.7,+0.8,2,45,1,0,47,Matches
Bart Verbruggen,nl NED,GK,Brighton,22-236,2002,29.0,832,1069,77.8,19644,13256,239,241,99.2,395,403,98.0,195,417,46.8,1,0.0,0.0,+1.0,1,14,1,0,2,Matches
Jannik Vestergaard,dk DEN,DF,Leicester City,32-251,1992,15.5,870,959,90.7,14697,5807,397,418,95.0,416,444,93.7,48,81,59.3,0,0.1,0.1,-0.1,3,34,1,0,32,Matches
Guglielmo Vicario,it ITA,GK,Tottenham,28-186,1996,19.0,626,698,89.7,12023,6994,201,202,99.5,354,364,97.3,64,124,51.6,0,0.0,0.0,0.0,0,1,0,0,1,Matches
Carlos Vinícius,br BRA,MF,Fulham,30-017,1995,0.0,0,1,0.0,0,0,0,1,0.0,0,0,,0,0,,0,0.0,0.0,0.0,0,0,0,0,0,Matches
Kyle Walker,eng ENG,DF,Manchester City,34-318,1990,10.8,724,826,87.7,11928,3918,367,388,94.6,305,334,91.3,42,82,51.2,0,0.4,1.3,-0.4,7,63,7,4,64,Matches
Kyle Walker-Peters,eng ENG,DF,Southampton,27-363,1997,28.4,1349,1527,88.3,20366,5897,742,791,93.8,531,588,90.3,49,81,60.5,2,2.6,2.2,-0.6,21,105,26,3,125,Matches
Christian Walton,eng ENG,GK,Ipswich Town,29-153,1995,6.0,152,226,67.3,4170,2976,41,41,100.0,69,71,97.2,42,114,36.8,0,0.0,0.0,0.0,1,1,0,0,0,Matches
Aaron Wan-Bissaka,eng ENG,DF,West Ham,27-136,1997,29.0,1203,1490,80.7,17255,6337,763,853,89.4,377,458,82.3,45,95,47.4,2,2.5,2.2,-0.5,25,84,25,11,116,Matches
Danny Ward,wls WAL,GK,Leicester City,31-293,1993,1.5,41,53,77.4,1162,949,6,6,100.0,20,20,100.0,15,27,55.6,0,0.0,0.0,0.0,0,2,0,0,0,Matches
Joel Ward,eng ENG,DF,Crystal Palace,35-164,1989,0.0,0,2,0.0,0,0,0,1,0.0,0,1,0.0,0,0,,0,0.0,0.0,0.0,0,0,0,0,0,Matches
James Ward-Prowse,eng ENG,MF,West Ham,30-161,1994,6.5,370,429,86.2,6230,1741,195,206,94.7,138,152,90.8,32,59,54.2,1,0.6,0.8,+0.4,9,45,3,1,32,Matches
James Ward-Prowse,eng ENG,MF,Nott'ham Forest,30-161,1994,4.4,145,182,79.7,2296,768,82,88,93.2,53,61,86.9,8,23,34.8,1,1.1,0.8,-0.1,4,16,2,0,16,Matches
Ollie Watkins,eng ENG,FW,Aston Villa,29-102,1995,23.8,255,349,73.1,3183,514,161,206,78.2,67,82,81.7,8,11,72.7,6,2.7,1.6,+3.3,20,10,7,0,22,Matches
Adam Webster,eng ENG,DF,Brighton,30-097,1995,6.9,429,501,85.6,7934,3140,169,177,95.5,213,232,91.8,40,79,50.6,0,0.5,0.2,-0.5,3,32,2,0,40,Matches
Danny Welbeck,eng ENG,FW,Brighton,34-136,1990,17.7,298,359,83.0,3488,722,194,228,85.1,66,76,86.8,7,7,100.0,4,1.0,1.2,+3.0,16,12,11,0,35,Matches
Welington,br BRA,"DF,MF",Southampton,24-051,2001,2.3,64,83,77.1,1041,318,26,32,81.3,30,38,78.9,3,4,75.0,0,0.0,0.1,0.0,2,5,5,4,6,Matches
Timo Werner,de GER,"FW,MF",Tottenham,29-036,1996,5.7,158,236,66.9,2383,597,80,97,82.5,61,86,70.9,7,18,38.9,3,2.5,1.5,+0.5,10,3,15,2,30,Matches
Adam Wharton,eng ENG,MF,Crystal Palace,20-313,2004,11.2,442,581,76.1,8375,3195,163,198,82.3,217,268,81.0,56,85,65.9,0,2.3,1.8,-2.3,22,67,17,5,98,Matches
Ben White,eng ENG,DF,Arsenal,27-185,1997,8.5,335,402,83.3,5565,1905,168,185,90.8,143,166,86.1,17,35,48.6,1,0.7,0.5,+0.3,4,32,7,1,34,Matches
Mats Wieffer,nl NED,MF,Brighton,25-146,1999,5.7,340,392,86.7,5672,1543,156,170,91.8,150,169,88.8,24,31,77.4,1,0.8,0.4,+0.2,9,34,2,0,37,Matches
Neco Williams,wls WAL,DF,Nott'ham Forest,23-363,2001,21.8,612,807,75.8,9251,3738,360,402,89.6,200,277,72.2,31,75,41.3,2,1.4,1.1,+0.6,14,49,17,7,69,Matches
Willian,br BRA,"MF,FW",Fulham,36-245,1988,1.7,103,120,85.8,1787,454,52,56,92.9,44,49,89.8,7,10,70.0,0,0.2,0.2,-0.2,2,11,4,1,23,Matches
Joe Willock,eng ENG,"MF,FW",Newcastle Utd,25-234,1999,9.4,225,273,82.4,3203,714,137,154,89.0,78,91,85.7,7,16,43.8,2,1.6,0.8,+0.4,18,20,8,0,34,Matches
Callum Wilson,eng ENG,FW,Newcastle Utd,33-043,1992,2.3,23,33,69.7,305,75,12,15,80.0,9,12,75.0,0,0,,0,0.1,0.0,-0.1,1,1,0,0,3,Matches
Harry Wilson,wls WAL,"FW,MF",Fulham,28-020,1997,9.3,249,335,74.3,4168,1112,128,150,85.3,96,119,80.7,21,51,41.2,1,1.0,0.9,0.0,17,21,11,0,42,Matches
Harry Winks,eng ENG,MF,Leicester City,29-068,1996,17.1,910,1045,87.1,14101,5048,471,511,92.2,362,397,91.2,44,76,57.9,2,1.2,1.5,+0.8,17,110,7,5,101,Matches
Ben Winterburn,eng ENG,"FW,MF",Bournemouth,20-219,2004,0.3,5,7,71.4,93,44,2,3,66.7,3,4,75.0,0,0,,0,0.0,0.0,0.0,0,0,0,0,0,Matches
Yoane Wissa,cd COD,FW,Brentford,28-220,1996,25.4,373,486,76.7,5430,1288,227,265,85.7,110,146,75.3,22,38,57.9,2,1.8,1.5,+0.2,22,37,9,1,53,Matches
Chris Wood,nz NZL,FW,Nott'ham Forest,33-125,1991,26.0,258,390,66.2,3525,784,158,224,70.5,68,100,68.0,13,19,68.4,3,1.9,1.1,+1.1,15,14,8,1,33,Matches
Nathan Wood-Gordon,eng ENG,DF,Southampton,22-315,2002,6.9,363,391,92.8,6144,1494,153,162,94.4,190,197,96.4,16,23,69.6,0,0.0,0.0,0.0,1,11,0,0,17,Matches
Luke Woolfenden,eng ENG,DF,Ipswich Town,26-172,1998,11.2,437,497,87.9,8028,2692,162,168,96.4,237,253,93.7,34,65,52.3,0,0.0,0.0,0.0,0,27,0,0,15,Matches
Yehor Yarmoliuk,ua UKR,MF,Brentford,21-041,2004,10.5,428,502,85.3,7310,1687,216,249,86.7,158,180,87.8,42,50,84.0,0,0.3,0.4,-0.3,6,51,5,2,40,Matches
Ryan Yates,eng ENG,MF,Nott'ham Forest,27-141,1997,19.2,554,672,82.4,8075,1733,296,334,88.6,198,228,86.8,26,46,56.5,1,1.1,0.5,-0.1,17,44,4,0,45,Matches
Leny Yoro,fr FRA,DF,Manchester Utd,19-149,2005,9.7,528,571,92.5,8523,2822,244,255,95.7,252,266,94.7,23,36,63.9,0,0.0,0.1,0.0,0,36,2,1,43,Matches
Ashley Young,eng ENG,"DF,FW",Everton,39-276,1985,17.6,591,848,69.7,10908,4949,282,322,87.6,230,304,75.7,73,179,40.8,3,1.6,1.9,+1.4,19,68,17,8,81,Matches
Illia Zabarnyi,ua UKR,DF,Bournemouth,22-222,2002,28.1,1104,1365,80.9,23567,8867,292,325,89.8,647,714,90.6,157,299,52.5,0,0.5,0.5,-0.5,10,111,6,0,104,Matches
Oleksandr Zinchenko,ua UKR,"DF,MF",Arsenal,28-117,1996,3.3,193,243,79.4,3067,724,102,114,89.5,79,97,81.4,8,20,40.0,0,0.0,0.1,0.0,1,14,2,1,21,Matches
Joshua Zirkzee,nl NED,"FW,MF",Manchester Utd,23-324,2001,15.0,282,394,71.6,3460,869,190,243,78.2,59,77,76.6,8,17,47.1,1,1.5,1.0,-0.5,12,24,5,0,41,Matches
Martin Ødegaard,no NOR,MF,Arsenal,26-115,1998,20.4,943,1146,82.3,14228,4245,537,591,90.9,333,382,87.2,49,106,46.2,4,4.1,5.5,-0.1,47,100,63,5,192,Matches
