Player,Nation,Pos,Squad,Age,Born,90s,Touches,Def Pen,Def 3rd,Mid 3rd,Att 3rd,Att Pen,Live,Att,Succ,Succ%,Tkld,Tkld%,Carries,TotDist,PrgDist,PrgC,1/3,CPA,Mis,Dis,Rec,PrgR,Matches
Max Aarons,eng ENG,DF,Bournemouth,25-096,2000,1.0,73,2,19,40,15,0,73,2,0,0.0,1,50.0,41,152,68,1,0,0,1,0,40,3,Matches
Joshua Acheampong,eng ENG,DF,Chelsea,18-340,2006,1.9,137,7,48,81,8,3,137,2,1,50.0,0,0.0,106,709,409,0,2,0,2,0,111,0,Matches
Tyler Adams,us USA,MF,Bournemouth,26-055,1999,15.3,939,40,239,545,164,12,939,14,2,14.3,9,64.3,448,2051,936,11,15,1,21,9,500,7,Matches
Tosin Adarabioyo,eng ENG,DF,Chelsea,27-198,1997,13.1,1132,156,543,568,22,13,1132,3,2,66.7,0,0.0,675,2716,1530,5,1,0,3,0,865,1,Matches
Simon Adingra,ci CIV,"FW,MF",Brighton,23-099,2002,8.3,374,6,52,115,212,48,374,35,15,42.9,20,57.1,246,1626,759,27,15,13,29,9,262,96,Matches
Emmanuel Agbadou,ci CIV,DF,Wolves,27-297,1997,8.7,611,96,325,274,17,2,611,7,6,85.7,1,14.3,361,1760,762,1,2,0,2,3,385,0,Matches
Asher Agbinone,eng ENG,MF,Crystal Palace,19-194,2005,0.1,8,0,0,2,6,0,8,2,0,0.0,1,50.0,5,53,23,2,0,0,0,1,5,1,Matches
Ola Aina,ng NGA,DF,Nott'ham Forest,28-184,1996,28.5,1462,138,539,610,338,21,1462,64,29,45.3,24,37.5,629,4026,2328,54,35,10,39,21,691,52,Matches
Rayan Aït-Nouri,dz ALG,DF,Wolves,23-308,2001,28.3,1728,81,475,745,529,72,1728,98,48,49.0,36,36.7,896,4944,2577,68,50,22,38,36,1038,147,Matches
Kristoffer Ajer,no NOR,DF,Brentford,26-358,1998,14.4,714,47,238,334,147,33,714,14,7,50.0,6,42.9,348,1951,1116,26,10,2,14,12,450,39,Matches
Manuel Akanji,ch SUI,DF,Manchester City,29-265,1995,19.0,1591,108,472,773,348,11,1591,2,2,100.0,0,0.0,1041,5502,3286,38,52,0,4,5,1258,6,Matches
Nathan Aké,nl NED,DF,Manchester City,30-051,1995,7.5,596,51,205,331,61,5,596,1,1,100.0,0,0.0,403,2244,1501,12,12,1,4,3,449,2,Matches
Carlos Alcaraz,ar ARG,MF,Southampton,22-131,2002,0.1,17,0,1,8,9,2,17,2,0,0.0,2,100.0,12,112,98,4,1,0,0,0,12,1,Matches
Carlos Alcaraz,ar ARG,"MF,FW",Everton,22-131,2002,4.6,218,9,41,90,93,11,218,10,6,60.0,3,30.0,114,693,390,10,12,0,8,8,136,8,Matches
Trent Alexander-Arnold,eng ENG,DF,Liverpool,26-185,1998,23.8,2044,82,546,902,609,39,2044,29,13,44.8,14,48.3,1075,4978,2652,48,35,8,19,15,1299,87,Matches
Alisson,br BRA,GK,Liverpool,32-190,1992,20.9,682,499,668,14,0,0,682,1,1,100.0,0,0.0,447,1803,1063,0,0,0,1,0,407,0,Matches
Miguel Almirón,py PAR,FW,Newcastle Utd,31-059,1994,1.7,81,1,10,35,36,9,81,2,1,50.0,1,50.0,54,284,93,3,3,2,0,2,59,18,Matches
Edson Álvarez,mx MEX,MF,West Ham,27-168,1997,18.1,1101,61,323,612,174,12,1101,31,14,45.2,12,38.7,603,3371,1528,21,20,2,25,13,734,18,Matches
Will Alves,eng ENG,FW,Leicester City,20-066,2005,0.0,1,0,0,0,1,0,1,0,0,,0,,1,5,5,0,0,0,0,0,1,1,Matches
Harry Amass,eng ENG,DF,Manchester Utd,18-025,2007,0.2,27,3,12,9,6,0,27,0,0,,0,,11,44,10,0,0,0,1,3,10,1,Matches
Samuel Amo-Ameyaw,eng ENG,"FW,DF",Southampton,18-266,2006,0.3,16,0,5,5,7,1,16,4,0,0.0,3,75.0,11,98,68,1,0,1,0,2,11,3,Matches
Mathis Amougou,fr FRA,MF,Chelsea,19-082,2006,0.1,9,1,2,4,3,0,9,0,0,,0,,7,25,5,0,1,0,0,1,6,0,Matches
Joachim Andersen,dk DEN,DF,Crystal Palace,28-314,1996,1.0,93,14,38,50,5,0,93,0,0,,0,,49,189,103,1,1,0,0,1,67,1,Matches
Joachim Andersen,dk DEN,DF,Fulham,28-314,1996,21.7,1794,267,936,801,67,13,1794,4,4,100.0,0,0.0,1056,4845,2379,11,8,1,4,3,1256,1,Matches
Elliot Anderson,eng ENG,MF,Nott'ham Forest,22-155,2002,23.7,1378,76,316,648,441,55,1378,67,33,49.3,26,38.8,688,3800,1752,36,27,15,51,34,814,76,Matches
André,br BRA,MF,Wolves,23-268,2001,21.2,1213,77,333,780,110,3,1213,23,11,47.8,8,34.8,664,2798,1237,7,13,0,22,13,814,11,Matches
Michail Antonio,jm JAM,FW,West Ham,35-013,1990,9.3,296,3,26,124,151,36,296,27,9,33.3,13,48.1,173,1177,695,29,13,9,35,19,221,59,Matches
Antony,br BRA,"DF,MF",Manchester Utd,25-045,2000,1.6,101,2,22,26,54,8,101,11,4,36.4,6,54.5,60,317,182,5,6,1,5,1,69,7,Matches
Julian Araujo,mx MEX,DF,Bournemouth,23-240,2001,3.9,200,15,68,103,32,1,200,0,0,,0,,84,290,138,2,0,0,4,2,100,11,Matches
Cameron Archer,eng ENG,FW,Southampton,23-263,2001,13.9,329,14,53,148,131,46,328,29,13,44.8,15,51.7,189,947,443,16,7,13,29,23,227,58,Matches
Alphonse Areola,fr FRA,GK,West Ham,32-042,1993,19.1,814,657,808,6,0,0,814,0,0,,0,,460,1901,1008,0,0,0,0,0,423,0,Matches
Joe Aribo,ng NGA,"MF,DF",Southampton,28-263,1996,21.2,1203,46,288,632,294,44,1203,46,18,39.1,22,47.8,708,3880,1923,35,28,12,25,16,879,64,Matches
Adam Armstrong,eng ENG,"FW,MF",Southampton,28-059,1997,13.9,377,11,44,143,192,49,376,14,6,42.9,8,57.1,235,1324,599,25,13,6,11,18,286,79,Matches
Harrison Armstrong,eng ENG,MF,Everton,18-081,2007,0.5,20,0,3,12,7,2,20,1,1,100.0,0,0.0,15,110,43,1,2,0,2,3,14,0,Matches
Kepa Arrizabalaga,es ESP,GK,Bournemouth,30-189,1994,24.0,843,617,820,22,1,1,843,1,1,100.0,0,0.0,488,2436,1381,0,0,0,0,0,378,0,Matches
Marco Asensio,es ESP,"MF,FW",Aston Villa,29-079,1996,3.4,163,1,15,77,76,13,163,7,5,71.4,2,28.6,104,651,364,14,14,2,4,3,114,11,Matches
Brandon Austin,eng ENG,GK,Tottenham,26-092,1999,1.0,36,30,36,0,0,0,36,0,0,,0,,22,104,46,0,0,0,0,0,16,0,Matches
Taiwo Awoniyi,ng NGA,FW,Nott'ham Forest,27-241,1997,4.0,151,4,13,68,71,21,151,8,3,37.5,5,62.5,83,373,183,6,5,2,17,16,104,19,Matches
Yasin Ayari,se SWE,MF,Brighton,21-186,2003,17.1,957,47,216,480,274,41,957,38,16,42.1,13,34.2,483,2366,1051,22,17,6,31,21,616,54,Matches
Jordan Ayew,gh GHA,"FW,MF",Crystal Palace,33-211,1991,0.2,12,0,0,7,5,1,12,0,0,,0,,6,25,12,0,0,0,0,1,9,1,Matches
Jordan Ayew,gh GHA,"FW,MF",Leicester City,33-211,1991,14.6,649,18,89,331,251,46,648,52,19,36.5,27,51.9,389,2649,1195,38,30,7,51,31,434,68,Matches
Benoît Badiashile,fr FRA,DF,Chelsea,24-015,2001,3.7,336,31,138,186,13,0,336,1,0,0.0,1,100.0,177,660,340,3,5,0,1,0,247,2,Matches
Leon Bailey,jm JAM,"FW,MF",Aston Villa,27-244,1997,12.6,539,18,76,155,318,69,539,57,22,38.6,24,42.1,344,2540,1334,57,22,33,35,25,386,121,Matches
Carlos Baleba,cm CMR,MF,Brighton,21-097,2004,22.9,1267,56,285,751,268,10,1267,48,29,60.4,16,33.3,688,3945,1981,34,34,2,32,31,749,26,Matches
Ross Barkley,eng ENG,MF,Aston Villa,31-126,1993,6.2,429,16,68,255,112,17,429,10,8,80.0,2,20.0,254,1377,640,14,13,2,5,8,302,8,Matches
Harvey Barnes,eng ENG,FW,Newcastle Utd,27-122,1997,12.0,515,10,72,166,280,78,515,41,16,39.0,20,48.8,369,2681,1515,57,30,30,21,12,409,118,Matches
Calvin Bassey,ng NGA,DF,Fulham,25-100,1999,28.2,2023,270,990,948,105,16,2023,27,12,44.4,9,33.3,1295,6355,3562,23,14,4,27,7,1396,12,Matches
Jan Bednarek,pl POL,DF,Southampton,28-363,1996,23.1,1809,317,940,839,37,14,1809,3,3,100.0,0,0.0,914,3304,1564,4,5,1,9,3,1159,1,Matches
Armel Bella Kotchap,de GER,DF,Southampton,23-120,2001,3.7,263,33,147,115,3,1,263,1,0,0.0,1,100.0,186,936,326,0,0,0,1,0,192,0,Matches
Jean-Ricner Bellegarde,fr FRA,"MF,FW",Wolves,26-287,1998,16.0,703,21,119,322,278,41,703,57,13,22.8,30,52.6,435,2719,1329,45,33,10,34,23,490,79,Matches
Rodrigo Bentancur,uy URU,MF,Tottenham,27-289,1997,15.5,1132,67,278,673,190,21,1132,17,8,47.1,7,41.2,678,3054,1203,21,22,5,15,17,749,30,Matches
Sander Berge,no NOR,MF,Fulham,27-055,1998,20.3,1143,68,317,665,166,11,1143,16,9,56.3,5,31.3,658,3474,1502,20,18,2,9,13,726,8,Matches
Lucas Bergvall,se SWE,MF,Tottenham,19-067,2006,12.0,815,34,173,442,213,20,815,44,21,47.7,19,43.2,494,3114,1475,27,20,4,19,16,542,27,Matches
Victor Bernth Kristiansen,dk DEN,DF,Leicester City,22-115,2002,26.4,1581,113,564,711,319,15,1581,17,8,47.1,8,47.1,800,3839,1806,39,25,5,13,12,872,75,Matches
Beto,gw GNB,FW,Everton,27-069,1998,11.9,365,20,39,159,172,61,365,30,16,53.3,13,43.3,196,991,376,12,8,8,46,29,263,54,Matches
Philip Billing,dk DEN,MF,Bournemouth,28-303,1996,2.0,148,5,20,72,57,12,148,3,1,33.3,0,0.0,58,254,163,3,1,1,7,4,75,13,Matches
Yves Bissouma,ml MLI,MF,Tottenham,28-223,1996,12.8,890,56,252,503,141,5,890,21,7,33.3,14,66.7,537,3183,1461,15,17,0,22,12,619,3,Matches
Oscar Bobb,no NOR,FW,Manchester City,21-272,2003,0.1,2,0,1,1,0,0,2,0,0,,0,,1,4,0,0,0,0,0,0,1,0,Matches
Lamare Bogarde,nl NED,"DF,MF",Aston Villa,21-095,2004,5.3,325,16,95,191,40,4,325,4,2,50.0,1,25.0,173,1031,599,12,6,1,6,8,212,9,Matches
Willy Boly,ci CIV,DF,Nott'ham Forest,34-066,1991,1.7,97,22,63,32,2,1,97,0,0,,0,,35,128,45,0,0,0,1,0,46,0,Matches
Sven Botman,nl NED,DF,Newcastle Utd,25-088,2000,2.5,156,24,63,89,5,5,156,3,1,33.3,1,33.3,82,350,171,0,0,0,1,0,101,0,Matches
Jarrod Bowen,eng ENG,"FW,MF",West Ham,28-111,1996,26.3,1015,23,117,368,553,137,1014,107,40,37.4,58,54.2,599,4368,2104,88,39,47,62,63,652,164,Matches
Conor Bradley,nir NIR,DF,Liverpool,21-275,2003,4.4,377,15,118,163,102,21,377,8,3,37.5,4,50.0,207,1201,668,20,10,5,8,1,234,18,Matches
Jarrad Branthwaite,eng ENG,DF,Everton,22-287,2002,22.1,1157,172,621,489,53,19,1157,5,3,60.0,1,20.0,553,3020,1810,8,13,2,7,3,661,1,Matches
James Bree,eng ENG,DF,Southampton,27-181,1997,9.9,598,42,194,261,148,10,598,8,4,50.0,2,25.0,316,1372,688,9,11,0,6,4,385,34,Matches
Ben Brereton,cl CHI,FW,Southampton,25-357,1999,5.0,206,4,19,76,112,20,206,4,1,25.0,2,50.0,136,791,394,12,13,4,9,4,171,42,Matches
Nathan Broadhead,wls WAL,"MF,FW",Ipswich Town,27-005,1998,6.6,270,7,38,136,105,19,270,30,14,46.7,14,46.7,147,1048,480,15,13,4,18,11,187,25,Matches
Armando Broja,al ALB,FW,Everton,23-212,2001,2.3,83,4,10,25,52,13,83,14,6,42.9,7,50.0,43,462,246,10,6,3,8,9,59,18,Matches
David Brooks,wls WAL,"FW,MF",Bournemouth,27-276,1997,8.8,427,12,53,160,222,32,427,30,8,26.7,19,63.3,262,1775,792,25,20,8,26,10,284,72,Matches
Emi Buendía,ar ARG,"MF,FW",Aston Villa,28-106,1996,1.1,82,0,17,35,31,3,82,2,0,0.0,2,100.0,53,185,119,3,5,0,4,3,64,6,Matches
Santiago Bueno,uy URU,DF,Wolves,26-152,1998,17.1,937,151,475,447,18,6,937,2,0,0.0,2,100.0,514,2613,1376,1,2,0,2,2,614,1,Matches
Facundo Buonanotte,ar ARG,"FW,MF",Leicester City,20-108,2004,15.5,805,23,117,412,289,32,805,74,25,33.8,45,60.8,442,2806,1261,37,26,8,51,37,491,63,Matches
Cameron Burgess,au AUS,DF,Ipswich Town,29-171,1995,12.5,750,163,435,275,41,21,750,0,0,,0,,346,1637,845,2,4,0,2,0,439,3,Matches
Dan Burn,eng ENG,DF,Newcastle Utd,32-336,1992,29.0,1819,312,1060,682,80,37,1819,3,3,100.0,0,0.0,1042,4715,2039,6,3,1,19,3,1216,6,Matches
Wes Burns,wls WAL,"FW,DF",Ipswich Town,30-138,1994,10.3,350,21,69,129,160,18,350,24,9,37.5,14,58.3,216,1458,696,38,13,10,17,13,220,65,Matches
Moisés Caicedo,ec ECU,MF,Chelsea,23-159,2001,30.2,2140,77,461,1316,384,12,2140,47,19,40.4,18,38.3,1192,5556,2635,35,23,2,30,20,1512,28,Matches
Tom Cairney,sct SCO,MF,Fulham,34-080,1991,4.9,506,5,69,275,169,7,506,11,4,36.4,3,27.3,343,1676,807,13,15,3,4,3,417,21,Matches
Jens Cajuste,se SWE,MF,Ipswich Town,25-243,1999,17.8,831,49,230,438,175,11,831,41,23,56.1,12,29.3,379,2098,1110,23,20,3,19,11,479,14,Matches
Riccardo Calafiori,it ITA,DF,Arsenal,22-326,2002,10.3,628,30,161,249,222,29,628,13,9,69.2,3,23.1,291,1572,839,21,12,3,11,5,377,29,Matches
Dominic Calvert-Lewin,eng ENG,FW,Everton,28-025,1997,17.5,491,21,38,204,254,82,491,25,10,40.0,13,52.0,268,1398,444,22,8,16,71,32,402,105,Matches
Diego Carlos,br BRA,DF,Aston Villa,32-026,1993,9.2,674,86,331,330,15,6,674,2,2,100.0,0,0.0,419,2133,1162,3,3,0,1,2,481,0,Matches
Fabio Carvalho,pt POR,"FW,MF",Brentford,22-223,2002,5.1,247,4,44,91,113,22,247,14,2,14.3,10,71.4,137,698,356,9,3,0,13,8,145,23,Matches
Casemiro,br BRA,MF,Manchester Utd,33-046,1992,14.1,1039,67,309,523,215,37,1039,6,3,50.0,3,50.0,546,1680,775,4,10,0,10,10,663,26,Matches
Kaelan Casey,eng ENG,DF,West Ham,20-164,2004,0.0,1,1,1,0,0,0,1,0,0,,0,,0,0,0,0,0,0,0,0,0,0,Matches
Matty Cash,pl POL,DF,Aston Villa,27-246,1997,16.4,837,59,304,340,203,33,837,32,15,46.9,14,43.8,413,2711,1381,39,31,4,14,6,472,53,Matches
Eiran Cashin,ie IRL,DF,Brighton,23-152,2001,0.2,30,2,9,19,2,0,30,1,0,0.0,1,100.0,19,131,99,0,0,0,0,0,23,1,Matches
Timothy Castagne,be BEL,DF,Fulham,29-126,1995,16.9,1077,85,419,431,232,30,1077,10,4,40.0,4,40.0,521,2097,1016,17,14,2,13,5,628,65,Matches
Trevoh Chalobah,eng ENG,DF,Crystal Palace,25-279,1999,11.8,594,66,275,276,51,14,594,10,6,60.0,2,20.0,278,1213,661,11,9,1,4,7,317,6,Matches
Trevoh Chalobah,eng ENG,DF,Chelsea,25-279,1999,5.3,411,33,190,197,28,7,411,3,1,33.3,0,0.0,222,814,333,2,2,0,3,2,307,0,Matches
Conor Chaplin,eng ENG,"MF,FW",Ipswich Town,28-053,1997,6.9,286,6,47,144,100,12,286,6,3,50.0,3,50.0,138,697,380,10,7,0,9,3,195,20,Matches
Youssef Chermiti,pt POR,"FW,MF",Everton,20-321,2004,0.2,8,0,0,2,6,2,8,1,1,100.0,0,0.0,4,11,1,0,0,0,0,0,6,4,Matches
Federico Chiesa,it ITA,FW,Liverpool,27-167,1997,0.4,32,0,5,12,15,4,32,1,0,0.0,1,100.0,22,80,35,2,0,1,1,3,24,6,Matches
Ben Chilwell,eng ENG,DF,Crystal Palace,28-110,1996,1.2,83,6,30,33,21,1,83,3,0,0.0,2,66.7,34,146,99,1,0,0,2,2,34,7,Matches
Chiquinho,pt POR,MF,Wolves,25-064,2000,0.1,3,0,0,1,2,1,3,0,0,,0,,1,13,5,0,0,0,0,0,2,0,Matches
Hamza Choudhury,bd BAN,"MF,DF",Leicester City,27-191,1997,1.5,100,4,19,61,20,3,100,4,3,75.0,1,25.0,63,246,130,4,2,2,1,0,71,6,Matches
Ryan Christie,sct SCO,MF,Bournemouth,30-047,1995,23.5,1376,74,256,773,372,46,1376,48,23,47.9,22,45.8,726,3802,1773,34,40,8,44,25,777,44,Matches
Harry Clarke,eng ENG,DF,Ipswich Town,24-039,2001,4.2,268,18,100,122,47,2,268,2,1,50.0,1,50.0,118,555,222,5,7,0,4,2,163,2,Matches
Jack Clarke,eng ENG,"FW,MF",Ipswich Town,24-138,2000,9.9,421,11,92,172,168,28,421,34,20,58.8,10,29.4,245,1715,849,25,14,9,19,14,265,47,Matches
Nathaniel Clyne,eng ENG,"DF,MF",Crystal Palace,34-005,1991,5.1,262,17,103,124,35,3,262,1,0,0.0,1,100.0,155,642,306,6,2,3,4,2,172,8,Matches
Conor Coady,eng ENG,DF,Leicester City,32-044,1993,12.0,772,139,416,344,12,3,772,1,1,100.0,0,0.0,511,2169,1173,2,2,1,4,2,568,0,Matches
Séamus Coleman,ie IRL,DF,Everton,36-181,1988,2.2,100,11,39,43,19,2,100,5,4,80.0,1,20.0,43,225,109,1,1,0,1,1,51,2,Matches
Nathan Collins,ie IRL,DF,Brentford,23-345,2001,31.0,2037,327,1076,822,149,58,2037,12,6,50.0,5,41.7,1069,5784,3358,24,8,0,15,8,1240,17,Matches
Toby Collyer,eng ENG,MF,Manchester Utd,21-097,2004,2.0,129,9,46,59,25,3,129,2,1,50.0,1,50.0,68,239,56,0,0,0,11,1,71,2,Matches
Levi Colwill,eng ENG,DF,Chelsea,22-043,2003,28.0,2406,300,1110,1204,100,25,2406,8,5,62.5,3,37.5,1368,6203,3424,10,10,1,10,7,1766,7,Matches
Lewis Cook,eng ENG,"MF,DF",Bournemouth,28-066,1997,28.6,1676,72,387,882,426,19,1676,16,10,62.5,6,37.5,742,3718,2048,33,26,4,28,15,835,46,Matches
Maxwel Cornet,ci CIV,FW,Southampton,28-195,1996,0.8,34,1,8,14,13,2,34,1,0,0.0,1,100.0,16,73,26,1,0,1,3,0,23,5,Matches
Vladimír Coufal,cz CZE,DF,West Ham,32-231,1992,8.2,484,48,188,191,106,8,484,7,2,28.6,2,28.6,190,932,425,11,4,1,8,5,252,21,Matches
Woyo Coulibaly,fr FRA,DF,Leicester City,25-325,1999,1.2,76,8,27,31,20,4,76,1,0,0.0,1,100.0,48,288,169,4,2,1,4,0,36,2,Matches
Aaron Cresswell,eng ENG,DF,West Ham,35-116,1989,6.5,495,33,196,236,68,1,495,1,1,100.0,0,0.0,200,773,388,4,7,0,3,0,312,2,Matches
Marc Cucurella,es ESP,DF,Chelsea,26-262,1998,26.2,1788,91,543,827,425,59,1788,12,4,33.3,7,58.3,767,3210,1892,29,14,2,25,5,1125,96,Matches
Jorge Cuenca,es ESP,DF,Fulham,25-144,1999,2.9,152,23,88,59,6,1,152,2,2,100.0,0,0.0,65,235,116,0,1,0,1,0,92,0,Matches
Matheus Cunha,br BRA,"MF,FW",Wolves,25-318,1999,23.8,1267,20,156,579,577,106,1266,115,49,42.6,52,45.2,715,5449,2702,92,74,32,67,42,839,137,Matches
Patson Daka,zm ZAM,"FW,MF",Leicester City,26-183,1998,6.5,212,8,36,99,81,20,212,15,2,13.3,10,66.7,119,589,255,8,6,2,16,10,141,30,Matches
Diogo Dalot,pt POR,DF,Manchester Utd,26-023,1999,29.6,1889,113,638,739,526,64,1889,47,24,51.1,19,40.4,1077,4742,2578,60,36,15,35,17,1141,157,Matches
Mikkel Damsgaard,dk DEN,"MF,FW",Brentford,24-281,2000,25.9,1526,32,272,693,583,65,1526,84,44,52.4,30,35.7,863,4780,2453,59,38,8,53,40,1014,110,Matches
Danilo,br BRA,"MF,FW",Nott'ham Forest,23-346,2001,2.3,111,6,33,67,12,0,111,5,2,40.0,3,60.0,41,202,55,2,0,0,6,0,69,1,Matches
Jayden Danns,eng ENG,MF,Liverpool,19-084,2006,0.1,2,0,0,0,2,0,2,0,0,,0,,1,2,1,0,0,0,0,1,1,0,Matches
Kevin Danso,at AUT,DF,Tottenham,26-203,1998,3.9,334,42,179,141,15,7,334,2,1,50.0,1,50.0,242,1075,466,2,0,0,6,0,254,0,Matches
Ben Davies,wls WAL,DF,Tottenham,31-351,1993,9.0,748,134,391,324,33,9,748,1,1,100.0,0,0.0,437,2122,1167,6,5,0,2,0,505,5,Matches
Leif Davis,eng ENG,DF,Ipswich Town,25-088,2000,27.5,1421,108,497,469,474,36,1421,37,13,35.1,17,45.9,642,3504,1900,47,27,10,35,14,755,117,Matches
Craig Dawson,eng ENG,DF,Wolves,34-339,1990,10.8,671,130,396,249,28,14,671,5,1,20.0,2,40.0,390,1819,938,6,1,0,2,0,443,5,Matches
Kevin De Bruyne,be BEL,MF,Manchester City,33-286,1991,13.3,982,10,62,330,597,56,982,27,10,37.0,14,51.9,568,2978,1614,39,37,15,20,23,743,112,Matches
Liam Delap,eng ENG,FW,Ipswich Town,22-061,2003,25.8,612,28,71,254,303,83,610,74,35,47.3,31,41.9,403,2959,1387,57,41,27,92,54,485,100,Matches
Sepp van den Berg,nl NED,DF,Brentford,23-111,2001,21.7,1209,218,603,459,149,38,1209,7,4,57.1,3,42.9,509,2398,1187,7,9,0,13,5,665,26,Matches
Justin Devenny,nir NIR,MF,Crystal Palace,21-181,2003,3.7,192,6,38,94,65,5,192,4,2,50.0,2,50.0,83,429,199,3,4,1,9,2,113,9,Matches
Kiernan Dewsbury-Hall,eng ENG,"MF,FW",Chelsea,26-216,1998,2.9,180,4,28,94,58,6,180,4,2,50.0,2,50.0,93,474,221,5,1,0,1,3,136,11,Matches
Amad Diallo,ci CIV,"FW,MF",Manchester Utd,22-273,2002,17.7,1012,13,150,374,504,109,1012,72,36,50.0,32,44.4,656,4482,2294,92,46,52,35,32,714,159,Matches
Rúben Dias,pt POR,DF,Manchester City,27-331,1997,18.2,1813,165,592,987,237,19,1813,3,2,66.7,1,33.3,1286,7393,4343,30,51,1,5,1,1474,6,Matches
Luis Díaz,co COL,FW,Liverpool,28-087,1997,21.9,1014,13,71,355,607,141,1014,104,46,44.2,47,45.2,672,5055,2648,98,48,53,49,41,796,246,Matches
Tyler Dibling,eng ENG,"FW,MF",Southampton,19-029,2006,18.0,761,19,98,353,329,39,761,99,42,42.4,36,36.4,488,3942,1970,63,45,26,39,49,568,85,Matches
Lucas Digne,fr FRA,DF,Aston Villa,31-264,1993,23.9,1422,86,485,434,513,28,1422,18,9,50.0,8,44.4,652,2822,1253,21,14,4,17,15,778,135,Matches
Issa Diop,fr FRA,DF,Fulham,28-091,1997,14.9,903,125,498,381,26,13,903,2,1,50.0,1,50.0,533,2426,1216,6,2,0,9,2,617,3,Matches
Axel Disasi,fr FRA,DF,Aston Villa,27-030,1998,5.1,324,32,125,174,28,6,324,15,9,60.0,6,40.0,204,1250,618,10,8,2,3,2,219,5,Matches
Axel Disasi,fr FRA,DF,Chelsea,27-030,1998,4.0,323,17,110,175,40,2,323,1,1,100.0,0,0.0,196,953,519,6,3,0,1,3,242,2,Matches
Roman Dixon,eng ENG,DF,Everton,20-105,2004,1.0,36,8,19,14,4,0,36,3,0,0.0,3,100.0,16,107,48,0,0,0,2,0,13,1,Matches
Nasser Djiga,bf BFA,DF,Wolves,22-146,2002,0.2,16,2,8,8,0,0,16,0,0,,0,,7,25,0,0,0,0,1,2,7,1,Matches
Matt Doherty,ie IRL,DF,Wolves,33-084,1992,19.6,1293,106,498,637,175,25,1293,20,11,55.0,6,30.0,684,3194,1943,29,19,4,11,5,811,39,Matches
Jeremy Doku,be BEL,"FW,MF",Manchester City,22-318,2002,14.1,844,4,40,198,628,116,844,166,92,55.4,48,28.9,650,6097,3833,166,77,77,48,50,700,223,Matches
Nicolás Domínguez,ar ARG,"MF,FW",Nott'ham Forest,26-286,1998,16.6,937,60,233,490,222,23,937,8,3,37.5,3,37.5,357,1406,654,12,9,2,16,9,516,22,Matches
Patrick Dorgu,dk DEN,DF,Manchester Utd,20-166,2004,4.5,296,11,77,102,119,20,296,5,2,40.0,2,40.0,178,1017,678,20,10,3,8,5,196,43,Matches
Alfie Dorrington,eng ENG,DF,Tottenham,19-355,2005,0.2,16,0,11,5,0,0,16,0,0,,0,,12,61,26,0,0,0,0,0,13,0,Matches
Abdoulaye Doucouré,ml MLI,MF,Everton,32-099,1993,23.9,970,30,204,442,338,46,970,33,18,54.5,15,45.5,505,2546,1211,35,21,5,30,31,619,79,Matches
Cheick Doucouré,ml MLI,MF,Crystal Palace,25-092,2000,5.0,263,11,56,165,45,4,263,5,2,40.0,2,40.0,133,581,280,2,7,1,4,7,160,7,Matches
Flynn Downes,eng ENG,MF,Southampton,26-080,1999,17.9,1048,71,315,560,179,19,1048,13,4,30.8,7,53.8,494,2677,1405,21,17,4,12,16,745,26,Matches
Tommy Doyle,eng ENG,MF,Wolves,23-175,2001,5.4,463,22,128,258,80,4,463,9,5,55.6,1,11.1,260,1417,578,6,3,0,9,4,303,4,Matches
Radu Drăgușin,ro ROU,DF,Tottenham,23-066,2002,13.9,961,148,510,430,30,12,961,2,0,0.0,0,0.0,623,3349,1666,7,3,0,8,2,669,2,Matches
Martin Dúbravka,sk SVK,GK,Newcastle Utd,36-085,1989,10.0,350,262,337,14,0,0,350,0,0,,0,,202,1043,643,0,0,0,0,0,175,0,Matches
Lewis Dunk,eng ENG,DF,Brighton,33-140,1991,19.1,1801,221,868,851,92,16,1801,1,0,0.0,1,100.0,1117,5326,2906,20,16,0,5,3,1317,3,Matches
Jáder Durán,co COL,FW,Aston Villa,21-118,2003,7.1,263,13,36,110,122,47,263,14,3,21.4,9,64.3,133,535,267,7,7,2,16,15,192,44,Matches
Ederson,br BRA,GK,Manchester City,31-236,1993,21.0,804,564,795,9,0,0,804,0,0,,0,,540,2526,1609,0,0,0,1,0,510,0,Matches
George Edmundson,eng ENG,DF,Ipswich Town,27-222,1997,0.0,3,1,3,0,0,0,3,0,0,,0,,1,2,0,0,0,0,0,0,1,0,Matches
Odsonne Édouard,fr FRA,"MF,FW",Crystal Palace,27-084,1998,1.3,45,1,4,23,18,8,45,1,0,0.0,1,100.0,23,107,50,2,1,2,4,1,26,7,Matches
Odsonne Édouard,fr FRA,FW,Leicester City,27-084,1998,0.3,20,1,2,7,11,6,20,2,1,50.0,1,50.0,11,25,2,0,0,1,7,2,13,2,Matches
Samuel Edozie,eng ENG,"DF,FW",Southampton,22-072,2003,0.7,43,0,0,7,36,10,43,4,2,50.0,2,50.0,34,336,197,6,2,4,4,0,39,23,Matches
Ronnie Edwards,eng ENG,DF,Southampton,22-013,2003,0.1,6,3,4,2,0,0,6,0,0,,0,,3,10,0,0,0,0,0,0,5,0,Matches
Anthony Elanga,se SWE,FW,Nott'ham Forest,22-348,2002,21.9,875,29,124,247,520,86,875,71,22,31.0,32,45.1,460,3593,2062,79,40,36,64,33,575,161,Matches
Harvey Elliott,eng ENG,"MF,FW",Liverpool,22-006,2003,1.8,191,2,18,81,93,13,191,5,2,40.0,3,60.0,113,509,249,7,6,5,2,2,145,20,Matches
Yunus Emre Konak,tr TUR,"FW,MF",Brentford,19-090,2006,0.3,39,0,6,20,13,0,39,2,0,0.0,2,100.0,13,57,36,1,0,1,2,3,21,1,Matches
Julio Enciso,py PAR,"FW,MF",Ipswich Town,21-077,2004,4.8,218,2,24,109,92,10,218,27,16,59.3,11,40.7,106,777,456,11,13,4,10,18,150,24,Matches
Julio Enciso,py PAR,"MF,FW",Brighton,21-077,2004,3.3,202,2,17,72,116,20,202,21,10,47.6,8,38.1,114,678,386,11,10,4,7,9,141,17,Matches
Wataru Endo,jp JPN,MF,Liverpool,32-060,1993,1.6,111,4,25,69,18,2,111,1,1,100.0,0,0.0,48,174,47,0,0,1,5,2,71,1,Matches
Christian Eriksen,dk DEN,MF,Manchester Utd,33-055,1992,9.0,618,20,124,314,184,11,618,3,0,0.0,3,100.0,348,1258,545,8,8,0,6,4,408,23,Matches
Romain Esse,eng ENG,MF,Crystal Palace,19-332,2005,0.1,7,0,1,3,3,2,7,0,0,,0,,3,17,1,0,0,0,0,0,4,2,Matches
Pervis Estupiñán,ec ECU,DF,Brighton,27-079,1998,20.7,1482,61,372,740,384,24,1482,27,13,48.1,13,48.1,767,3702,1985,48,36,7,25,23,898,93,Matches
Evanilson,br BRA,FW,Bournemouth,25-186,1999,19.1,408,15,31,154,225,101,407,19,6,31.6,7,36.8,249,1355,637,24,13,13,28,19,291,79,Matches
Jonny Evans,nir NIR,DF,Manchester Utd,37-097,1988,3.2,223,30,125,91,11,2,223,1,1,100.0,0,0.0,128,498,183,1,0,0,1,0,137,2,Matches
Eberechi Eze,eng ENG,"MF,FW",Crystal Palace,26-285,1998,23.3,1200,13,155,563,511,78,1200,119,56,47.1,57,47.9,722,4428,2072,62,41,20,42,40,788,135,Matches
Łukasz Fabiański,pl POL,GK,West Ham,39-357,1985,11.9,488,382,483,5,0,0,488,2,2,100.0,0,0.0,258,1371,845,0,0,0,0,0,227,0,Matches
Wout Faes,be BEL,DF,Leicester City,27-007,1998,25.3,1531,246,744,730,65,26,1531,5,4,80.0,1,20.0,873,4107,2433,11,12,2,15,5,998,1,Matches
Abdul Fatawu Issahaku,gh GHA,FW,Leicester City,21-033,2004,6.4,326,19,73,114,157,26,326,69,29,42.0,28,40.6,217,1869,1055,42,24,15,18,12,216,60,Matches
João Félix,pt POR,"FW,MF",Chelsea,25-151,1999,4.1,272,2,26,128,125,30,272,31,10,32.3,14,45.2,193,1248,712,21,13,5,6,4,218,30,Matches
Evan Ferguson,ie IRL,FW,West Ham,20-173,2004,1.6,61,1,6,26,29,10,61,5,3,60.0,2,40.0,31,123,41,1,1,1,8,5,40,6,Matches
Evan Ferguson,ie IRL,FW,Brighton,20-173,2004,2.7,88,7,13,50,26,9,88,2,1,50.0,1,50.0,42,183,56,2,1,2,5,6,52,9,Matches
Bruno Fernandes,pt POR,MF,Manchester Utd,30-214,1994,28.4,2187,53,364,1034,811,68,2184,61,25,41.0,30,49.2,1283,6030,3139,60,53,10,35,35,1528,112,Matches
Mateus Fernandes,pt POR,MF,Southampton,20-274,2004,25.8,1427,50,300,706,452,43,1427,90,43,47.8,40,44.4,737,4715,2546,65,55,8,42,29,881,91,Matches
Enzo Fernández,ar ARG,MF,Chelsea,24-083,2001,25.8,1822,31,288,933,613,68,1822,43,21,48.8,15,34.9,981,4400,2188,47,46,7,25,26,1331,93,Matches
Mark Flekken,nl NED,GK,Brentford,31-301,1993,29.4,1515,1184,1471,49,0,0,1515,1,1,100.0,0,0.0,928,4676,2666,0,0,0,2,0,850,0,Matches
Phil Foden,eng ENG,"MF,FW",Manchester City,24-317,2000,18.7,1074,13,81,374,628,79,1074,39,13,33.3,21,53.8,676,3472,1674,47,30,15,35,30,840,119,Matches
Wesley Fofana,fr FRA,DF,Chelsea,24-114,2000,13.0,933,81,370,523,55,10,933,15,8,53.3,3,20.0,557,3149,1614,19,12,1,16,5,665,4,Matches
Carlos Forbs,pt POR,"MF,FW",Wolves,21-022,2004,2.6,117,3,20,38,60,13,117,12,7,58.3,5,41.7,72,435,297,9,3,8,7,4,82,28,Matches
Fraser Forster,eng ENG,GK,Tottenham,37-024,1988,7.0,228,212,228,0,0,0,228,1,1,100.0,0,0.0,113,501,264,0,0,0,1,0,94,0,Matches
Matheus França,br BRA,"MF,DF",Crystal Palace,21-009,2004,0.2,8,0,0,3,5,2,8,0,0,,0,,7,29,15,1,0,1,1,0,6,1,Matches
Ryan Fraser,sct SCO,"FW,DF",Southampton,31-045,1994,3.4,131,12,45,50,37,3,131,3,2,66.7,1,33.3,74,492,252,10,5,2,4,2,94,18,Matches
Niclas Füllkrug,de GER,FW,West Ham,32-060,1993,5.0,152,10,13,77,62,24,152,4,1,25.0,3,75.0,55,205,110,4,2,2,11,3,106,15,Matches
Cody Gakpo,nl NED,FW,Liverpool,25-338,1999,16.3,685,20,64,201,434,79,685,47,27,57.4,15,31.9,457,3192,1601,40,25,18,34,17,515,216,Matches
Idrissa Gana Gueye,sn SEN,MF,Everton,35-196,1989,27.2,1425,63,350,803,278,19,1425,35,17,48.6,16,45.7,663,3052,1327,20,21,4,25,32,817,21,Matches
Andrés García,es ESP,"DF,MF",Aston Villa,22-062,2003,3.5,248,6,36,104,110,2,248,18,5,27.8,12,66.7,155,1230,658,25,13,2,10,6,162,27,Matches
Alejandro Garnacho,ar ARG,"MF,FW",Manchester Utd,20-283,2004,20.2,948,13,110,308,546,139,948,74,21,28.4,46,62.2,691,5270,2702,118,61,57,51,41,722,241,Matches
James Garner,eng ENG,"MF,DF",Everton,24-028,2001,10.7,555,26,142,262,157,8,555,13,5,38.5,8,61.5,251,1013,342,7,9,1,9,6,278,17,Matches
Tyrique George,eng ENG,FW,Chelsea,19-065,2006,1.0,51,0,9,12,31,8,51,4,3,75.0,1,25.0,36,342,206,9,1,5,1,0,41,16,Matches
Morgan Gibbs-White,eng ENG,MF,Nott'ham Forest,25-073,2000,24.4,1313,28,155,650,529,82,1313,69,28,40.6,31,44.9,742,4299,2200,61,45,12,62,36,991,109,Matches
Billy Gilmour,sct SCO,MF,Brighton,23-303,2001,1.1,73,2,14,46,13,0,73,2,1,50.0,1,50.0,44,210,117,2,0,0,0,0,58,2,Matches
Ben Godfrey,eng ENG,DF,Ipswich Town,27-085,1998,1.2,63,3,22,32,9,1,63,0,0,,0,,33,202,79,2,2,0,2,1,40,1,Matches
Martial Godo,eng ENG,FW,Fulham,22-027,2003,0.2,11,0,1,4,6,3,11,2,0,0.0,2,100.0,8,48,18,0,0,0,0,0,6,3,Matches
João Gomes,br BRA,MF,Wolves,24-057,2001,27.0,1617,55,346,887,403,37,1617,49,21,42.9,22,44.9,836,4926,2359,49,45,5,32,43,1073,61,Matches
Rodrigo Gomes,pt POR,"DF,FW",Wolves,21-277,2003,6.6,311,22,73,109,134,23,311,11,3,27.3,6,54.5,155,1056,643,19,13,7,14,6,179,57,Matches
Toti Gomes,pt POR,DF,Wolves,26-084,1999,22.0,1511,185,713,731,85,15,1511,23,16,69.6,5,21.7,871,4326,2369,20,16,0,16,12,1014,12,Matches
Diego Gómez,py PAR,MF,Brighton,22-014,2003,4.4,304,16,72,166,70,5,304,12,6,50.0,6,50.0,142,516,233,5,3,0,6,9,180,11,Matches
Joe Gomez,eng ENG,DF,Liverpool,27-322,1997,5.8,481,54,183,264,37,5,481,0,0,,0,,303,1638,947,5,2,1,1,2,335,2,Matches
Nicolás González,es ESP,MF,Manchester City,23-097,2002,5.3,463,10,66,288,110,6,463,4,1,25.0,2,50.0,288,1193,455,5,7,1,6,5,354,8,Matches
Anthony Gordon,eng ENG,FW,Newcastle Utd,24-045,2001,23.4,1100,16,110,413,595,122,1098,93,35,37.6,42,45.2,710,5230,2813,104,52,54,28,34,787,187,Matches
Ryan Gravenberch,nl NED,MF,Liverpool,22-329,2002,29.5,1997,98,412,1175,436,22,1997,67,31,46.3,25,37.3,1196,6290,3171,59,65,9,43,19,1431,49,Matches
Archie Gray,eng ENG,"DF,MF",Tottenham,19-029,2006,14.0,1046,133,526,472,57,1,1046,8,4,50.0,3,37.5,741,3362,1393,4,5,0,6,8,796,7,Matches
Jack Grealish,eng ENG,"FW,MF",Manchester City,29-212,1995,8.0,509,14,38,155,321,70,509,27,13,48.1,9,33.3,368,2843,1708,69,23,46,10,16,413,118,Matches
Jacob Greaves,eng ENG,DF,Ipswich Town,24-210,2000,18.5,1064,222,582,426,60,15,1064,2,1,50.0,1,50.0,503,2156,909,6,8,0,7,2,673,4,Matches
Brajan Gruda,de GER,"FW,MF",Brighton,20-314,2004,5.4,243,4,30,83,132,29,243,20,8,40.0,8,40.0,141,987,458,15,16,9,7,20,160,45,Matches
Albert Grønbaek,dk DEN,"FW,MF",Southampton,23-322,2001,1.6,38,2,9,14,15,2,38,4,0,0.0,4,100.0,18,79,15,1,0,1,5,4,21,3,Matches
Gonçalo Guedes,pt POR,"MF,FW",Wolves,28-132,1996,8.6,366,4,42,161,176,28,366,20,5,25.0,11,55.0,223,1693,878,31,19,5,33,14,247,58,Matches
Marc Guéhi,eng ENG,DF,Crystal Palace,24-271,2000,29.0,1836,275,934,798,114,24,1836,14,11,78.6,2,14.3,963,4860,2536,17,15,1,14,15,1129,8,Matches
Luis Guilherme,br BRA,"MF,FW",West Ham,19-060,2006,1.2,66,3,14,25,27,3,66,6,2,33.3,2,33.3,31,237,111,3,2,1,1,2,41,11,Matches
Bruno Guimarães,br BRA,MF,Newcastle Utd,27-145,1997,28.6,1737,66,376,910,469,49,1737,63,27,42.9,20,31.7,1141,6274,2748,44,35,7,47,69,1298,69,Matches
Marc Guiu,es ESP,FW,Chelsea,19-096,2006,0.8,22,0,2,8,12,3,22,1,0,0.0,1,100.0,12,30,8,0,0,0,2,0,12,3,Matches
İlkay Gündoğan,de GER,MF,Manchester City,34-168,1990,18.9,1506,35,224,730,571,49,1506,28,13,46.4,10,35.7,893,4957,2380,44,46,7,20,17,1176,70,Matches
Malo Gusto,fr FRA,DF,Chelsea,21-326,2003,19.2,1464,54,364,709,402,39,1464,15,4,26.7,10,66.7,800,4028,2027,44,31,7,15,17,978,79,Matches
Joško Gvardiol,hr CRO,DF,Manchester City,23-077,2002,29.4,2505,119,616,1203,707,82,2505,39,23,59.0,13,33.3,1605,8403,4655,74,88,13,23,15,1821,96,Matches
Erling Haaland,no NOR,FW,Manchester City,24-263,2000,27.6,578,22,39,200,344,170,575,32,11,34.4,19,59.4,272,1310,478,19,14,19,39,25,427,103,Matches
Lewis Hall,eng ENG,DF,Newcastle Utd,20-214,2004,24.3,1820,95,623,804,414,47,1820,21,11,52.4,7,33.3,950,4398,2358,41,22,13,33,20,1094,80,Matches
Ali Al Hamadi,iq IRQ,FW,Ipswich Town,23-040,2002,1.5,53,2,6,20,30,9,53,7,4,57.1,3,42.9,29,187,111,4,3,4,7,4,36,14,Matches
Marcus Harness,eng ENG,MF,Ipswich Town,29-045,1996,0.5,22,4,7,2,13,3,22,1,0,0.0,1,100.0,9,49,14,0,0,0,0,0,9,1,Matches
Jack Harrison,eng ENG,FW,Everton,28-141,1996,18.4,734,29,131,256,354,57,734,64,20,31.3,38,59.4,410,2313,1204,49,25,14,40,35,471,94,Matches
Taylor Harwood-Bellis,eng ENG,DF,Southampton,23-070,2002,25.6,2098,276,969,986,152,34,2098,3,3,100.0,0,0.0,1208,5569,3240,27,27,0,13,5,1525,8,Matches
Kai Havertz,de GER,"FW,MF",Arsenal,25-303,1999,20.4,768,31,88,282,403,103,768,38,9,23.7,24,63.2,411,1957,922,34,23,18,42,22,575,110,Matches
Ayden Heaven,eng ENG,DF,Manchester Utd,18-200,2006,1.1,67,21,42,23,3,1,67,2,2,100.0,0,0.0,42,245,122,1,1,0,2,1,40,1,Matches
Jan Paul van Hecke,nl NED,DF,Brighton,24-306,2000,27.9,2232,237,955,1154,142,28,2232,10,4,40.0,4,40.0,1471,9213,6356,50,39,0,10,7,1563,5,Matches
Hwang Hee-chan,kr KOR,"MF,FW",Wolves,29-074,1996,7.1,254,9,39,97,120,22,254,11,1,9.1,10,90.9,146,913,416,14,5,7,12,10,168,40,Matches
Dean Henderson,eng ENG,GK,Crystal Palace,28-029,1997,30.0,1050,853,1047,2,1,1,1050,0,0,,0,,598,3597,1638,0,0,0,2,0,462,0,Matches
Rico Henry,eng ENG,DF,Brentford,27-276,1997,0.0,6,0,4,1,1,0,6,0,0,,0,,2,5,0,0,0,0,0,0,2,1,Matches
Mads Hermansen,dk DEN,GK,Leicester City,24-273,2000,23.5,998,715,959,41,0,0,998,1,1,100.0,0,0.0,631,3177,1691,0,0,0,1,0,546,0,Matches
Son Heung-min,kr KOR,FW,Tottenham,32-276,1992,22.3,1093,15,110,347,646,117,1091,82,29,35.4,40,48.8,732,4522,2334,87,45,40,25,29,837,259,Matches
James Hill,eng ENG,DF,Bournemouth,23-090,2002,5.0,319,19,99,167,54,8,319,2,1,50.0,1,50.0,146,552,295,3,6,0,2,0,179,8,Matches
Jack Hinshelwood,eng ENG,"DF,MF",Brighton,19-364,2005,15.7,928,44,269,422,242,21,928,9,1,11.1,7,77.8,420,1802,878,15,15,1,16,2,562,38,Matches
George Hirst,sct SCO,FW,Ipswich Town,26-054,1999,3.3,113,6,17,36,61,17,113,3,2,66.7,1,33.3,62,310,111,6,1,5,14,8,93,21,Matches
Mason Holgate,eng ENG,"FW,DF",Everton,28-170,1996,0.1,3,0,0,2,1,0,3,0,0,,0,,1,0,0,0,0,0,1,0,1,0,Matches
Callum Hudson-Odoi,eng ENG,FW,Nott'ham Forest,24-154,2000,22.0,938,14,101,293,566,69,938,57,32,56.1,17,29.8,586,4832,3072,116,55,43,43,22,717,180,Matches
Will Hughes,eng ENG,MF,Crystal Palace,29-358,1995,18.3,972,35,215,509,260,14,972,11,3,27.3,5,45.5,432,2295,1070,18,22,1,16,22,547,24,Matches
Dean Huijsen,es ESP,DF,Bournemouth,19-361,2005,20.8,1506,199,709,707,98,28,1506,5,2,40.0,3,60.0,815,4913,3022,31,14,0,14,1,916,9,Matches
Omari Hutchinson,eng ENG,"MF,FW",Ipswich Town,21-162,2003,24.7,1061,12,168,450,463,74,1061,114,45,39.5,54,47.4,645,4832,2288,71,35,30,68,55,748,131,Matches
Rasmus Højlund,dk DEN,FW,Manchester Utd,22-065,2003,17.2,396,5,23,201,178,50,396,25,7,28.0,16,64.0,247,1198,513,23,11,14,56,26,311,79,Matches
Igor,br BRA,DF,Brighton,27-062,1998,10.0,764,109,377,353,38,1,764,4,3,75.0,1,25.0,497,2837,1782,9,14,0,1,0,568,0,Matches
Danny Ings,eng ENG,"FW,MF",West Ham,32-261,1992,3.2,139,2,15,51,73,27,139,7,4,57.1,2,28.6,63,324,118,6,0,2,6,6,96,29,Matches
Tim Iroegbunam,eng ENG,MF,Everton,21-284,2003,6.2,248,20,79,117,58,12,248,19,8,42.1,7,36.8,119,708,360,8,10,2,10,18,108,9,Matches
Andy Irving,sct SCO,MF,West Ham,24-332,2000,1.8,150,7,37,89,24,0,150,1,1,100.0,0,0.0,73,305,137,0,1,0,1,3,104,4,Matches
Alexander Isak,se SWE,FW,Newcastle Utd,25-201,1999,24.3,838,19,52,310,489,150,836,80,39,48.8,40,50.0,510,3167,1623,72,38,40,54,48,592,174,Matches
Alex Iwobi,ng NGA,"FW,MF",Fulham,28-342,1996,27.4,1533,31,211,615,731,98,1533,80,40,50.0,36,45.0,1088,6599,3621,119,90,34,52,37,1192,202,Matches
Nicolas Jackson,sn SEN,FW,Chelsea,23-294,2001,20.7,583,19,43,241,307,124,583,55,17,30.9,28,50.9,349,2217,1188,43,22,28,56,34,425,101,Matches
Reece James,eng ENG,"DF,MF",Chelsea,25-123,1999,8.5,703,31,203,386,118,4,703,15,6,40.0,5,33.3,358,1413,655,5,4,0,6,4,442,8,Matches
Vitaly Janelt,de GER,MF,Brentford,26-335,1998,24.2,1259,117,405,565,297,30,1259,11,3,27.3,6,54.5,640,2983,1272,17,17,3,16,10,800,36,Matches
Vitezslav Jaros,cz CZE,GK,Liverpool,23-261,2001,0.1,8,5,8,0,0,0,8,0,0,,0,,7,29,8,0,0,0,0,0,5,0,Matches
Daniel Jebbison,eng ENG,FW,Bournemouth,21-240,2003,0.8,52,2,4,21,27,9,52,5,4,80.0,1,20.0,33,212,81,2,1,3,11,4,37,11,Matches
Mathias Jensen,dk DEN,MF,Brentford,29-099,1996,8.3,487,20,109,204,176,9,487,14,8,57.1,4,28.6,264,1145,527,6,8,0,7,6,303,25,Matches
Gabriel Jesus,br BRA,FW,Arsenal,28-007,1997,6.8,299,9,28,108,165,48,299,22,9,40.9,10,45.5,179,953,432,15,6,11,13,13,217,57,Matches
Raúl Jiménez,mx MEX,FW,Fulham,33-340,1991,21.4,799,27,93,347,370,137,796,44,18,40.9,23,52.3,445,1999,879,30,16,16,53,38,582,107,Matches
Kim Jisoo,kr KOR,DF,Brentford,20-107,2004,0.3,30,1,15,12,3,0,30,0,0,,0,,15,57,22,0,0,0,0,1,22,0,Matches
João Pedro,br BRA,"FW,MF",Brighton,23-196,2001,20.0,854,10,51,351,463,112,851,72,25,34.7,39,54.2,552,3383,1596,61,33,29,68,36,673,118,Matches
Joelinton,br BRA,"MF,FW",Newcastle Utd,28-239,1996,24.0,1242,65,248,600,407,76,1242,44,14,31.8,27,61.4,674,3369,1661,37,23,8,35,51,845,100,Matches
Ben Johnson,eng ENG,"DF,FW",Ipswich Town,25-076,2000,12.6,554,52,218,197,142,10,554,21,7,33.3,12,57.1,227,1328,528,15,10,3,20,15,257,27,Matches
Brennan Johnson,wls WAL,FW,Tottenham,23-322,2001,20.9,758,16,85,256,429,117,758,39,18,46.2,18,46.2,476,2567,1305,54,18,32,23,15,550,179,Matches
Sam Johnstone,eng ENG,GK,Wolves,32-016,1993,7.0,306,229,304,2,0,0,306,0,0,,0,,196,1221,756,0,0,0,0,0,179,0,Matches
Curtis Jones,eng ENG,"MF,DF",Liverpool,24-070,2001,15.0,957,26,147,511,305,50,957,15,10,66.7,4,26.7,581,2820,1265,20,13,5,21,29,717,65,Matches
Jorginho,it ITA,MF,Arsenal,33-111,1991,6.8,443,9,81,262,105,3,443,4,1,25.0,2,50.0,258,1320,754,10,9,0,9,9,330,4,Matches
Diogo Jota,pt POR,FW,Liverpool,28-127,1996,10.9,407,5,27,162,225,83,407,29,11,37.9,17,58.6,228,1357,711,34,21,20,35,21,283,81,Matches
James Justin,eng ENG,DF,Leicester City,27-046,1998,27.1,1606,126,560,714,342,36,1606,28,9,32.1,12,42.9,708,2955,1454,35,24,4,30,11,881,90,Matches
Filip Jørgensen,dk DEN,GK,Chelsea,22-359,2002,6.0,202,174,201,1,0,0,202,0,0,,0,,145,676,423,0,0,0,0,0,139,0,Matches
Ferdi Kadioglu,tr TUR,"DF,MF",Brighton,25-185,1999,4.3,231,13,71,91,72,9,231,7,3,42.9,3,42.9,124,479,183,1,0,0,6,2,144,27,Matches
Daichi Kamada,jp JPN,MF,Crystal Palace,28-248,1996,12.3,682,17,142,361,183,20,682,11,4,36.4,6,54.5,331,1589,734,18,12,4,12,17,436,43,Matches
Boubacar Kamara,fr FRA,MF,Aston Villa,25-138,1999,13.3,827,82,257,477,98,8,827,22,8,36.4,7,31.8,428,2126,1019,16,10,1,7,9,551,5,Matches
Michael Kayode,it ITA,DF,Brentford,20-274,2004,0.5,33,1,11,9,13,3,33,0,0,,0,,12,69,38,2,1,1,0,0,14,6,Matches
Michael Keane,eng ENG,DF,Everton,32-089,1993,9.0,409,78,226,167,18,14,409,1,0,0.0,1,100.0,187,736,234,1,1,0,0,2,236,3,Matches
Caoimhín Kelleher,ie IRL,GK,Liverpool,26-138,1998,10.0,398,286,396,2,0,0,398,1,1,100.0,0,0.0,290,1131,616,0,0,0,1,0,275,0,Matches
Lloyd Kelly,eng ENG,DF,Newcastle Utd,26-186,1998,3.4,215,26,105,94,19,4,215,3,2,66.7,1,33.3,120,474,202,0,2,0,3,2,129,5,Matches
Milos Kerkez,hu HUN,DF,Bournemouth,21-154,2003,30.2,1727,93,443,734,571,55,1727,41,17,41.5,14,34.1,869,5038,2962,85,56,14,41,15,930,151,Matches
Bilal El Khannouss,ma MAR,MF,Leicester City,20-335,2004,18.4,997,11,134,519,353,26,997,41,24,58.5,16,39.0,569,3409,1549,54,35,8,32,28,673,70,Matches
Abdukodir Khusanov,uz UZB,DF,Manchester City,21-040,2004,5.6,445,45,205,211,31,1,445,2,0,0.0,2,100.0,274,1155,435,1,1,0,2,1,332,2,Matches
Max Kilman,eng ENG,DF,West Ham,27-322,1997,30.2,1897,368,1046,774,92,28,1897,18,13,72.2,1,5.6,1010,4559,2627,26,10,2,13,2,1257,5,Matches
Joshua King,eng ENG,"MF,FW",Fulham,18-097,2007,0.9,54,2,8,19,28,7,54,7,4,57.1,3,42.9,22,176,70,1,3,0,1,3,36,9,Matches
Antonín Kinský,cz CZE,GK,Tottenham,22-028,2003,4.0,156,134,154,2,0,0,156,0,0,,0,,97,444,267,1,0,0,0,0,98,0,Matches
Jakub Kiwior,pl POL,DF,Arsenal,25-054,2000,5.5,326,41,129,182,15,2,326,3,2,66.7,1,33.3,168,737,414,4,0,1,1,1,233,0,Matches
Justin Kluivert,nl NED,"MF,FW",Bournemouth,25-340,1999,21.5,879,21,87,295,517,111,873,76,31,40.8,36,47.4,511,3273,1885,64,44,33,44,24,562,132,Matches
Ibrahima Konaté,fr FRA,DF,Liverpool,25-320,1999,22.8,1762,194,756,913,98,18,1762,4,2,50.0,1,25.0,1043,4835,2812,21,12,0,8,2,1271,2,Matches
Ezri Konsa,eng ENG,DF,Aston Villa,27-169,1997,25.6,1546,188,733,728,92,17,1546,17,7,41.2,7,41.2,905,4582,2273,16,8,2,15,8,1082,11,Matches
Mateo Kovačić,hr CRO,MF,Manchester City,30-339,1994,19.7,1686,40,247,953,505,15,1686,36,19,52.8,11,30.6,1128,6704,3147,48,62,3,15,28,1360,14,Matches
Caleb Kporha,eng ENG,DF,Crystal Palace,18-269,2006,0.1,11,1,4,2,5,0,11,0,0,,0,,4,46,36,1,1,0,0,2,3,0,Matches
Emil Krafth,se SWE,DF,Newcastle Utd,30-251,1994,2.8,118,24,67,36,15,4,118,1,0,0.0,1,100.0,54,206,64,1,2,0,2,1,58,1,Matches
Mohammed Kudus,gh GHA,"FW,MF",West Ham,24-251,2000,23.1,1018,10,136,421,495,101,1018,169,73,43.2,79,46.7,673,4392,2055,81,52,35,60,79,791,175,Matches
Dejan Kulusevski,se SWE,"MF,FW",Tottenham,24-350,2000,23.9,1172,20,133,390,673,145,1172,107,35,32.7,64,59.8,766,5793,3065,115,66,37,71,69,834,199,Matches
Maxence Lacroix,fr FRA,DF,Crystal Palace,25-004,2000,26.9,1571,277,951,560,67,32,1571,13,8,61.5,3,23.1,843,4000,1842,8,4,0,18,3,931,6,Matches
Adam Lallana,eng ENG,MF,Southampton,36-335,1988,4.0,318,19,91,155,73,6,318,12,5,41.7,5,41.7,178,831,366,6,8,0,10,6,245,10,Matches
Tariq Lamptey,gh GHA,DF,Brighton,24-192,2000,8.5,489,25,147,208,137,9,489,27,9,33.3,15,55.6,267,1867,893,25,13,2,9,4,276,40,Matches
Will Lankshear,eng ENG,"FW,MF",Tottenham,19-355,2005,0.1,3,0,0,2,1,0,3,0,0,,0,,3,3,0,0,0,0,2,0,3,1,Matches
Roméo Lavia,be BEL,MF,Chelsea,21-094,2004,6.0,344,12,86,209,53,1,344,12,7,58.3,5,41.7,204,935,407,3,8,0,1,6,249,6,Matches
Mario Lemina,ga GAB,"MF,DF",Wolves,31-221,1993,15.2,809,92,324,378,119,18,809,16,10,62.5,4,25.0,382,2068,1038,8,12,2,21,11,482,21,Matches
Bernd Leno,de GER,GK,Fulham,33-037,1992,31.0,1227,972,1218,9,0,0,1227,0,0,,0,,809,3197,1770,0,0,0,0,0,730,0,Matches
Jefferson Lerma,co COL,"MF,DF",Crystal Palace,30-167,1994,19.1,1086,72,312,589,195,23,1086,10,5,50.0,3,30.0,489,1901,848,10,9,0,10,15,629,24,Matches
Rico Lewis,eng ENG,"DF,MF",Manchester City,20-140,2004,19.1,1313,49,260,661,405,42,1313,20,8,40.0,11,55.0,761,3860,1981,36,37,8,19,19,933,65,Matches
Keane Lewis-Potter,eng ENG,"DF,FW",Brentford,24-047,2001,28.3,1346,85,399,519,445,69,1346,90,35,38.9,46,51.1,707,5225,2779,88,60,34,41,18,795,132,Matches
Myles Lewis-Skelly,eng ENG,DF,Arsenal,18-196,2006,10.3,598,15,108,326,176,12,598,22,11,50.0,8,36.4,333,1834,1134,24,16,4,7,8,399,24,Matches
Matthijs de Ligt,nl NED,DF,Manchester Utd,25-241,1999,23.2,1584,181,813,722,56,29,1584,4,2,50.0,2,50.0,1063,4696,2219,7,3,0,5,3,1142,6,Matches
Pedro Lima,br BRA,DF,Wolves,18-283,2006,0.8,48,0,9,12,28,3,48,3,1,33.3,2,66.7,22,120,83,4,3,1,1,0,30,11,Matches
Victor Lindelöf,se SWE,DF,Manchester Utd,30-267,1994,3.1,141,26,84,50,7,3,141,0,0,,0,,71,374,173,1,0,0,1,0,83,1,Matches
Jesper Lindstrøm,dk DEN,FW,Everton,25-040,2000,13.8,625,22,127,206,303,40,625,43,8,18.6,31,72.1,302,1627,780,30,19,7,31,24,347,81,Matches
Valentino Livramento,eng ENG,DF,Newcastle Utd,22-149,2002,23.6,1492,98,510,674,333,20,1492,39,17,43.6,15,38.5,780,4590,2394,57,30,6,21,30,834,77,Matches
Sean Longstaff,eng ENG,MF,Newcastle Utd,27-162,1997,8.6,406,20,111,182,116,21,406,6,2,33.3,3,50.0,235,1132,415,4,10,2,8,7,291,20,Matches
Saša Lukić,rs SRB,MF,Fulham,28-240,1996,20.9,1217,44,263,698,268,12,1217,13,6,46.2,4,30.8,683,3661,1827,32,33,3,18,7,782,26,Matches
Joe Lumley,eng ENG,GK,Southampton,30-054,1995,3.0,164,116,161,3,0,0,164,0,0,,0,,103,476,296,0,0,0,0,0,108,0,Matches
Massimo Luongo,au AUS,MF,Ipswich Town,32-197,1992,2.0,72,9,32,24,16,1,72,0,0,,0,,38,140,25,0,0,0,2,3,41,1,Matches
Ian Maatsen,nl NED,DF,Aston Villa,23-031,2002,7.9,596,35,159,219,224,30,596,17,9,52.9,8,47.1,317,1732,824,21,13,8,17,18,356,70,Matches
Alexis Mac Allister,ar ARG,MF,Liverpool,26-107,1998,25.5,1645,49,250,865,544,49,1645,38,14,36.8,20,52.6,818,3373,1762,31,37,3,24,20,1100,65,Matches
James Maddison,eng ENG,MF,Tottenham,28-138,1996,18.8,1370,25,200,635,548,73,1370,70,30,42.9,31,44.3,959,4700,2096,40,37,18,21,24,1057,84,Matches
Noni Madueke,eng ENG,FW,Chelsea,23-031,2002,17.0,736,16,76,203,469,140,736,71,28,39.4,36,50.7,497,4133,2602,114,40,68,38,23,566,185,Matches
Gabriel Magalhães,br BRA,DF,Arsenal,27-112,1997,26.3,1873,189,672,985,225,40,1873,5,4,80.0,1,20.0,1116,4470,2669,10,22,0,9,2,1366,11,Matches
Edmond-Paris Maghoma,eng ENG,"MF,FW",Brentford,23-337,2001,1.3,101,2,18,58,27,4,101,4,3,75.0,1,25.0,68,414,221,4,3,1,2,0,75,4,Matches
Harry Maguire,eng ENG,DF,Manchester Utd,32-036,1993,15.8,1085,133,541,497,60,35,1085,5,2,40.0,3,60.0,640,3970,1629,6,6,3,6,2,702,5,Matches
Kobbie Mainoo,eng ENG,MF,Manchester Utd,19-356,2005,14.3,845,17,165,477,210,30,845,41,20,48.8,19,46.3,526,2343,1032,19,12,9,23,29,598,35,Matches
Tyrell Malacia,nl NED,DF,Manchester Utd,25-236,1999,1.1,62,2,20,27,15,0,62,1,1,100.0,0,0.0,37,190,118,3,2,0,1,2,43,6,Matches
Donyell Malen,nl NED,FW,Aston Villa,26-091,1999,2.6,90,1,5,26,65,14,90,10,3,30.0,5,50.0,53,405,199,6,5,2,6,5,56,18,Matches
Orel Mangala,be BEL,MF,Everton,27-023,1998,14.0,621,22,133,335,157,13,621,24,14,58.3,9,37.5,298,1574,576,6,6,3,12,12,406,19,Matches
Ryan Manning,ie IRL,DF,Southampton,28-300,1996,12.4,746,54,205,301,249,21,746,31,11,35.5,13,41.9,372,1596,779,12,10,4,16,5,440,61,Matches
Solly March,eng ENG,"MF,FW",Brighton,30-264,1994,0.7,50,0,4,13,33,2,50,1,1,100.0,0,0.0,16,83,32,0,0,0,1,1,22,7,Matches
Omar Marmoush,eg EGY,"FW,MF",Manchester City,26-062,1999,7.3,298,2,23,92,186,34,298,18,4,22.2,11,61.1,184,1066,542,13,12,4,26,7,207,44,Matches
Gabriel Martinelli,br BRA,"FW,MF",Arsenal,23-296,2001,18.9,757,13,76,203,490,140,757,98,30,30.6,52,53.1,502,3866,2105,102,27,51,42,30,565,223,Matches
Emiliano Martínez,ar ARG,GK,Aston Villa,32-220,1992,29.0,1189,892,1176,13,0,0,1189,1,1,100.0,0,0.0,721,3622,2275,0,0,0,1,0,652,0,Matches
Lisandro Martínez,ar ARG,DF,Manchester Utd,27-082,1998,19.5,1524,156,713,697,125,18,1524,7,6,85.7,1,14.3,1017,5141,3129,23,23,2,1,3,1069,7,Matches
Pape Matar Sarr,sn SEN,MF,Tottenham,22-208,2002,16.2,1041,31,224,584,251,21,1041,25,11,44.0,12,48.0,662,3910,1679,28,28,4,24,18,743,41,Matches
Jean-Philippe Mateta,fr FRA,FW,Crystal Palace,27-286,1997,25.1,643,24,53,310,294,82,641,40,17,42.5,19,47.5,340,1746,823,34,19,8,62,38,469,111,Matches
Stephy Mavididi,eng ENG,FW,Leicester City,26-314,1998,16.0,788,22,120,299,385,52,788,85,31,36.5,44,51.8,530,3906,2104,78,36,22,37,34,567,124,Matches
Konstantinos Mavropanos,gr GRE,DF,West Ham,27-120,1997,19.5,1295,192,670,573,59,21,1295,17,9,52.9,5,29.4,711,3567,1967,15,10,1,12,0,841,2,Matches
Noussair Mazraoui,ma MAR,DF,Manchester Utd,27-147,1997,26.6,1818,138,711,842,289,26,1818,43,24,55.8,16,37.2,1010,4695,2450,34,26,3,22,16,1093,44,Matches
Bryan Mbeumo,cm CMR,FW,Brentford,25-246,1999,30.9,1429,44,201,455,798,127,1424,85,38,44.7,36,42.4,862,5461,2841,103,59,60,84,38,973,287,Matches
James Mcatee,eng ENG,"MF,FW",Manchester City,22-174,2002,1.6,92,1,11,43,39,9,92,5,1,20.0,4,80.0,54,301,150,5,4,0,2,1,68,12,Matches
Kasey McAteer,ie IRL,"FW,MF",Leicester City,23-139,2001,4.4,200,15,47,77,82,16,200,9,1,11.1,5,55.6,116,795,387,13,8,6,6,4,132,36,Matches
Alex McCarthy,eng ENG,GK,Southampton,35-128,1989,5.0,173,141,173,0,0,0,173,0,0,,0,,100,452,276,0,0,0,0,0,88,0,Matches
John McGinn,sct SCO,"MF,FW",Aston Villa,30-174,1994,20.9,916,22,143,496,287,46,916,43,17,39.5,12,27.9,509,2522,1077,27,16,5,32,24,649,66,Matches
Dwight McNeil,eng ENG,"MF,FW",Everton,25-139,1999,12.7,619,2,61,267,305,18,619,37,20,54.1,16,43.2,360,2227,931,31,28,4,22,24,417,65,Matches
Scott McTominay,sct SCO,MF,Manchester Utd,28-123,1996,0.2,14,1,3,8,3,1,14,1,0,0.0,1,100.0,10,68,44,0,0,0,1,1,9,2,Matches
Ben Mee,eng ENG,DF,Brentford,35-201,1989,2.0,138,18,66,62,11,3,138,0,0,,0,,78,404,274,3,1,1,0,0,86,2,Matches
Jayden Meghoma,eng ENG,DF,Brentford,18-286,2006,0.1,3,1,2,0,1,0,3,0,0,,0,,1,1,0,0,0,0,0,0,2,0,Matches
Mikel Merino,es ESP,"MF,FW",Arsenal,28-292,1996,14.8,669,34,121,289,268,68,669,16,7,43.8,6,37.5,327,1227,581,8,12,4,21,20,434,82,Matches
Shumaira Mheuka,eng ENG,MF,Chelsea,17-172,2007,0.0,2,0,0,0,2,1,2,0,0,,0,,1,0,0,0,0,0,0,0,2,0,Matches
Nikola Milenković,rs SRB,DF,Nott'ham Forest,27-180,1997,30.0,1107,210,601,435,75,57,1107,1,1,100.0,0,0.0,422,1839,879,3,3,2,1,2,561,5,Matches
Lewis Miley,eng ENG,MF,Newcastle Utd,18-344,2006,2.4,170,5,36,96,39,5,170,2,0,0.0,1,50.0,84,433,174,1,1,0,5,0,121,6,Matches
James Milner,eng ENG,MF,Brighton,39-096,1986,1.9,92,3,13,48,31,4,92,1,1,100.0,0,0.0,46,223,97,1,1,0,0,0,58,10,Matches
Tyrone Mings,eng ENG,DF,Aston Villa,32-028,1993,9.7,664,120,341,288,39,13,664,2,2,100.0,0,0.0,407,2191,1096,5,12,0,3,1,453,0,Matches
Yankuba Minteh,gm GAM,"FW,MF",Brighton,20-262,2004,14.9,604,25,111,170,340,101,604,78,37,47.4,34,43.6,334,2424,1446,58,15,45,40,19,343,141,Matches
Tyrick Mitchell,eng ENG,DF,Crystal Palace,25-221,1999,28.0,1451,93,500,558,406,39,1451,28,12,42.9,13,46.4,673,3133,1420,51,30,9,33,26,750,143,Matches
Kaoru Mitoma,jp JPN,"FW,MF",Brighton,27-325,1997,27.4,1265,14,143,438,711,151,1265,126,48,38.1,73,57.9,764,6138,3567,135,74,54,48,22,888,274,Matches
Jakub Moder,pl POL,MF,Brighton,26-003,1999,0.1,27,2,7,12,9,1,27,0,0,,0,,13,93,62,2,3,0,0,0,14,0,Matches
Jeremy Monga,,FW,Leicester City,,,0.2,9,0,0,5,4,0,9,2,0,0.0,1,50.0,7,70,4,0,0,0,1,1,8,2,Matches
Mikey Moore,eng ENG,"FW,MF",Tottenham,17-242,2007,2.1,96,1,10,22,65,12,96,11,1,9.1,9,81.8,68,521,239,9,3,4,6,4,73,30,Matches
Morato,br BRA,DF,Nott'ham Forest,23-284,2001,8.4,369,78,230,122,19,2,369,1,1,100.0,0,0.0,122,608,272,0,2,0,6,3,153,1,Matches
Álex Moreno,es ESP,"DF,MF",Nott'ham Forest,31-306,1993,9.6,502,55,183,186,144,8,502,20,8,40.0,7,35.0,211,1380,821,25,16,4,13,5,232,32,Matches
Sam Morsy,eg EGY,MF,Ipswich Town,33-212,1991,23.9,1362,69,394,781,200,4,1362,19,11,57.9,6,31.6,705,3733,1579,13,20,2,13,9,930,9,Matches
Yerson Mosquera,co COL,DF,Wolves,23-343,2001,4.9,294,43,170,115,12,7,294,0,0,,0,,168,683,322,0,1,0,4,1,182,0,Matches
Mason Mount,eng ENG,"MF,FW",Manchester Utd,26-090,1999,3.1,141,1,21,75,46,8,141,4,0,0.0,3,75.0,89,426,166,4,5,1,5,6,98,8,Matches
Divin Mubama,eng ENG,FW,Manchester City,20-167,2004,0.3,5,0,0,2,3,1,5,0,0,,0,,2,14,0,0,0,0,0,1,3,0,Matches
Mykhailo Mudryk,ua UKR,FW,Chelsea,24-095,2001,1.7,62,3,12,15,38,6,62,8,3,37.5,5,62.5,39,468,227,7,8,0,3,7,42,12,Matches
Marshall Munetsi,zw ZIM,"MF,FW",Wolves,28-292,1996,5.8,185,10,25,104,56,15,185,1,0,0.0,1,100.0,76,263,86,3,1,2,21,4,98,19,Matches
Rodrigo Muniz,br BRA,FW,Fulham,23-341,2001,10.1,301,12,25,157,123,52,301,18,6,33.3,9,50.0,154,628,169,5,4,2,47,24,230,31,Matches
Daniel Muñoz,co COL,DF,Crystal Palace,28-319,1996,27.9,1585,95,445,652,503,80,1585,46,17,37.0,27,58.7,614,3114,1277,42,25,14,43,15,757,166,Matches
Arijanet Muric,xk KVX,GK,Ipswich Town,26-154,1998,18.0,689,559,672,18,0,0,689,0,0,,0,,405,2088,1178,0,0,0,3,1,321,0,Matches
Murillo,br BRA,DF,Nott'ham Forest,22-280,2002,29.5,1541,347,791,676,88,17,1541,31,26,83.9,5,16.1,659,3416,2034,17,24,1,17,9,777,4,Matches
Jacob Murphy,eng ENG,FW,Newcastle Utd,30-045,1995,20.2,949,13,143,368,447,68,949,50,24,48.0,24,48.0,564,3314,1734,59,26,21,24,31,681,163,Matches
Vitaliy Mykolenko,ua UKR,DF,Everton,25-316,1999,27.2,1311,103,421,559,341,22,1311,16,5,31.3,8,50.0,525,2115,1178,27,21,1,18,8,645,69,Matches
Iliman Ndiaye,sn SEN,FW,Everton,25-035,2000,21.9,879,32,186,357,383,67,877,127,59,46.5,59,46.5,502,3999,2005,73,37,27,43,37,527,99,Matches
Wilfred Ndidi,ng NGA,MF,Leicester City,28-115,1996,20.3,1103,102,373,522,218,52,1103,27,12,44.4,13,48.1,527,2199,878,13,18,2,31,26,642,71,Matches
Kosta Nedeljković,rs SRB,DF,Aston Villa,19-115,2005,1.4,66,4,15,32,19,0,66,2,1,50.0,1,50.0,27,101,33,1,0,0,1,0,32,0,Matches
Reiss Nelson,eng ENG,FW,Arsenal,25-121,1999,0.0,2,0,1,1,0,0,2,0,0,,0,,1,4,4,0,0,0,0,0,1,0,Matches
Reiss Nelson,eng ENG,FW,Fulham,25-121,1999,5.4,347,5,30,110,212,35,347,35,13,37.1,13,37.1,259,1956,960,45,25,21,14,8,274,63,Matches
Neto,br BRA,GK,Bournemouth,35-265,1989,2.0,70,60,70,0,0,0,70,0,0,,0,,35,148,99,0,0,0,0,0,28,0,Matches
Pedro Neto,pt POR,FW,Chelsea,25-032,2000,18.4,843,7,73,252,530,89,843,83,25,30.1,38,45.8,554,4625,2397,97,46,36,33,23,624,174,Matches
Eddie Nketiah,eng ENG,"FW,MF",Crystal Palace,25-315,1999,8.3,315,7,33,128,160,52,315,17,8,47.1,6,35.3,184,1358,725,32,18,12,25,13,223,61,Matches
Christopher Nkunku,fr FRA,FW,Chelsea,27-147,1997,10.2,446,10,52,182,216,52,446,27,10,37.0,14,51.9,279,1368,628,17,16,13,18,17,354,67,Matches
Matheus Nunes,pt POR,"DF,MF",Manchester City,26-226,1998,13.6,1020,32,189,372,463,50,1020,30,13,43.3,13,43.3,644,3481,1771,49,22,21,24,10,738,139,Matches
Darwin Núñez,uy URU,FW,Liverpool,25-290,1999,11.2,326,10,43,110,183,60,326,21,8,38.1,12,57.1,175,939,492,20,16,10,21,17,216,67,Matches
Ethan Nwaneri,eng ENG,"FW,MF",Arsenal,18-020,2007,8.0,420,3,43,143,239,32,420,51,28,54.9,17,33.3,284,2281,1103,40,19,14,17,16,305,90,Matches
Christian Nørgaard,dk DEN,MF,Brentford,31-031,1994,24.3,1422,142,487,676,273,46,1422,12,6,50.0,4,33.3,656,2528,1080,12,11,4,28,18,861,34,Matches
Jake O'Brien,ie IRL,DF,Everton,23-330,2001,11.5,596,50,239,240,119,16,596,8,2,25.0,5,62.5,251,1101,452,6,5,1,5,5,296,23,Matches
Matt O'Riley,dk DEN,MF,Brighton,24-140,2000,6.0,333,14,56,155,123,23,333,9,4,44.4,4,44.4,160,659,326,11,7,2,9,3,188,29,Matches
Dara O'Shea,ie IRL,DF,Ipswich Town,26-037,1999,27.7,1690,320,967,620,106,45,1690,2,1,50.0,1,50.0,753,3294,1626,3,2,0,10,4,969,5,Matches
Chidozie Obi-Martin,dk DEN,FW,Manchester Utd,17-132,2007,0.3,16,1,4,7,5,1,16,1,0,0.0,1,100.0,7,47,26,1,0,0,2,1,9,2,Matches
Wilson Odobert,fr FRA,FW,Tottenham,20-133,2004,5.0,244,4,26,90,130,27,244,24,9,37.5,13,54.2,176,1379,796,30,17,16,13,12,182,40,Matches
Chiedozie Ogbene,ie IRL,FW,Ipswich Town,27-344,1997,2.6,70,3,11,19,40,6,70,7,1,14.3,3,42.9,41,330,139,7,2,2,4,2,43,15,Matches
Caleb Okoli,it ITA,DF,Leicester City,23-271,2001,11.5,733,142,412,297,27,8,733,0,0,,0,,419,2070,970,3,2,0,10,2,436,2,Matches
Robin Olsen,se SWE,GK,Aston Villa,35-092,1990,2.0,83,73,82,1,0,0,83,0,0,,0,,44,226,109,0,0,0,0,0,41,0,Matches
Amadou Onana,be BEL,MF,Aston Villa,23-237,2001,13.0,718,51,198,429,104,15,718,16,10,62.5,3,18.8,398,2017,1005,16,15,0,9,7,478,11,Matches
André Onana,cm CMR,GK,Manchester Utd,29-008,1996,31.0,1256,951,1235,22,0,0,1256,0,0,,0,,889,4545,2530,0,0,0,1,0,768,0,Matches
Paul Onuachu,ng NGA,FW,Southampton,30-317,1994,9.7,379,12,36,207,139,56,379,24,7,29.2,13,54.2,187,761,227,7,4,2,44,31,314,35,Matches
Frank Onyeka,ng NGA,MF,Brentford,27-099,1998,0.3,10,0,1,5,4,0,10,0,0,,0,,6,55,14,0,0,0,2,1,6,0,Matches
Lewis Orford,eng ENG,MF,West Ham,19-051,2006,0.5,42,1,8,28,7,2,42,0,0,,0,,22,98,27,0,0,0,1,0,31,1,Matches
Stefan Ortega,de GER,GK,Manchester City,32-155,1992,10.0,405,308,402,3,0,0,405,0,0,,0,,261,1221,687,0,0,0,0,0,249,0,Matches
William Osula,dk DEN,FW,Newcastle Utd,21-249,2003,1.0,31,1,2,17,12,3,31,5,2,40.0,3,60.0,17,91,17,1,1,0,5,4,16,7,Matches
Dango Ouattara,bf BFA,FW,Bournemouth,23-058,2002,18.7,795,47,131,255,424,114,795,67,30,44.8,32,47.8,407,2983,1457,67,27,35,51,28,478,169,Matches
Nico O’Reilly,eng ENG,"DF,MF",Manchester City,20-020,2005,2.1,168,4,28,88,54,7,168,6,4,66.7,2,33.3,117,629,323,9,8,0,6,2,128,11,Matches
Alex Palmer,eng ENG,GK,Ipswich Town,28-243,1996,7.0,236,194,232,4,0,0,236,0,0,,0,,107,604,365,0,0,0,1,0,82,0,Matches
Cole Palmer,eng ENG,MF,Chelsea,22-339,2002,28.5,1481,17,119,661,721,116,1477,94,42,44.7,37,39.4,935,6248,2995,91,61,30,54,28,1093,149,Matches
Emerson Palmieri,it ITA,DF,West Ham,30-250,1994,20.6,1167,74,378,491,313,24,1167,30,10,33.3,17,56.7,483,2644,1465,38,22,8,22,7,636,72,Matches
Lucas Paquetá,br BRA,"MF,FW",West Ham,27-226,1997,22.1,1439,41,272,802,376,53,1437,33,13,39.4,17,51.5,738,2502,1018,16,26,2,47,46,1008,77,Matches
Thomas Partey,gh GHA,"MF,DF",Arsenal,31-301,1993,25.3,1798,58,371,978,458,24,1798,27,17,63.0,8,29.6,999,5320,2805,30,33,2,19,11,1265,38,Matches
Nathan Patterson,sct SCO,"DF,FW",Everton,23-176,2001,2.3,126,6,31,51,46,4,126,8,7,87.5,0,0.0,50,220,113,4,2,2,3,1,63,7,Matches
Andreas Pereira,br BRA,MF,Fulham,29-099,1996,18.6,1002,16,145,416,456,34,1001,27,12,44.4,7,25.9,511,2335,1114,21,31,6,20,19,593,71,Matches
Ricardo Pereira,pt POR,DF,Leicester City,31-186,1993,2.1,150,6,37,85,29,5,150,7,5,71.4,1,14.3,84,277,125,3,3,2,1,0,92,5,Matches
Kalvin Phillips,eng ENG,MF,Ipswich Town,29-129,1995,13.5,722,60,220,388,118,4,722,12,5,41.7,6,50.0,302,1447,541,4,5,0,24,10,383,4,Matches
Jaden Philogene Bidace,eng ENG,"FW,MF",Aston Villa,23-061,2002,3.7,145,4,27,54,66,14,145,15,4,26.7,8,53.3,75,520,239,7,5,7,7,3,83,17,Matches
Jaden Philogene Bidace,eng ENG,"FW,DF",Ipswich Town,23-061,2002,5.2,218,10,53,66,101,18,218,18,5,27.8,11,61.1,127,862,305,13,3,5,11,10,133,36,Matches
Jordan Pickford,eng ENG,GK,Everton,31-034,1994,31.0,1378,901,1315,64,0,0,1378,0,0,,0,,762,4620,2665,0,0,0,2,0,666,0,Matches
Ethan Pinnock,jm JAM,DF,Brentford,31-316,1993,21.3,1348,294,783,457,109,24,1348,9,3,33.3,6,66.7,633,3117,1633,3,4,0,2,4,760,9,Matches
Daniel Podence,pt POR,"MF,FW",Wolves,29-171,1995,0.5,20,0,2,11,7,0,20,2,2,100.0,0,0.0,13,77,43,1,1,0,0,0,17,3,Matches
Alfie Pond,eng ENG,DF,Wolves,21-040,2004,0.0,1,0,0,1,0,0,1,0,0,,0,,1,2,2,0,0,0,0,0,1,0,Matches
Nick Pope,eng ENG,GK,Newcastle Utd,32-356,1992,20.0,635,511,627,8,0,0,635,0,0,,0,,332,1813,1200,0,0,0,0,1,221,0,Matches
Pedro Porro,es ESP,DF,Tottenham,25-209,1999,26.4,2024,122,610,732,694,29,2024,33,11,33.3,20,60.6,1071,4844,2489,58,37,5,23,16,1164,95,Matches
Jarell Quansah,eng ENG,DF,Liverpool,22-071,2003,3.2,258,32,128,110,20,3,258,2,1,50.0,1,50.0,162,916,483,2,3,1,3,2,182,3,Matches
Hákon Rafn Valdimarsson,is ISL,GK,Brentford,23-179,2001,1.6,72,60,71,1,0,0,72,0,0,,0,,44,191,80,0,0,0,0,0,36,0,Matches
Aaron Ramsdale,eng ENG,GK,Southampton,26-331,1998,23.0,1029,745,1018,13,0,0,1029,0,0,,0,,645,3258,1886,0,0,0,1,0,588,0,Matches
Jacob Ramsey,eng ENG,"FW,MF",Aston Villa,23-317,2001,14.9,638,12,121,233,294,57,638,36,20,55.6,9,25.0,417,2790,1424,52,26,17,36,19,487,92,Matches
Marcus Rashford,eng ENG,"FW,MF",Manchester Utd,27-161,1997,10.9,440,3,35,189,222,34,440,39,9,23.1,26,66.7,293,1694,728,20,19,12,14,6,341,79,Matches
Marcus Rashford,eng ENG,FW,Aston Villa,27-161,1997,3.3,170,2,12,38,121,21,170,17,8,47.1,9,52.9,104,638,379,16,7,11,4,1,121,35,Matches
David Raya,es ESP,GK,Arsenal,29-207,1995,31.0,1199,705,1122,77,0,0,1199,1,1,100.0,0,0.0,740,3709,2220,0,0,0,1,0,683,0,Matches
Harrison Reed,eng ENG,MF,Fulham,30-073,1995,1.0,77,2,11,28,39,5,77,2,0,0.0,1,50.0,31,95,27,1,1,0,2,2,38,7,Matches
Remy Rees-Dottin,eng ENG,FW,Bournemouth,19-035,2006,0.0,0,0,0,0,0,0,0,0,0,,0,,0,0,0,0,0,0,0,0,0,0,Matches
Sergio Reguilón,es ESP,DF,Tottenham,28-115,1996,1.4,121,2,28,61,33,3,121,4,2,50.0,0,0.0,64,293,180,4,2,1,1,1,74,10,Matches
Bobby Reid,jm JAM,"FW,MF",Leicester City,32-067,1993,7.1,250,13,44,105,101,13,250,8,0,0.0,6,75.0,156,706,332,12,4,4,11,9,175,40,Matches
Vitor Reis,br BRA,DF,Manchester City,19-088,2006,0.0,3,1,2,1,0,0,3,1,1,100.0,0,0.0,2,3,0,0,0,0,0,0,2,0,Matches
Chadi Riad,ma MAR,DF,Crystal Palace,21-297,2003,1.0,90,5,41,49,1,0,90,0,0,,0,,58,318,232,2,0,0,1,0,69,0,Matches
Declan Rice,eng ENG,MF,Arsenal,26-086,1999,26.0,1637,62,274,780,600,62,1637,25,11,44.0,13,52.0,865,5456,2876,78,52,12,34,23,1076,81,Matches
Chris Richards,us USA,DF,Crystal Palace,25-013,2000,14.9,822,93,432,349,46,13,822,5,1,20.0,4,80.0,382,1696,777,5,5,0,5,5,463,1,Matches
Richarlison,br BRA,FW,Tottenham,27-335,1997,3.1,116,8,19,62,36,12,116,9,1,11.1,7,77.8,56,310,138,8,7,3,4,5,79,17,Matches
Andrew Robertson,sct SCO,DF,Liverpool,31-030,1994,24.3,1860,82,469,849,555,46,1860,17,7,41.2,9,52.9,992,4404,2524,57,47,6,23,10,1248,90,Matches
Antonee Robinson,us USA,DF,Fulham,27-245,1997,30.2,2196,112,688,849,691,58,2196,71,32,45.1,28,39.4,1170,6454,3747,106,55,26,38,16,1317,238,Matches
Rodri,es ESP,MF,Manchester City,28-292,1996,0.7,65,1,12,30,24,0,65,1,0,0.0,0,0.0,34,125,42,0,2,0,0,0,49,1,Matches
Guido Rodríguez,ar ARG,MF,West Ham,30-363,1994,11.3,617,42,196,366,56,2,617,3,2,66.7,0,0.0,284,988,392,2,5,0,2,6,354,5,Matches
Mads Roerslev,dk DEN,DF,Brentford,25-290,1999,12.2,645,49,234,268,146,20,645,19,7,36.8,8,42.1,352,1630,858,17,13,0,9,6,407,54,Matches
Morgan Rogers,eng ENG,"FW,MF",Aston Villa,22-258,2002,27.9,1119,32,166,491,485,120,1119,136,55,40.4,63,46.3,651,4652,2675,95,59,29,88,60,780,149,Matches
Cristian Romero,ar ARG,DF,Tottenham,26-348,1998,14.2,1236,152,543,640,62,20,1236,4,1,25.0,2,50.0,810,4266,2590,12,17,0,6,4,844,3,Matches
Georginio Rutter,fr FRA,"MF,FW",Brighton,22-355,2002,18.4,641,20,83,246,326,79,641,71,27,38.0,34,47.9,361,2467,1405,42,36,16,45,37,411,79,Matches
José Sá,pt POR,GK,Wolves,32-083,1993,24.0,804,639,797,8,0,0,804,6,6,100.0,0,0.0,498,3022,1924,0,0,0,1,0,392,0,Matches
Bukayo Saka,eng ENG,"FW,MF",Arsenal,23-217,2001,14.9,761,6,43,170,555,121,760,77,34,44.2,31,40.3,480,3309,1911,74,22,38,26,35,545,204,Matches
Mohamed Salah,eg EGY,FW,Liverpool,32-299,1992,30.5,1399,10,83,424,911,291,1390,114,51,44.7,60,52.6,957,5808,2980,128,52,104,98,58,1164,384,Matches
William Saliba,fr FRA,DF,Arsenal,24-017,2001,28.3,2301,162,919,1277,117,17,2301,16,10,62.5,5,31.3,1396,6045,3111,14,10,1,17,5,1704,6,Matches
Robert Sánchez,es ESP,GK,Chelsea,27-143,1997,25.0,1058,775,1047,11,0,0,1058,0,0,,0,,709,3363,2136,0,0,0,0,0,668,0,Matches
Jadon Sancho,eng ENG,FW,Chelsea,25-016,2000,17.6,864,11,110,260,504,109,864,91,43,47.3,36,39.6,575,3925,2155,88,31,51,26,19,672,196,Matches
Ibrahim Sangaré,ci CIV,MF,Nott'ham Forest,27-129,1997,3.1,193,8,44,123,28,7,193,1,0,0.0,1,100.0,75,297,83,0,2,0,4,1,101,2,Matches
Pablo Sarabia,es ESP,"MF,FW",Wolves,32-334,1992,6.8,390,3,44,193,155,20,390,10,5,50.0,3,30.0,232,1061,515,11,12,0,14,11,274,47,Matches
Jeremy Sarmiento,ec ECU,MF,Brighton,22-298,2002,0.1,8,0,0,6,2,0,8,0,0,,0,,6,61,10,0,0,0,1,0,7,2,Matches
Ismaila Sarr,sn SEN,MF,Crystal Palace,27-044,1998,23.4,867,35,137,332,407,108,867,47,14,29.8,24,51.1,475,2955,1631,59,37,24,56,38,587,153,Matches
Sávio,br BRA,"FW,MF",Manchester City,21-000,2004,18.3,1022,11,51,261,727,146,1022,109,50,45.9,38,34.9,737,6115,3385,129,42,73,41,37,799,226,Matches
Oliver Scarles,eng ENG,DF,West Ham,19-119,2005,5.9,380,18,113,155,116,7,380,6,1,16.7,5,83.3,177,692,378,9,9,1,10,3,223,38,Matches
Dane Scarlett,eng ENG,"FW,MF",Tottenham,21-017,2004,0.4,9,1,3,5,1,1,9,0,0,,0,,5,66,33,1,0,0,0,1,4,1,Matches
Kevin Schade,de GER,FW,Brentford,23-134,2001,19.5,710,32,109,193,420,112,710,73,25,34.2,42,57.5,367,2671,1212,54,26,33,44,33,442,134,Matches
Fabian Schär,ch SUI,DF,Newcastle Utd,33-111,1991,24.8,1740,212,925,719,106,25,1740,11,7,63.6,2,18.2,1097,4912,2791,12,21,1,9,5,1200,16,Matches
Jeffrey Schlupp,gh GHA,"MF,DF",Crystal Palace,32-108,1992,1.1,79,2,9,31,41,6,79,1,1,100.0,0,0.0,30,150,67,4,1,1,7,0,41,9,Matches
Alex Scott,eng ENG,MF,Bournemouth,21-232,2003,5.6,347,14,63,190,99,13,347,22,5,22.7,11,50.0,195,992,457,9,5,1,18,7,215,22,Matches
Matz Sels,be BEL,GK,Nott'ham Forest,33-043,1992,31.0,905,686,891,14,0,0,905,0,0,,0,,444,2575,1348,0,0,0,0,0,351,0,Matches
Nélson Semedo,pt POR,DF,Wolves,31-145,1993,25.8,1381,109,400,628,370,22,1381,57,26,45.6,23,40.4,701,4121,2191,60,35,9,30,16,792,99,Matches
Antoine Semenyo,gh GHA,FW,Bournemouth,25-093,2000,29.4,1361,36,162,472,759,169,1361,116,60,51.7,49,42.2,817,6173,3060,124,61,62,72,63,948,242,Matches
Marcos Senesi,ar ARG,DF,Bournemouth,27-335,1997,10.7,749,62,326,366,66,12,749,9,5,55.6,4,44.4,464,2404,1418,12,14,0,5,5,472,5,Matches
Ryan Sessegnon,eng ENG,"FW,DF",Fulham,24-327,2000,2.1,90,2,21,31,39,16,90,8,3,37.5,5,62.5,44,320,191,6,3,6,4,6,51,16,Matches
Luke Shaw,eng ENG,DF,Manchester Utd,29-272,1995,0.8,107,3,46,56,5,0,107,0,0,,0,,86,335,143,1,2,0,1,0,93,0,Matches
Zain Silcott-Duberry,ms MSR,FW,Bournemouth,19-275,2005,0.0,3,0,1,0,2,0,3,0,0,,0,,1,6,6,0,0,0,0,0,2,0,Matches
Bernardo Silva,pt POR,"MF,FW",Manchester City,30-243,1994,23.7,1556,37,270,612,690,125,1556,53,25,47.2,22,41.5,969,6251,3170,84,54,30,18,30,1145,169,Matches
Jota Silva,pt POR,"FW,MF",Nott'ham Forest,25-252,1999,8.6,322,18,79,88,166,42,322,32,10,31.3,14,43.8,158,1035,551,18,10,8,23,11,181,50,Matches
Eric da Silva Moreira,de GER,"MF,DF",Nott'ham Forest,18-342,2006,0.3,13,3,7,4,2,0,13,1,0,0.0,1,100.0,4,26,11,1,0,0,1,0,3,1,Matches
Jahmai Simpson-Pusey,eng ENG,DF,Manchester City,19-157,2005,1.1,123,9,61,59,3,1,123,1,0,0.0,0,0.0,79,376,190,1,0,0,1,0,101,0,Matches
Luis Sinisterra,co COL,"FW,MF",Bournemouth,25-297,1999,2.6,155,7,18,41,96,23,155,20,8,40.0,10,50.0,95,744,393,19,6,10,6,3,102,38,Matches
Oliver Skipp,eng ENG,MF,Leicester City,24-206,2000,9.2,441,22,103,281,61,6,441,9,4,44.4,5,55.6,254,1011,506,14,7,2,10,5,304,14,Matches
William Smallbone,ie IRL,MF,Southampton,25-048,2000,6.5,359,15,72,175,116,14,359,4,4,100.0,0,0.0,160,652,329,5,7,1,9,5,216,21,Matches
Adam Smith,eng ENG,DF,Bournemouth,33-346,1991,12.7,562,31,181,258,127,3,562,12,4,33.3,5,41.7,241,935,436,10,13,0,10,5,256,19,Matches
Emile Smith Rowe,eng ENG,MF,Fulham,24-256,2000,20.1,1067,20,148,504,425,51,1067,33,16,48.5,15,45.5,699,3431,1797,50,37,11,31,13,820,106,Matches
Dominic Solanke,eng ENG,FW,Tottenham,27-208,1997,21.7,602,31,66,274,268,105,602,48,16,33.3,29,60.4,355,1926,777,29,20,14,62,44,421,84,Matches
Carlos Soler,es ESP,"MF,FW",West Ham,28-098,1997,13.1,646,21,154,331,166,19,646,17,8,47.1,8,47.1,302,1488,642,13,15,4,9,12,433,24,Matches
Ramón Sosa,py PAR,"FW,MF",Nott'ham Forest,25-222,1999,2.9,135,5,32,40,68,12,135,11,8,72.7,3,27.3,65,546,303,11,6,4,5,5,71,15,Matches
Tomáš Souček,cz CZE,MF,West Ham,30-042,1995,23.9,1070,105,293,526,255,93,1070,11,6,54.5,5,45.5,413,1237,439,6,10,3,16,10,643,58,Matches
Boubakary Soumaré,fr FRA,MF,Leicester City,26-042,1999,19.2,1191,51,304,760,140,14,1191,41,26,63.4,11,26.8,708,3304,1720,29,14,2,19,20,837,21,Matches
Djed Spence,eng ENG,DF,Tottenham,24-244,2000,13.8,1040,58,356,471,228,20,1040,57,29,50.9,23,40.4,607,3608,1899,38,33,6,21,21,652,56,Matches
Jay Stansfield,eng ENG,MF,Fulham,22-137,2002,0.0,0,0,0,0,0,0,0,0,0,,0,,0,0,0,0,0,0,0,0,0,0,Matches
Jason Steele,eng ENG,GK,Brighton,34-235,1990,2.0,114,107,114,0,0,0,114,0,0,,0,,91,361,151,0,0,0,0,0,83,0,Matches
Jack Stephens,eng ENG,DF,Southampton,31-073,1994,9.9,748,75,307,369,76,6,748,3,0,0.0,3,100.0,415,1932,932,11,10,1,1,1,543,1,Matches
Raheem Sterling,eng ENG,"FW,MF",Arsenal,30-123,1994,3.9,210,1,7,45,161,33,210,22,9,40.9,7,31.8,152,1072,588,21,9,14,10,13,159,63,Matches
Ross Stewart,sct SCO,"FW,MF",Southampton,28-273,1996,1.6,64,5,13,32,19,2,64,2,1,50.0,1,50.0,36,152,59,1,0,0,1,5,49,5,Matches
Jakub Stolarczyk,pl POL,GK,Leicester City,24-112,2000,6.0,241,179,236,6,0,0,241,0,0,,0,,130,592,396,0,0,0,1,0,131,0,Matches
John Stones,eng ENG,"DF,MF",Manchester City,30-317,1994,6.1,442,40,142,234,68,4,442,2,2,100.0,0,0.0,292,2146,1183,10,14,0,2,0,333,2,Matches
Jørgen Strand Larsen,no NOR,FW,Wolves,25-063,2000,24.9,624,32,80,297,248,91,624,14,6,42.9,8,57.1,290,993,400,13,11,7,79,29,452,92,Matches
Yukinari Sugawara,jp JPN,"DF,MF",Southampton,24-286,2000,16.2,1016,61,306,395,320,29,1016,20,9,45.0,10,50.0,548,2511,1352,32,15,7,18,4,688,76,Matches
Kamaldeen Sulemana,gh GHA,"FW,MF",Southampton,23-054,2002,10.1,401,10,48,149,216,40,401,73,30,41.1,37,50.7,266,2319,1176,47,30,18,31,19,289,64,Matches
Crysencio Summerville,nl NED,"FW,MF",West Ham,23-162,2001,8.7,372,9,47,147,181,38,372,39,13,33.3,18,46.2,207,1463,762,29,15,13,20,16,259,71,Matches
Sammie Szmodics,ie IRL,"FW,MF",Ipswich Town,29-198,1995,10.9,309,17,80,119,116,33,309,12,4,33.3,6,50.0,174,989,399,16,8,7,24,17,189,46,Matches
Dominik Szoboszlai,hu HUN,MF,Liverpool,24-167,2000,23.3,1355,21,174,660,539,89,1355,35,19,54.3,13,37.1,702,3587,1992,63,44,17,34,20,928,115,Matches
Matt Targett,eng ENG,DF,Newcastle Utd,29-204,1995,0.1,8,0,1,4,3,0,8,0,0,,0,,2,5,1,0,0,0,0,0,5,0,Matches
James Tarkowski,eng ENG,DF,Everton,32-142,1992,30.9,1612,346,928,594,99,50,1612,7,5,71.4,2,28.6,688,3350,1772,9,10,0,12,7,875,3,Matches
Marcus Tavernier,eng ENG,"FW,MF",Bournemouth,26-019,1999,16.7,905,17,100,345,480,47,905,47,20,42.6,24,51.1,510,3047,1435,36,33,7,36,41,571,101,Matches
Charlie Taylor,eng ENG,DF,Southampton,31-204,1993,3.0,219,21,93,91,36,1,219,2,2,100.0,0,0.0,91,386,155,3,3,0,1,1,133,6,Matches
Jack Taylor,ie IRL,MF,Ipswich Town,26-291,1998,6.0,380,21,105,207,76,6,380,5,2,40.0,2,40.0,193,1131,629,9,8,1,7,6,250,16,Matches
Mathys Tel,fr FRA,FW,Tottenham,19-348,2005,3.5,117,0,13,45,62,17,116,16,3,18.8,11,68.8,85,539,235,8,7,3,8,6,80,17,Matches
Kenny Tete,nl NED,DF,Fulham,29-183,1995,14.1,881,48,273,383,232,26,881,17,8,47.1,4,23.5,460,2301,1126,33,17,7,16,10,511,39,Matches
Thiago,br BRA,FW,Brentford,23-288,2001,1.5,56,6,11,23,23,2,56,3,2,66.7,1,33.3,34,119,42,3,2,1,5,1,35,4,Matches
Luke Thomas,eng ENG,DF,Leicester City,23-304,2001,6.0,417,28,155,205,60,4,417,5,2,40.0,3,60.0,201,766,342,2,2,1,7,0,239,9,Matches
Youri Tielemans,be BEL,MF,Aston Villa,27-338,1997,29.4,2067,89,424,1183,481,33,2066,55,29,52.7,17,30.9,1106,4798,2158,31,23,8,29,25,1443,38,Matches
Kieran Tierney,sct SCO,"DF,FW",Arsenal,27-309,1997,1.1,61,1,7,22,32,4,61,1,0,0.0,1,100.0,24,120,75,3,2,1,1,0,42,11,Matches
Jurriën Timber,nl NED,DF,Arsenal,23-297,2001,25.6,1564,50,280,802,489,66,1564,53,24,45.3,24,45.3,831,3649,1915,53,26,11,32,23,971,103,Matches
Jean-Clair Todibo,fr FRA,DF,West Ham,25-101,1999,13.6,865,123,485,354,33,9,865,13,7,53.8,6,46.2,511,2287,1154,7,5,0,6,7,585,4,Matches
Harry Toffolo,eng ENG,DF,Nott'ham Forest,29-234,1995,0.5,44,3,13,10,21,2,44,0,0,,0,,10,21,11,0,0,0,0,0,18,4,Matches
Takehiro Tomiyasu,jp JPN,DF,Arsenal,26-156,1998,0.1,7,1,4,1,2,1,7,0,0,,0,,1,7,5,0,0,0,0,0,2,0,Matches
Sandro Tonali,it ITA,MF,Newcastle Utd,24-337,2000,21.2,1259,49,301,701,279,31,1259,29,17,58.6,9,31.0,698,3725,1573,29,30,4,21,23,868,38,Matches
Pau Torres,es ESP,DF,Aston Villa,28-084,1997,18.2,1241,190,591,581,75,13,1241,16,14,87.5,2,12.5,772,5098,3343,31,19,0,3,3,882,4,Matches
Conor Townsend,eng ENG,DF,Ipswich Town,32-037,1993,3.4,164,25,82,48,36,5,164,0,0,,0,,51,267,129,2,2,0,2,2,74,12,Matches
Adama Traoré,es ESP,"FW,MF",Fulham,29-075,1996,16.5,676,2,71,242,383,82,676,83,40,48.2,32,38.6,461,3815,2097,80,39,32,30,18,520,135,Matches
Boubacar Traoré,ml MLI,MF,Wolves,23-233,2001,0.0,2,0,0,2,0,0,2,0,0,,0,,0,0,0,0,0,0,0,0,0,0,Matches
Mark Travers,ie IRL,GK,Bournemouth,25-327,1999,5.0,162,144,159,3,0,0,162,0,0,,0,,85,426,188,0,0,0,0,0,68,0,Matches
Ryan Trevitt,eng ENG,MF,Brentford,22-029,2003,0.0,7,1,2,4,1,0,7,0,0,,0,,4,7,2,0,0,0,0,0,4,1,Matches
Kieran Trippier,eng ENG,DF,Newcastle Utd,34-203,1990,9.7,901,37,290,389,228,8,901,5,4,80.0,1,20.0,416,1558,853,16,6,3,7,4,553,30,Matches
Leandro Trossard,be BEL,FW,Arsenal,30-127,1994,22.2,983,14,111,302,586,117,983,67,27,40.3,31,46.3,621,3916,1737,67,45,25,45,36,725,179,Matches
Kostas Tsimikas,gr GRE,DF,Liverpool,28-333,1996,5.7,487,23,121,220,148,8,487,4,3,75.0,1,25.0,231,1012,570,13,5,2,4,2,306,25,Matches
Axel Tuanzebe,cd COD,DF,Ipswich Town,27-147,1997,14.1,718,66,301,324,99,6,718,9,4,44.4,5,55.6,309,1379,665,7,6,1,10,1,380,7,Matches
Destiny Udogie,it ITA,DF,Tottenham,22-133,2002,19.4,1287,57,353,572,376,48,1287,30,12,40.0,15,50.0,714,4005,2187,51,38,11,31,19,778,92,Matches
Manuel Ugarte Ribeiro,uy URU,MF,Manchester Utd,23-364,2001,16.0,909,36,261,507,155,14,909,24,11,45.8,9,37.5,517,2066,869,9,9,1,26,19,555,18,Matches
Lesley Ugochukwu,fr FRA,MF,Southampton,21-015,2004,13.1,659,30,141,387,137,18,659,23,17,73.9,5,21.7,361,1946,893,22,11,5,8,8,456,18,Matches
Enes Ünal,tr TUR,"FW,MF",Bournemouth,27-335,1997,3.8,172,6,14,63,95,26,172,12,1,8.3,10,83.3,91,261,95,4,3,1,17,13,133,22,Matches
Virgil van Dijk,nl NED,DF,Liverpool,33-276,1991,31.0,2740,369,1096,1519,133,37,2740,5,3,60.0,2,40.0,1550,7564,4152,17,19,3,5,4,1882,5,Matches
Jamie Vardy,eng ENG,FW,Leicester City,38-089,1987,26.2,504,25,50,227,232,99,503,20,9,45.0,10,50.0,242,1278,610,27,11,14,31,12,328,103,Matches
Renato Veiga,pt POR,"DF,MF",Chelsea,21-255,2003,2.0,167,2,61,82,27,3,167,5,3,60.0,2,40.0,85,417,144,4,5,1,1,0,110,3,Matches
Joël Veltman,nl NED,DF,Brighton,33-085,1992,18.3,1097,64,327,540,240,10,1097,15,4,26.7,5,33.3,524,2780,1414,29,22,3,19,7,598,32,Matches
Micky van de Ven,nl NED,DF,Tottenham,23-356,2001,10.1,808,100,425,359,33,9,808,8,4,50.0,4,50.0,564,2661,1301,8,10,1,5,4,587,1,Matches
Bart Verbruggen,nl NED,GK,Brighton,22-235,2002,29.0,1137,921,1125,12,0,0,1137,2,2,100.0,0,0.0,760,2764,1352,0,1,1,2,0,735,0,Matches
Jannik Vestergaard,dk DEN,DF,Leicester City,32-250,1992,15.5,1092,196,572,497,28,10,1092,4,4,100.0,0,0.0,672,2932,1458,3,3,0,2,0,757,2,Matches
Guglielmo Vicario,it ITA,GK,Tottenham,28-185,1996,19.0,742,492,727,15,0,0,742,1,1,100.0,0,0.0,536,2507,1420,0,0,0,0,0,481,0,Matches
Carlos Vinícius,br BRA,MF,Fulham,30-016,1995,0.0,3,0,0,1,2,2,3,1,1,100.0,0,0.0,3,10,9,1,0,1,0,0,2,1,Matches
Kyle Walker,eng ENG,DF,Manchester City,34-317,1990,10.8,892,26,197,473,228,5,892,6,3,50.0,2,33.3,499,2284,1106,12,13,0,9,2,630,11,Matches
Kyle Walker-Peters,eng ENG,DF,Southampton,27-362,1997,28.4,1810,133,550,791,483,53,1810,79,31,39.2,35,44.3,1117,7152,3964,108,65,22,26,34,1277,124,Matches
Christian Walton,eng ENG,GK,Ipswich Town,29-152,1995,6.0,242,224,241,1,0,0,242,0,0,,0,,122,572,305,0,0,0,0,0,117,0,Matches
Aaron Wan-Bissaka,eng ENG,DF,West Ham,27-135,1997,29.0,1848,127,588,791,496,37,1848,92,48,52.2,33,35.9,862,5511,3102,91,52,11,27,18,1061,126,Matches
Danny Ward,wls WAL,GK,Leicester City,31-292,1993,1.5,55,40,55,0,0,0,55,1,0,0.0,1,100.0,44,176,107,0,0,0,0,0,35,0,Matches
Joel Ward,eng ENG,DF,Crystal Palace,35-163,1989,0.0,2,0,0,2,0,0,2,0,0,,0,,0,0,0,0,0,0,0,0,0,0,Matches
James Ward-Prowse,eng ENG,MF,West Ham,30-160,1994,6.5,470,19,106,278,86,2,470,1,1,100.0,0,0.0,225,1026,409,6,10,0,1,3,321,2,Matches
James Ward-Prowse,eng ENG,MF,Nott'ham Forest,30-160,1994,4.4,205,13,49,115,45,1,205,0,0,,0,,92,407,170,1,3,0,3,3,115,3,Matches
Ollie Watkins,eng ENG,FW,Aston Villa,29-101,1995,23.8,576,17,43,209,333,142,574,36,8,22.2,25,69.4,340,1850,963,47,20,32,46,42,454,133,Matches
Adam Webster,eng ENG,DF,Brighton,30-096,1995,6.9,569,84,279,271,22,8,569,3,1,33.3,2,66.7,326,1927,1142,7,2,0,3,1,384,2,Matches
Danny Welbeck,eng ENG,FW,Brighton,34-135,1990,17.7,538,10,42,238,262,73,538,29,10,34.5,16,55.2,314,1449,612,17,19,6,38,22,398,65,Matches
Welington,br BRA,"DF,MF",Southampton,24-050,2001,2.3,122,11,45,44,36,2,122,4,3,75.0,0,0.0,42,190,113,3,3,1,6,0,50,10,Matches
Timo Werner,de GER,"FW,MF",Tottenham,29-035,1996,5.7,298,8,24,78,203,33,298,19,10,52.6,8,42.1,215,1768,1062,42,24,18,14,6,227,89,Matches
Adam Wharton,eng ENG,MF,Crystal Palace,20-312,2004,11.2,700,21,158,372,173,8,700,9,2,22.2,7,77.8,346,1593,814,11,16,2,13,12,433,10,Matches
Ben White,eng ENG,DF,Arsenal,27-184,1997,8.5,478,42,153,215,112,13,478,2,0,0.0,1,50.0,217,788,396,5,8,1,7,3,281,19,Matches
Mats Wieffer,nl NED,MF,Brighton,25-145,1999,5.7,481,26,114,284,90,10,481,9,4,44.4,5,55.6,265,1150,456,5,6,0,10,7,313,9,Matches
Neco Williams,wls WAL,DF,Nott'ham Forest,23-362,2001,21.8,1141,119,409,404,342,35,1141,39,15,38.5,17,43.6,472,2923,1617,53,25,14,17,14,541,75,Matches
Willian,br BRA,"MF,FW",Fulham,36-244,1988,1.7,135,1,16,51,72,4,135,4,0,0.0,3,75.0,86,602,313,5,4,2,3,1,106,15,Matches
Joe Willock,eng ENG,"MF,FW",Newcastle Utd,25-233,1999,9.4,408,10,61,169,185,36,408,31,11,35.5,14,45.2,255,1730,801,30,22,11,31,22,286,68,Matches
Callum Wilson,eng ENG,FW,Newcastle Utd,33-042,1992,2.3,58,1,5,33,23,12,58,5,1,20.0,2,40.0,30,182,86,4,4,4,6,7,33,7,Matches
Harry Wilson,wls WAL,"FW,MF",Fulham,28-019,1997,9.3,436,7,58,160,226,44,436,23,9,39.1,9,39.1,263,1376,610,16,17,8,13,4,295,71,Matches
Harry Winks,eng ENG,MF,Leicester City,29-067,1996,17.1,1158,49,275,746,151,1,1158,12,3,25.0,8,66.7,696,3268,1522,19,13,0,13,8,827,11,Matches
Ben Winterburn,eng ENG,"FW,MF",Bournemouth,20-218,2004,0.3,9,0,2,5,2,1,9,0,0,,0,,6,50,40,2,0,1,0,0,6,2,Matches
Yoane Wissa,cd COD,FW,Brentford,28-219,1996,25.4,755,27,115,308,345,130,755,40,12,30.0,19,47.5,444,2663,1220,45,17,25,58,25,537,126,Matches
Chris Wood,nz NZL,FW,Nott'ham Forest,33-124,1991,26.0,605,30,70,289,248,78,602,10,4,40.0,5,50.0,303,1083,424,13,9,5,62,21,452,72,Matches
Nathan Wood-Gordon,eng ENG,DF,Southampton,22-314,2002,6.9,457,54,219,212,27,2,457,5,3,60.0,1,20.0,253,1150,454,2,6,0,4,1,339,0,Matches
Luke Woolfenden,eng ENG,DF,Ipswich Town,26-171,1998,11.2,608,126,345,254,9,3,608,0,0,,0,,331,1900,1111,7,3,0,4,0,389,0,Matches
Yehor Yarmoliuk,ua UKR,MF,Brentford,21-040,2004,10.5,649,42,176,329,158,14,649,20,9,45.0,9,45.0,327,1809,575,12,14,2,19,15,393,40,Matches
Ryan Yates,eng ENG,MF,Nott'ham Forest,27-140,1997,19.2,929,70,244,456,239,37,929,18,9,50.0,5,27.8,378,1848,849,17,18,1,22,18,486,12,Matches
Leny Yoro,fr FRA,DF,Manchester Utd,19-148,2005,9.7,663,56,296,318,51,10,663,2,1,50.0,1,50.0,465,2304,1250,15,10,1,2,2,496,4,Matches
Ashley Young,eng ENG,"DF,FW",Everton,39-275,1985,17.6,1015,51,311,433,276,9,1015,14,5,35.7,7,50.0,397,2047,1176,19,24,1,8,1,513,25,Matches
Illia Zabarnyi,ua UKR,DF,Bournemouth,22-221,2002,28.1,1652,196,790,829,52,11,1652,8,5,62.5,2,25.0,1023,6487,3836,18,14,0,14,3,1020,3,Matches
Oleksandr Zinchenko,ua UKR,"DF,MF",Arsenal,28-116,1996,3.3,263,10,57,144,63,14,263,2,1,50.0,0,0.0,144,771,331,7,3,2,2,2,169,7,Matches
Joshua Zirkzee,nl NED,"FW,MF",Manchester Utd,23-323,2001,15.0,565,16,69,291,211,53,565,33,9,27.3,24,72.7,316,1393,471,13,20,4,40,29,402,69,Matches
Martin Ødegaard,no NOR,MF,Arsenal,26-114,1998,20.4,1294,6,89,540,679,84,1293,47,20,42.6,26,55.3,883,5389,2695,66,57,18,26,36,1022,125,Matches
