Player,Nation,Pos,Squad,Age,Born,MP,Starts,Min,90s,Gls,Ast,G+A,G-PK,PK,PKatt,CrdY,CrdR,xG,npxG,xAG,npxG+xAG,PrgC,PrgP,PrgR,Gls,Ast,G+A,G-PK,G+A-PK,xG,xAG,xG+xAG,npxG,npxG+xAG,Matches
Max Aarons,eng ENG,DF,Bournemouth,25-095,2000,3,1,86,1.0,0,0,0,0,0,0,0,0,0.0,0.0,0.0,0.0,1,8,3,0.00,0.00,0.00,0.00,0.00,0.00,0.00,0.00,0.00,0.00,Matches
Joshua Acheampong,eng ENG,DF,Chelsea,18-339,2006,4,2,170,1.9,0,0,0,0,0,0,1,0,0.2,0.2,0.0,0.2,0,8,0,0.00,0.00,0.00,0.00,0.00,0.12,0.00,0.12,0.12,0.12,Matches
Tyler Adams,us USA,MF,Bournemouth,26-054,1999,21,14,"1,380",15.3,0,3,3,0,0,0,4,0,1.2,1.2,0.8,2.0,11,54,7,0.00,0.20,0.20,0.00,0.20,0.08,0.05,0.13,0.08,0.13,Matches
Tosin Adarabioyo,eng ENG,DF,Chelsea,27-197,1997,18,12,"1,182",13.1,1,1,2,1,0,0,3,0,0.9,0.9,0.2,1.1,5,34,1,0.08,0.08,0.15,0.08,0.15,0.07,0.02,0.09,0.07,0.09,Matches
Simon Adingra,ci CIV,"FW,MF",Brighton,23-098,2002,22,7,743,8.3,2,1,3,2,0,0,0,0,1.6,1.6,1.4,3.0,27,12,96,0.24,0.12,0.36,0.24,0.36,0.19,0.17,0.36,0.19,0.36,Matches
Emmanuel Agbadou,ci CIV,DF,Wolves,27-296,1997,9,9,780,8.7,0,0,0,0,0,0,2,0,0.2,0.2,0.1,0.3,1,19,0,0.00,0.00,0.00,0.00,0.00,0.02,0.01,0.03,0.02,0.03,Matches
Asher Agbinone,eng ENG,MF,Crystal Palace,19-193,2005,2,0,6,0.1,0,0,0,0,0,0,0,0,0.0,0.0,0.0,0.1,2,0,1,0.00,0.00,0.00,0.00,0.00,0.29,0.50,0.79,0.29,0.79,Matches
Ola Aina,ng NGA,DF,Nott'ham Forest,28-183,1996,30,30,"2,569",28.5,2,1,3,2,0,0,2,0,0.6,0.6,0.7,1.3,54,91,52,0.07,0.04,0.11,0.07,0.11,0.02,0.03,0.05,0.02,0.05,Matches
Rayan Aït-Nouri,dz ALG,DF,Wolves,23-307,2001,30,30,"2,549",28.3,3,5,8,3,0,0,6,1,2.3,2.3,3.5,5.8,68,95,147,0.11,0.18,0.28,0.11,0.28,0.08,0.12,0.20,0.08,0.20,Matches
Kristoffer Ajer,no NOR,DF,Brentford,26-357,1998,18,16,"1,295",14.4,0,0,0,0,0,0,4,0,0.7,0.7,1.2,1.9,26,49,39,0.00,0.00,0.00,0.00,0.00,0.05,0.09,0.13,0.05,0.13,Matches
Manuel Akanji,ch SUI,DF,Manchester City,29-264,1995,20,20,"1,707",19.0,0,0,0,0,0,0,3,0,0.7,0.7,0.4,1.1,38,135,6,0.00,0.00,0.00,0.00,0.00,0.04,0.02,0.06,0.04,0.06,Matches
Nathan Aké,nl NED,DF,Manchester City,30-050,1995,10,8,678,7.5,0,0,0,0,0,0,0,0,0.2,0.2,0.0,0.2,12,50,2,0.00,0.00,0.00,0.00,0.00,0.03,0.00,0.03,0.03,0.03,Matches
Carlos Alcaraz,ar ARG,MF,Southampton,22-130,2002,1,0,10,0.1,0,0,0,0,0,0,0,0,0.1,0.1,0.1,0.2,4,6,1,0.00,0.00,0.00,0.00,0.00,0.62,0.86,1.48,0.62,1.48,Matches
Carlos Alcaraz,ar ARG,"MF,FW",Everton,22-130,2002,8,4,410,4.6,1,1,2,1,0,0,3,0,1.2,1.2,1.1,2.3,10,20,8,0.22,0.22,0.44,0.22,0.44,0.27,0.25,0.51,0.27,0.51,Matches
Trent Alexander-Arnold,eng ENG,DF,Liverpool,26-184,1998,28,26,"2,145",23.8,2,6,8,2,0,0,4,0,1.6,1.6,6.7,8.3,48,204,87,0.08,0.25,0.34,0.08,0.34,0.07,0.28,0.35,0.07,0.35,Matches
Alisson,br BRA,GK,Liverpool,32-189,1992,21,21,"1,878",20.9,0,0,0,0,0,0,0,0,0.0,0.0,0.6,0.6,0,0,0,0.00,0.00,0.00,0.00,0.00,0.00,0.03,0.03,0.00,0.03,Matches
Miguel Almirón,py PAR,FW,Newcastle Utd,31-058,1994,9,1,157,1.7,0,0,0,0,0,0,0,0,0.5,0.5,0.3,0.8,3,6,18,0.00,0.00,0.00,0.00,0.00,0.30,0.15,0.45,0.30,0.45,Matches
Edson Álvarez,mx MEX,MF,West Ham,27-167,1997,25,19,"1,633",18.1,0,1,1,0,0,0,8,1,0.3,0.3,0.8,1.1,21,75,18,0.00,0.06,0.06,0.00,0.06,0.02,0.04,0.06,0.02,0.06,Matches
Will Alves,eng ENG,FW,Leicester City,20-065,2005,1,0,1,0.0,0,0,0,0,0,0,0,0,0.0,0.0,0.0,0.0,0,0,1,0.00,0.00,0.00,0.00,0.00,0.00,0.00,0.00,0.00,0.00,Matches
Harry Amass,eng ENG,DF,Manchester Utd,18-024,2007,1,0,22,0.2,0,0,0,0,0,0,0,0,0.0,0.0,0.0,0.0,0,1,1,0.00,0.00,0.00,0.00,0.00,0.00,0.00,0.00,0.00,0.00,Matches
Samuel Amo-Ameyaw,eng ENG,"FW,DF",Southampton,18-265,2006,2,0,28,0.3,0,0,0,0,0,0,1,0,0.0,0.0,0.1,0.1,1,0,3,0.00,0.00,0.00,0.00,0.00,0.07,0.22,0.29,0.07,0.29,Matches
Mathis Amougou,fr FRA,MF,Chelsea,19-081,2006,1,0,8,0.1,0,0,0,0,0,0,0,0,0.0,0.0,0.0,0.0,0,1,0,0.00,0.00,0.00,0.00,0.00,0.00,0.00,0.00,0.00,0.00,Matches
Joachim Andersen,dk DEN,DF,Crystal Palace,28-313,1996,1,1,90,1.0,0,0,0,0,0,0,1,0,0.0,0.0,0.0,0.0,1,4,1,0.00,0.00,0.00,0.00,0.00,0.04,0.00,0.04,0.04,0.04,Matches
Joachim Andersen,dk DEN,DF,Fulham,28-313,1996,22,22,"1,953",21.7,0,0,0,0,0,0,5,1,0.4,0.4,0.3,0.8,11,95,1,0.00,0.00,0.00,0.00,0.00,0.02,0.02,0.04,0.02,0.04,Matches
Elliot Anderson,eng ENG,MF,Nott'ham Forest,22-154,2002,30,26,"2,137",23.7,1,6,7,1,0,0,6,0,1.6,1.6,3.0,4.6,36,108,76,0.04,0.25,0.29,0.04,0.29,0.07,0.13,0.19,0.07,0.19,Matches
André,br BRA,MF,Wolves,23-267,2001,26,24,"1,907",21.2,0,0,0,0,0,0,6,0,0.3,0.3,0.6,0.9,7,83,11,0.00,0.00,0.00,0.00,0.00,0.01,0.03,0.04,0.01,0.04,Matches
Michail Antonio,jm JAM,FW,West Ham,35-012,1990,14,11,836,9.3,1,1,2,1,0,0,1,0,2.2,2.2,1.6,3.8,29,18,59,0.11,0.11,0.22,0.11,0.22,0.24,0.17,0.41,0.24,0.41,Matches
Antony,br BRA,"DF,MF",Manchester Utd,25-044,2000,8,0,141,1.6,0,0,0,0,0,0,0,0,1.0,1.0,0.1,1.1,5,6,7,0.00,0.00,0.00,0.00,0.00,0.65,0.08,0.73,0.65,0.73,Matches
Julian Araujo,mx MEX,DF,Bournemouth,23-239,2001,8,5,355,3.9,0,0,0,0,0,0,1,0,0.0,0.0,0.0,0.0,2,14,11,0.00,0.00,0.00,0.00,0.00,0.00,0.00,0.00,0.00,0.00,Matches
Cameron Archer,eng ENG,FW,Southampton,23-262,2001,28,12,"1,254",13.9,2,0,2,2,0,1,0,0,4.9,4.1,0.3,4.5,16,13,58,0.14,0.00,0.14,0.14,0.14,0.36,0.02,0.38,0.30,0.32,Matches
Alphonse Areola,fr FRA,GK,West Ham,32-041,1993,20,19,"1,720",19.1,0,0,0,0,0,0,0,0,0.0,0.0,0.0,0.0,0,0,0,0.00,0.00,0.00,0.00,0.00,0.00,0.00,0.00,0.00,0.00,Matches
Joe Aribo,ng NGA,"MF,DF",Southampton,28-262,1996,30,20,"1,909",21.2,3,0,3,3,0,0,1,0,2.7,2.7,1.6,4.3,35,71,64,0.14,0.00,0.14,0.14,0.14,0.13,0.07,0.20,0.13,0.20,Matches
Adam Armstrong,eng ENG,"FW,MF",Southampton,28-058,1997,20,15,"1,248",13.9,2,2,4,2,0,1,4,0,3.3,2.3,1.2,3.5,25,21,79,0.14,0.14,0.29,0.14,0.29,0.24,0.09,0.32,0.17,0.25,Matches
Harrison Armstrong,eng ENG,MF,Everton,18-080,2007,3,0,48,0.5,0,0,0,0,0,0,1,0,0.4,0.4,0.1,0.4,1,1,0,0.00,0.00,0.00,0.00,0.00,0.69,0.14,0.82,0.69,0.82,Matches
Kepa Arrizabalaga,es ESP,GK,Bournemouth,30-188,1994,24,24,"2,160",24.0,0,0,0,0,0,0,3,0,0.1,0.1,0.0,0.1,0,0,0,0.00,0.00,0.00,0.00,0.00,0.00,0.00,0.00,0.00,0.00,Matches
Marco Asensio,es ESP,"MF,FW",Aston Villa,29-078,1996,6,3,305,3.4,3,1,4,3,0,0,1,0,2.1,2.1,0.3,2.4,14,22,11,0.89,0.30,1.18,0.89,1.18,0.63,0.08,0.71,0.63,0.71,Matches
Brandon Austin,eng ENG,GK,Tottenham,26-091,1999,1,1,90,1.0,0,0,0,0,0,0,0,0,0.0,0.0,0.0,0.0,0,0,0,0.00,0.00,0.00,0.00,0.00,0.00,0.00,0.00,0.00,0.00,Matches
Taiwo Awoniyi,ng NGA,FW,Nott'ham Forest,27-240,1997,23,3,363,4.0,1,0,1,1,0,0,0,0,2.1,2.1,0.1,2.2,6,7,19,0.25,0.00,0.25,0.25,0.25,0.52,0.03,0.55,0.52,0.55,Matches
Yasin Ayari,se SWE,MF,Brighton,21-185,2003,27,17,"1,543",17.1,0,1,1,0,0,0,3,0,2.1,2.1,2.1,4.2,22,58,54,0.00,0.06,0.06,0.00,0.06,0.12,0.12,0.25,0.12,0.25,Matches
Jordan Ayew,gh GHA,"FW,MF",Crystal Palace,33-210,1991,1,0,21,0.2,0,0,0,0,0,0,1,0,0.5,0.5,0.0,0.5,0,0,1,0.00,0.00,0.00,0.00,0.00,1.96,0.21,2.17,1.96,2.17,Matches
Jordan Ayew,gh GHA,"FW,MF",Leicester City,33-210,1991,25,15,"1,310",14.6,4,0,4,3,1,1,5,0,2.8,2.0,0.8,2.8,38,31,68,0.27,0.00,0.27,0.21,0.21,0.19,0.05,0.25,0.14,0.19,Matches
Benoît Badiashile,fr FRA,DF,Chelsea,24-014,2001,5,3,334,3.7,0,0,0,0,0,0,0,0,0.0,0.0,0.0,0.0,3,17,2,0.00,0.00,0.00,0.00,0.00,0.00,0.00,0.00,0.00,0.00,Matches
Leon Bailey,jm JAM,"FW,MF",Aston Villa,27-243,1997,23,14,"1,138",12.6,1,2,3,1,0,0,3,0,1.7,1.7,1.5,3.3,57,35,121,0.08,0.16,0.24,0.08,0.24,0.14,0.12,0.26,0.14,0.26,Matches
Carlos Baleba,cm CMR,MF,Brighton,21-096,2004,27,24,"2,057",22.9,2,1,3,2,0,0,8,1,3.0,3.0,1.1,4.1,34,99,26,0.09,0.04,0.13,0.09,0.13,0.13,0.05,0.18,0.13,0.18,Matches
Ross Barkley,eng ENG,MF,Aston Villa,31-125,1993,16,3,554,6.2,3,1,4,3,0,0,3,0,1.7,1.7,0.6,2.3,14,32,8,0.49,0.16,0.65,0.49,0.65,0.27,0.09,0.37,0.27,0.37,Matches
Harvey Barnes,eng ENG,FW,Newcastle Utd,27-121,1997,25,9,"1,082",12.0,6,3,9,6,0,0,0,0,5.0,5.0,3.1,8.0,57,56,118,0.50,0.25,0.75,0.50,0.75,0.41,0.26,0.67,0.41,0.67,Matches
Calvin Bassey,ng NGA,DF,Fulham,25-099,1999,29,28,"2,534",28.2,1,0,1,1,0,0,5,0,1.0,1.0,0.1,1.1,23,89,12,0.04,0.00,0.04,0.04,0.04,0.04,0.00,0.04,0.04,0.04,Matches
Jan Bednarek,pl POL,DF,Southampton,28-362,1996,25,25,"2,081",23.1,2,0,2,2,0,0,6,0,0.7,0.7,0.5,1.2,4,55,1,0.09,0.00,0.09,0.09,0.09,0.03,0.02,0.05,0.03,0.05,Matches
Armel Bella Kotchap,de GER,DF,Southampton,23-119,2001,4,2,331,3.7,0,0,0,0,0,0,0,0,0.3,0.3,0.0,0.3,0,5,0,0.00,0.00,0.00,0.00,0.00,0.09,0.00,0.09,0.09,0.09,Matches
Jean-Ricner Bellegarde,fr FRA,"MF,FW",Wolves,26-286,1998,29,17,"1,438",16.0,2,6,8,2,0,0,3,0,1.3,1.3,3.6,4.9,45,35,79,0.13,0.38,0.50,0.13,0.50,0.08,0.22,0.31,0.08,0.31,Matches
Rodrigo Bentancur,uy URU,MF,Tottenham,27-288,1997,21,18,"1,392",15.5,2,0,2,2,0,0,7,0,1.3,1.3,0.4,1.7,21,84,30,0.13,0.00,0.13,0.13,0.13,0.09,0.03,0.11,0.09,0.11,Matches
Sander Berge,no NOR,MF,Fulham,27-054,1998,24,20,"1,824",20.3,0,0,0,0,0,0,4,0,0.2,0.2,0.6,0.8,20,94,8,0.00,0.00,0.00,0.00,0.00,0.01,0.03,0.04,0.01,0.04,Matches
Lucas Bergvall,se SWE,MF,Tottenham,19-066,2006,24,10,"1,076",12.0,0,1,1,0,0,0,3,0,0.7,0.7,0.5,1.2,27,45,27,0.00,0.08,0.08,0.00,0.08,0.06,0.04,0.10,0.06,0.10,Matches
Victor Bernth Kristiansen,dk DEN,DF,Leicester City,22-114,2002,28,28,"2,380",26.4,0,1,1,0,0,0,1,0,0.3,0.3,1.4,1.7,39,69,75,0.00,0.04,0.04,0.00,0.04,0.01,0.05,0.06,0.01,0.06,Matches
Beto,gw GNB,FW,Everton,27-068,1998,23,10,"1,074",11.9,6,0,6,6,0,0,2,0,6.1,6.1,0.7,6.7,12,8,54,0.50,0.00,0.50,0.50,0.50,0.51,0.06,0.56,0.51,0.56,Matches
Philip Billing,dk DEN,MF,Bournemouth,28-302,1996,10,1,184,2.0,0,0,0,0,0,0,1,0,0.6,0.6,1.1,1.7,3,15,13,0.00,0.00,0.00,0.00,0.00,0.28,0.54,0.82,0.28,0.82,Matches
Yves Bissouma,ml MLI,MF,Tottenham,28-222,1996,23,14,"1,156",12.8,2,0,2,2,0,0,6,0,0.6,0.6,0.3,0.8,15,69,3,0.16,0.00,0.16,0.16,0.16,0.04,0.02,0.07,0.04,0.07,Matches
Oscar Bobb,no NOR,FW,Manchester City,21-271,2003,1,0,6,0.1,0,0,0,0,0,0,0,0,0.0,0.0,0.0,0.0,0,0,0,0.00,0.00,0.00,0.00,0.00,0.00,0.00,0.00,0.00,0.00,Matches
Lamare Bogarde,nl NED,"DF,MF",Aston Villa,21-094,2004,8,5,476,5.3,0,0,0,0,0,0,2,0,0.0,0.0,0.1,0.2,12,14,9,0.00,0.00,0.00,0.00,0.00,0.01,0.02,0.03,0.01,0.03,Matches
Willy Boly,ci CIV,DF,Nott'ham Forest,34-065,1991,6,1,150,1.7,0,0,0,0,0,0,1,0,0.1,0.1,0.0,0.1,0,2,0,0.00,0.00,0.00,0.00,0.00,0.04,0.00,0.04,0.04,0.04,Matches
Sven Botman,nl NED,DF,Newcastle Utd,25-087,2000,3,3,224,2.5,0,0,0,0,0,0,1,0,0.0,0.0,0.0,0.0,0,3,0,0.00,0.00,0.00,0.00,0.00,0.01,0.00,0.01,0.01,0.01,Matches
Jarrod Bowen,eng ENG,"FW,MF",West Ham,28-110,1996,27,27,"2,366",26.3,8,5,13,7,1,1,1,0,6.8,6.1,5.3,11.4,88,80,164,0.30,0.19,0.49,0.27,0.46,0.26,0.20,0.46,0.23,0.43,Matches
Conor Bradley,nir NIR,DF,Liverpool,21-274,2003,13,2,396,4.4,0,1,1,0,0,0,2,0,0.5,0.5,0.3,0.8,20,18,18,0.00,0.23,0.23,0.00,0.23,0.11,0.08,0.19,0.11,0.19,Matches
Jarrad Branthwaite,eng ENG,DF,Everton,22-286,2002,24,22,"1,988",22.1,0,1,1,0,0,0,3,0,0.8,0.8,0.6,1.3,8,49,1,0.00,0.05,0.05,0.00,0.05,0.03,0.03,0.06,0.03,0.06,Matches
James Bree,eng ENG,DF,Southampton,27-180,1997,14,11,890,9.9,0,1,1,0,0,0,0,0,0.1,0.1,0.9,1.0,9,30,34,0.00,0.10,0.10,0.00,0.10,0.01,0.09,0.10,0.01,0.10,Matches
Ben Brereton,cl CHI,FW,Southampton,25-356,1999,10,4,449,5.0,0,0,0,0,0,0,1,0,0.9,0.9,0.1,1.0,12,9,42,0.00,0.00,0.00,0.00,0.00,0.18,0.02,0.20,0.18,0.20,Matches
Nathan Broadhead,wls WAL,"MF,FW",Ipswich Town,27-004,1998,15,6,590,6.6,1,0,1,1,0,0,1,0,1.5,1.5,0.6,2.1,15,11,25,0.15,0.00,0.15,0.15,0.15,0.23,0.10,0.33,0.23,0.33,Matches
Armando Broja,al ALB,FW,Everton,23-211,2001,8,2,209,2.3,0,0,0,0,0,0,1,0,0.1,0.1,0.1,0.2,10,2,18,0.00,0.00,0.00,0.00,0.00,0.05,0.05,0.10,0.05,0.10,Matches
David Brooks,wls WAL,"FW,MF",Bournemouth,27-275,1997,24,8,793,8.8,2,0,2,2,0,0,3,0,2.2,2.2,1.7,3.9,25,26,72,0.23,0.00,0.23,0.23,0.23,0.25,0.19,0.44,0.25,0.44,Matches
Emi Buendía,ar ARG,"MF,FW",Aston Villa,28-105,1996,12,0,98,1.1,0,0,0,0,0,0,1,0,0.7,0.7,0.0,0.7,3,7,6,0.00,0.00,0.00,0.00,0.00,0.60,0.02,0.62,0.60,0.62,Matches
Santiago Bueno,uy URU,DF,Wolves,26-151,1998,24,17,"1,536",17.1,0,0,0,0,0,0,2,0,0.4,0.4,0.0,0.4,1,27,1,0.00,0.00,0.00,0.00,0.00,0.03,0.00,0.03,0.03,0.03,Matches
Facundo Buonanotte,ar ARG,"FW,MF",Leicester City,20-107,2004,27,13,"1,399",15.5,4,2,6,4,0,0,7,0,3.6,3.6,3.0,6.6,37,49,63,0.26,0.13,0.39,0.26,0.39,0.23,0.20,0.42,0.23,0.42,Matches
Cameron Burgess,au AUS,DF,Ipswich Town,29-170,1995,13,12,"1,125",12.5,0,1,1,0,0,0,0,0,0.7,0.7,0.5,1.2,2,36,3,0.00,0.08,0.08,0.00,0.08,0.06,0.04,0.09,0.06,0.09,Matches
Dan Burn,eng ENG,DF,Newcastle Utd,32-335,1992,29,29,"2,610",29.0,0,0,0,0,0,0,8,0,1.1,1.1,0.5,1.6,6,45,6,0.00,0.00,0.00,0.00,0.00,0.04,0.02,0.05,0.04,0.05,Matches
Wes Burns,wls WAL,"FW,DF",Ipswich Town,30-137,1994,18,12,926,10.3,0,1,1,0,0,0,1,0,0.5,0.5,1.6,2.2,38,8,65,0.00,0.10,0.10,0.00,0.10,0.05,0.16,0.21,0.05,0.21,Matches
Moisés Caicedo,ec ECU,MF,Chelsea,23-158,2001,31,31,"2,721",30.2,1,2,3,1,0,0,9,0,0.6,0.6,2.8,3.4,35,166,28,0.03,0.07,0.10,0.03,0.10,0.02,0.09,0.11,0.02,0.11,Matches
Tom Cairney,sct SCO,MF,Fulham,34-079,1991,19,2,438,4.9,1,0,1,1,0,0,2,1,0.1,0.1,0.7,0.9,13,45,21,0.21,0.00,0.21,0.21,0.21,0.03,0.14,0.17,0.03,0.17,Matches
Jens Cajuste,se SWE,MF,Ipswich Town,25-242,1999,24,21,"1,604",17.8,1,0,1,1,0,0,2,0,0.4,0.4,0.6,1.0,23,44,14,0.06,0.00,0.06,0.06,0.06,0.02,0.03,0.05,0.02,0.05,Matches
Riccardo Calafiori,it ITA,DF,Arsenal,22-325,2002,17,11,925,10.3,2,1,3,2,0,0,4,0,0.9,0.9,0.3,1.1,21,54,29,0.19,0.10,0.29,0.19,0.29,0.08,0.03,0.11,0.08,0.11,Matches
Dominic Calvert-Lewin,eng ENG,FW,Everton,28-024,1997,22,19,"1,574",17.5,3,1,4,3,0,0,2,0,6.1,6.1,0.6,6.7,22,19,105,0.17,0.06,0.23,0.17,0.23,0.35,0.04,0.39,0.35,0.39,Matches
Diego Carlos,br BRA,DF,Aston Villa,32-025,1993,10,8,830,9.2,0,0,0,0,0,0,1,0,0.6,0.6,0.0,0.6,3,34,0,0.00,0.00,0.00,0.00,0.00,0.07,0.00,0.07,0.07,0.07,Matches
Fabio Carvalho,pt POR,"FW,MF",Brentford,22-222,2002,19,3,455,5.1,2,1,3,2,0,0,1,0,2.5,2.5,0.7,3.2,9,17,23,0.40,0.20,0.59,0.40,0.59,0.49,0.13,0.62,0.49,0.62,Matches
Casemiro,br BRA,MF,Manchester Utd,33-045,1992,21,15,"1,271",14.1,1,0,1,1,0,0,3,0,1.5,1.5,2.2,3.7,4,65,26,0.07,0.00,0.07,0.07,0.07,0.10,0.16,0.26,0.10,0.26,Matches
Kaelan Casey,eng ENG,DF,West Ham,20-163,2004,1,0,1,0.0,0,0,0,0,0,0,0,0,0.0,0.0,0.0,0.0,0,0,0,0.00,0.00,0.00,0.00,0.00,0.00,0.00,0.00,0.00,0.00,Matches
Matty Cash,pl POL,DF,Aston Villa,27-245,1997,20,17,"1,476",16.4,1,1,2,1,0,0,6,0,0.3,0.3,1.1,1.3,39,32,53,0.06,0.06,0.12,0.06,0.12,0.02,0.07,0.08,0.02,0.08,Matches
Eiran Cashin,ie IRL,DF,Brighton,23-151,2001,1,0,19,0.2,0,0,0,0,0,0,0,0,0.0,0.0,0.0,0.0,0,5,1,0.00,0.00,0.00,0.00,0.00,0.00,0.00,0.00,0.00,0.00,Matches
Timothy Castagne,be BEL,DF,Fulham,29-125,1995,21,16,"1,522",16.9,0,1,1,0,0,0,1,0,0.4,0.4,1.2,1.6,17,58,65,0.00,0.06,0.06,0.00,0.06,0.02,0.07,0.09,0.02,0.09,Matches
Trevoh Chalobah,eng ENG,DF,Crystal Palace,25-278,1999,12,12,"1,060",11.8,3,0,3,3,0,0,1,0,1.2,1.2,0.4,1.6,11,34,6,0.25,0.00,0.25,0.25,0.25,0.10,0.03,0.14,0.10,0.14,Matches
Trevoh Chalobah,eng ENG,DF,Chelsea,25-278,1999,8,6,476,5.3,0,1,1,0,0,0,1,0,0.2,0.2,1.2,1.4,2,18,0,0.00,0.19,0.19,0.00,0.19,0.05,0.22,0.27,0.05,0.27,Matches
Conor Chaplin,eng ENG,"MF,FW",Ipswich Town,28-052,1997,16,7,624,6.9,1,1,2,1,0,0,1,0,1.2,1.2,0.6,1.8,10,25,20,0.14,0.14,0.29,0.14,0.29,0.17,0.09,0.26,0.17,0.26,Matches
Youssef Chermiti,pt POR,"FW,MF",Everton,20-320,2004,2,0,17,0.2,0,0,0,0,0,0,1,0,0.1,0.1,0.0,0.1,0,1,4,0.00,0.00,0.00,0.00,0.00,0.36,0.00,0.36,0.36,0.36,Matches
Federico Chiesa,it ITA,FW,Liverpool,27-166,1997,4,0,37,0.4,0,0,0,0,0,0,0,0,0.2,0.2,0.0,0.2,2,2,6,0.00,0.00,0.00,0.00,0.00,0.60,0.00,0.60,0.60,0.60,Matches
Ben Chilwell,eng ENG,DF,Crystal Palace,28-109,1996,5,0,111,1.2,0,0,0,0,0,0,1,0,0.1,0.1,0.2,0.3,1,3,7,0.00,0.00,0.00,0.00,0.00,0.06,0.16,0.22,0.06,0.22,Matches
Chiquinho,pt POR,MF,Wolves,25-063,2000,1,0,7,0.1,0,0,0,0,0,0,0,0,0.0,0.0,0.0,0.0,0,0,0,0.00,0.00,0.00,0.00,0.00,0.00,0.42,0.42,0.00,0.42,Matches
Hamza Choudhury,bd BAN,"MF,DF",Leicester City,27-190,1997,4,1,131,1.5,0,0,0,0,0,0,0,0,0.0,0.0,0.4,0.4,4,3,6,0.00,0.00,0.00,0.00,0.00,0.00,0.27,0.27,0.00,0.27,Matches
Ryan Christie,sct SCO,MF,Bournemouth,30-046,1995,29,27,"2,117",23.5,2,3,5,2,0,0,9,0,1.8,1.8,3.5,5.4,34,137,44,0.09,0.13,0.21,0.09,0.21,0.08,0.15,0.23,0.08,0.23,Matches
Harry Clarke,eng ENG,DF,Ipswich Town,24-038,2001,7,4,379,4.2,0,0,0,0,0,0,3,1,0.1,0.1,0.0,0.1,5,14,2,0.00,0.00,0.00,0.00,0.00,0.02,0.01,0.03,0.02,0.03,Matches
Jack Clarke,eng ENG,"FW,MF",Ipswich Town,24-137,2000,25,8,890,9.9,0,4,4,0,0,0,2,0,0.9,0.9,1.9,2.8,25,28,47,0.00,0.40,0.40,0.00,0.40,0.10,0.19,0.28,0.10,0.28,Matches
Nathaniel Clyne,eng ENG,"DF,MF",Crystal Palace,34-004,1991,12,5,455,5.1,0,0,0,0,0,0,1,0,0.0,0.0,0.3,0.3,6,7,8,0.00,0.00,0.00,0.00,0.00,0.00,0.06,0.06,0.00,0.06,Matches
Conor Coady,eng ENG,DF,Leicester City,32-043,1993,15,12,"1,084",12.0,0,0,0,0,0,0,1,0,0.0,0.0,0.1,0.1,2,26,0,0.00,0.00,0.00,0.00,0.00,0.00,0.00,0.00,0.00,0.00,Matches
Séamus Coleman,ie IRL,DF,Everton,36-180,1988,3,2,197,2.2,0,0,0,0,0,0,1,0,0.6,0.6,0.0,0.6,1,8,2,0.00,0.00,0.00,0.00,0.00,0.26,0.00,0.26,0.26,0.26,Matches
Nathan Collins,ie IRL,DF,Brentford,23-344,2001,31,31,"2,790",31.0,2,1,3,2,0,0,4,0,2.3,2.3,1.4,3.7,24,106,17,0.06,0.03,0.10,0.06,0.10,0.07,0.04,0.12,0.07,0.12,Matches
Toby Collyer,eng ENG,MF,Manchester Utd,21-096,2004,6,0,179,2.0,0,0,0,0,0,0,0,0,0.2,0.2,0.3,0.4,0,5,2,0.00,0.00,0.00,0.00,0.00,0.09,0.13,0.22,0.09,0.22,Matches
Levi Colwill,eng ENG,DF,Chelsea,22-042,2003,28,28,"2,519",28.0,1,1,2,1,0,0,7,0,0.7,0.7,1.1,1.8,10,109,7,0.04,0.04,0.07,0.04,0.07,0.03,0.04,0.06,0.03,0.06,Matches
Lewis Cook,eng ENG,"MF,DF",Bournemouth,28-065,1997,30,28,"2,572",28.6,1,3,4,1,0,0,7,0,0.9,0.9,4.1,5.0,33,147,46,0.03,0.10,0.14,0.03,0.14,0.03,0.14,0.17,0.03,0.17,Matches
Maxwel Cornet,ci CIV,FW,Southampton,28-194,1996,2,1,72,0.8,0,0,0,0,0,0,1,0,0.2,0.2,0.0,0.2,1,0,5,0.00,0.00,0.00,0.00,0.00,0.20,0.00,0.20,0.20,0.20,Matches
Vladimír Coufal,cz CZE,DF,West Ham,32-230,1992,15,8,736,8.2,0,0,0,0,0,0,2,0,0.2,0.2,0.6,0.8,11,28,21,0.00,0.00,0.00,0.00,0.00,0.02,0.08,0.10,0.02,0.10,Matches
Woyo Coulibaly,fr FRA,DF,Leicester City,25-324,1999,4,1,109,1.2,0,0,0,0,0,0,1,0,0.0,0.0,0.0,0.0,4,3,2,0.00,0.00,0.00,0.00,0.00,0.04,0.00,0.04,0.04,0.04,Matches
Aaron Cresswell,eng ENG,DF,West Ham,35-115,1989,14,7,589,6.5,0,0,0,0,0,0,2,0,0.1,0.1,1.1,1.3,4,24,2,0.00,0.00,0.00,0.00,0.00,0.02,0.17,0.19,0.02,0.19,Matches
Marc Cucurella,es ESP,DF,Chelsea,26-261,1998,29,26,"2,358",26.2,4,1,5,4,0,0,9,1,2.2,2.2,1.7,3.9,29,91,96,0.15,0.04,0.19,0.15,0.19,0.08,0.07,0.15,0.08,0.15,Matches
Jorge Cuenca,es ESP,DF,Fulham,25-143,1999,6,3,259,2.9,0,0,0,0,0,0,0,0,0.0,0.0,0.0,0.0,0,9,0,0.00,0.00,0.00,0.00,0.00,0.01,0.00,0.01,0.01,0.01,Matches
Matheus Cunha,br BRA,"MF,FW",Wolves,25-317,1999,26,24,"2,143",23.8,13,4,17,13,0,0,3,0,6.7,6.7,6.6,13.4,92,112,137,0.55,0.17,0.71,0.55,0.71,0.28,0.28,0.56,0.28,0.56,Matches
Patson Daka,zm ZAM,"FW,MF",Leicester City,26-182,1998,18,5,587,6.5,1,0,1,1,0,0,0,0,0.8,0.8,0.0,0.8,8,8,30,0.15,0.00,0.15,0.15,0.15,0.12,0.00,0.12,0.12,0.12,Matches
Diogo Dalot,pt POR,DF,Manchester Utd,26-022,1999,30,30,"2,666",29.6,0,2,2,0,0,0,5,0,2.0,2.0,1.9,3.9,60,96,157,0.00,0.07,0.07,0.00,0.07,0.07,0.06,0.13,0.07,0.13,Matches
Mikkel Damsgaard,dk DEN,"MF,FW",Brentford,24-280,2000,31,27,"2,330",25.9,2,10,12,2,0,0,2,0,2.6,2.6,7.3,9.9,59,195,110,0.08,0.39,0.46,0.08,0.46,0.10,0.28,0.38,0.10,0.38,Matches
Danilo,br BRA,"MF,FW",Nott'ham Forest,23-345,2001,6,4,210,2.3,0,0,0,0,0,0,0,0,0.0,0.0,0.0,0.0,2,10,1,0.00,0.00,0.00,0.00,0.00,0.00,0.00,0.00,0.00,0.00,Matches
Jayden Danns,eng ENG,MF,Liverpool,19-083,2006,1,0,11,0.1,0,0,0,0,0,0,0,0,0.0,0.0,0.0,0.0,0,0,0,0.00,0.00,0.00,0.00,0.00,0.00,0.00,0.00,0.00,0.00,Matches
Kevin Danso,at AUT,DF,Tottenham,26-202,1998,4,4,347,3.9,0,0,0,0,0,0,0,0,0.3,0.3,0.0,0.4,2,7,0,0.00,0.00,0.00,0.00,0.00,0.09,0.01,0.10,0.09,0.10,Matches
Ben Davies,wls WAL,DF,Tottenham,31-350,1993,10,9,811,9.0,0,0,0,0,0,0,2,0,0.2,0.2,0.1,0.2,6,38,5,0.00,0.00,0.00,0.00,0.00,0.02,0.01,0.03,0.02,0.03,Matches
Leif Davis,eng ENG,DF,Ipswich Town,25-087,2000,29,28,"2,471",27.5,1,2,3,1,0,0,5,0,0.9,0.9,4.3,5.2,47,55,117,0.04,0.07,0.11,0.04,0.11,0.03,0.16,0.19,0.03,0.19,Matches
Craig Dawson,eng ENG,DF,Wolves,34-338,1990,15,10,971,10.8,0,0,0,0,0,0,2,0,0.5,0.5,0.0,0.5,6,20,5,0.00,0.00,0.00,0.00,0.00,0.05,0.00,0.05,0.05,0.05,Matches
Kevin De Bruyne,be BEL,MF,Manchester City,33-285,1991,21,13,"1,193",13.3,2,6,8,2,0,0,2,0,2.7,2.7,6.1,8.8,39,116,112,0.15,0.45,0.60,0.15,0.60,0.20,0.46,0.66,0.20,0.66,Matches
Liam Delap,eng ENG,FW,Ipswich Town,22-060,2003,30,29,"2,324",25.8,12,2,14,10,2,2,8,0,9.0,7.4,1.9,9.2,57,29,100,0.46,0.08,0.54,0.39,0.46,0.35,0.07,0.42,0.29,0.36,Matches
Sepp van den Berg,nl NED,DF,Brentford,23-110,2001,24,22,"1,956",21.7,0,0,0,0,0,0,2,0,1.3,1.3,0.2,1.5,7,58,26,0.00,0.00,0.00,0.00,0.00,0.06,0.01,0.07,0.06,0.07,Matches
Justin Devenny,nir NIR,MF,Crystal Palace,21-180,2003,16,3,332,3.7,1,0,1,1,0,0,0,0,0.5,0.5,0.3,0.9,3,10,9,0.27,0.00,0.27,0.27,0.27,0.14,0.09,0.23,0.14,0.23,Matches
Kiernan Dewsbury-Hall,eng ENG,"MF,FW",Chelsea,26-215,1998,11,2,258,2.9,0,1,1,0,0,0,0,0,0.2,0.2,1.1,1.3,5,14,11,0.00,0.35,0.35,0.00,0.35,0.08,0.37,0.45,0.08,0.45,Matches
Amad Diallo,ci CIV,"FW,MF",Manchester Utd,22-272,2002,22,17,"1,594",17.7,6,6,12,6,0,0,3,0,4.1,4.1,3.9,8.0,92,53,159,0.34,0.34,0.68,0.34,0.68,0.23,0.22,0.45,0.23,0.45,Matches
Rúben Dias,pt POR,DF,Manchester City,27-330,1997,20,18,"1,641",18.2,0,0,0,0,0,0,4,0,1.3,1.3,0.3,1.5,30,102,6,0.00,0.00,0.00,0.00,0.00,0.07,0.01,0.08,0.07,0.08,Matches
Luis Díaz,co COL,FW,Liverpool,28-086,1997,30,23,"1,971",21.9,10,5,15,10,0,0,2,0,8.1,8.1,4.2,12.3,98,96,246,0.46,0.23,0.68,0.46,0.68,0.37,0.19,0.56,0.37,0.56,Matches
Tyler Dibling,eng ENG,"FW,MF",Southampton,19-028,2006,27,18,"1,622",18.0,2,0,2,2,0,0,6,0,2.4,2.4,1.5,3.9,63,59,85,0.11,0.00,0.11,0.11,0.11,0.13,0.08,0.22,0.13,0.22,Matches
Lucas Digne,fr FRA,DF,Aston Villa,31-263,1993,29,26,"2,151",23.9,0,4,4,0,0,0,3,0,0.8,0.8,4.1,4.9,21,51,135,0.00,0.17,0.17,0.00,0.17,0.03,0.17,0.21,0.03,0.21,Matches
Issa Diop,fr FRA,DF,Fulham,28-090,1997,21,15,"1,339",14.9,0,0,0,0,0,0,2,0,0.5,0.5,0.1,0.6,6,25,3,0.00,0.00,0.00,0.00,0.00,0.04,0.01,0.04,0.04,0.04,Matches
Axel Disasi,fr FRA,DF,Aston Villa,27-029,1998,6,5,460,5.1,0,0,0,0,0,0,2,0,0.1,0.1,0.4,0.5,10,15,5,0.00,0.00,0.00,0.00,0.00,0.02,0.08,0.09,0.02,0.09,Matches
Axel Disasi,fr FRA,DF,Chelsea,27-029,1998,6,4,364,4.0,1,0,1,1,0,0,1,0,0.3,0.3,0.1,0.4,6,16,2,0.25,0.00,0.25,0.25,0.25,0.07,0.02,0.09,0.07,0.09,Matches
Roman Dixon,eng ENG,DF,Everton,20-104,2004,1,1,90,1.0,0,0,0,0,0,0,0,0,0.0,0.0,0.0,0.0,0,0,1,0.00,0.00,0.00,0.00,0.00,0.00,0.00,0.00,0.00,0.00,Matches
Nasser Djiga,bf BFA,DF,Wolves,22-145,2002,3,0,20,0.2,0,0,0,0,0,0,0,0,0.0,0.0,0.0,0.0,0,0,1,0.00,0.00,0.00,0.00,0.00,0.00,0.00,0.00,0.00,0.00,Matches
Matt Doherty,ie IRL,DF,Wolves,33-083,1992,24,20,"1,764",19.6,2,1,3,2,0,0,6,0,1.0,1.0,1.5,2.5,29,73,39,0.10,0.05,0.15,0.10,0.15,0.05,0.08,0.13,0.05,0.13,Matches
Jeremy Doku,be BEL,"FW,MF",Manchester City,22-317,2002,22,14,"1,273",14.1,3,4,7,3,0,0,1,0,1.0,1.0,3.5,4.5,166,59,223,0.21,0.28,0.49,0.21,0.49,0.07,0.25,0.32,0.07,0.32,Matches
Nicolás Domínguez,ar ARG,"MF,FW",Nott'ham Forest,26-285,1998,27,17,"1,493",16.6,0,0,0,0,0,0,8,0,1.4,1.4,1.2,2.6,12,58,22,0.00,0.00,0.00,0.00,0.00,0.08,0.07,0.16,0.08,0.16,Matches
Patrick Dorgu,dk DEN,DF,Manchester Utd,20-165,2004,5,5,402,4.5,0,0,0,0,0,0,1,1,0.3,0.3,0.4,0.7,20,19,43,0.00,0.00,0.00,0.00,0.00,0.08,0.09,0.16,0.08,0.16,Matches
Alfie Dorrington,eng ENG,DF,Tottenham,19-354,2005,1,0,14,0.2,0,0,0,0,0,0,0,0,0.0,0.0,0.0,0.0,0,0,0,0.00,0.00,0.00,0.00,0.00,0.00,0.00,0.00,0.00,0.00,Matches
Abdoulaye Doucouré,ml MLI,MF,Everton,32-098,1993,27,26,"2,155",23.9,2,1,3,2,0,0,4,1,3.2,3.2,2.0,5.3,35,67,79,0.08,0.04,0.13,0.08,0.13,0.13,0.09,0.22,0.13,0.22,Matches
Cheick Doucouré,ml MLI,MF,Crystal Palace,25-091,2000,13,4,452,5.0,0,0,0,0,0,0,1,0,0.4,0.4,0.0,0.4,2,19,7,0.00,0.00,0.00,0.00,0.00,0.08,0.00,0.08,0.08,0.08,Matches
Flynn Downes,eng ENG,MF,Southampton,26-079,1999,21,19,"1,611",17.9,1,0,1,1,0,0,10,0,0.6,0.6,0.9,1.5,21,55,26,0.06,0.00,0.06,0.06,0.06,0.03,0.05,0.08,0.03,0.08,Matches
Tommy Doyle,eng ENG,MF,Wolves,23-174,2001,24,3,488,5.4,0,1,1,0,0,0,1,0,0.6,0.6,0.5,1.1,6,40,4,0.00,0.18,0.18,0.00,0.18,0.10,0.09,0.20,0.10,0.20,Matches
Radu Drăgușin,ro ROU,DF,Tottenham,23-065,2002,16,14,"1,252",13.9,0,0,0,0,0,0,1,0,0.1,0.1,0.4,0.5,7,37,2,0.00,0.00,0.00,0.00,0.00,0.01,0.03,0.04,0.01,0.04,Matches
Martin Dúbravka,sk SVK,GK,Newcastle Utd,36-084,1989,10,10,900,10.0,0,0,0,0,0,0,0,0,0.0,0.0,0.0,0.0,0,0,0,0.00,0.00,0.00,0.00,0.00,0.00,0.00,0.00,0.00,0.00,Matches
Lewis Dunk,eng ENG,DF,Brighton,33-139,1991,21,19,"1,723",19.1,0,0,0,0,0,0,4,0,0.7,0.7,0.5,1.2,20,127,3,0.00,0.00,0.00,0.00,0.00,0.04,0.03,0.06,0.04,0.06,Matches
Jáder Durán,co COL,FW,Aston Villa,21-117,2003,20,4,638,7.1,7,0,7,7,0,0,3,1,4.9,4.9,0.2,5.1,7,13,44,0.99,0.00,0.99,0.99,0.99,0.69,0.03,0.71,0.69,0.71,Matches
Ederson,br BRA,GK,Manchester City,31-235,1993,21,21,"1,890",21.0,0,3,3,0,0,0,3,0,0.0,0.0,0.8,0.8,0,1,0,0.00,0.14,0.14,0.00,0.14,0.00,0.04,0.04,0.00,0.04,Matches
George Edmundson,eng ENG,DF,Ipswich Town,27-221,1997,1,0,2,0.0,0,0,0,0,0,0,0,0,0.0,0.0,0.0,0.0,0,0,0,0.00,0.00,0.00,0.00,0.00,0.00,0.00,0.00,0.00,0.00,Matches
Odsonne Édouard,fr FRA,"MF,FW",Crystal Palace,27-083,1998,2,1,115,1.3,0,0,0,0,0,0,0,0,0.4,0.4,0.0,0.4,2,4,7,0.00,0.00,0.00,0.00,0.00,0.31,0.04,0.34,0.31,0.34,Matches
Odsonne Édouard,fr FRA,FW,Leicester City,27-083,1998,4,0,29,0.3,0,0,0,0,0,0,0,0,0.0,0.0,0.0,0.0,0,1,2,0.00,0.00,0.00,0.00,0.00,0.00,0.13,0.13,0.00,0.13,Matches
Samuel Edozie,eng ENG,"DF,FW",Southampton,22-071,2003,2,0,65,0.7,0,0,0,0,0,0,1,0,0.0,0.0,0.1,0.1,6,4,23,0.00,0.00,0.00,0.00,0.00,0.00,0.14,0.14,0.00,0.14,Matches
Ronnie Edwards,eng ENG,DF,Southampton,22-012,2003,1,0,12,0.1,0,0,0,0,0,0,0,0,0.0,0.0,0.0,0.0,0,0,0,0.00,0.00,0.00,0.00,0.00,0.00,0.00,0.00,0.00,0.00,Matches
Anthony Elanga,se SWE,FW,Nott'ham Forest,22-347,2002,31,25,"1,975",21.9,6,8,14,6,0,0,1,0,3.9,3.9,4.3,8.3,79,46,161,0.27,0.36,0.64,0.27,0.64,0.18,0.20,0.38,0.18,0.38,Matches
Harvey Elliott,eng ENG,"MF,FW",Liverpool,22-005,2003,12,0,164,1.8,0,1,1,0,0,0,0,0,0.4,0.4,0.8,1.2,7,23,20,0.00,0.55,0.55,0.00,0.55,0.23,0.42,0.65,0.23,0.65,Matches
Yunus Emre Konak,tr TUR,"FW,MF",Brentford,19-089,2006,7,0,31,0.3,0,0,0,0,0,0,0,0,0.2,0.2,0.0,0.2,1,2,1,0.00,0.00,0.00,0.00,0.00,0.44,0.00,0.44,0.44,0.44,Matches
Julio Enciso,py PAR,"FW,MF",Ipswich Town,21-076,2004,7,6,430,4.8,0,2,2,0,0,0,3,0,0.7,0.7,1.0,1.7,11,18,24,0.00,0.42,0.42,0.00,0.42,0.14,0.21,0.35,0.14,0.35,Matches
Julio Enciso,py PAR,"MF,FW",Brighton,21-076,2004,12,2,294,3.3,0,0,0,0,0,0,0,0,1.0,1.0,0.2,1.2,11,14,17,0.00,0.00,0.00,0.00,0.00,0.31,0.07,0.38,0.31,0.38,Matches
Wataru Endo,jp JPN,MF,Liverpool,32-059,1993,15,0,148,1.6,0,0,0,0,0,0,0,0,0.0,0.0,0.0,0.0,0,9,1,0.00,0.00,0.00,0.00,0.00,0.00,0.01,0.01,0.00,0.01,Matches
Christian Eriksen,dk DEN,MF,Manchester Utd,33-054,1992,17,9,813,9.0,0,1,1,0,0,0,3,0,0.2,0.2,2.4,2.5,8,40,23,0.00,0.11,0.11,0.00,0.11,0.02,0.26,0.28,0.02,0.28,Matches
Romain Esse,eng ENG,MF,Crystal Palace,19-331,2005,2,0,8,0.1,1,0,1,1,0,0,0,0,0.3,0.3,0.0,0.3,0,1,2,11.25,0.00,11.25,11.25,11.25,3.21,0.00,3.21,3.21,3.21,Matches
Pervis Estupiñán,ec ECU,DF,Brighton,27-078,1998,24,20,"1,862",20.7,1,1,2,1,0,0,3,0,0.7,0.7,1.9,2.6,48,86,93,0.05,0.05,0.10,0.05,0.10,0.04,0.09,0.13,0.04,0.13,Matches
Evanilson,br BRA,FW,Bournemouth,25-185,1999,24,21,"1,723",19.1,9,0,9,9,0,1,0,0,10.3,9.5,1.5,11.0,24,17,79,0.47,0.00,0.47,0.47,0.47,0.54,0.08,0.61,0.50,0.57,Matches
Jonny Evans,nir NIR,DF,Manchester Utd,37-096,1988,6,3,290,3.2,0,0,0,0,0,0,1,0,0.1,0.1,0.0,0.1,1,8,2,0.00,0.00,0.00,0.00,0.00,0.03,0.00,0.03,0.03,0.03,Matches
Eberechi Eze,eng ENG,"MF,FW",Crystal Palace,26-284,1998,26,24,"2,095",23.3,2,8,10,2,0,0,1,0,6.4,6.4,4.7,11.1,62,83,135,0.09,0.34,0.43,0.09,0.43,0.27,0.20,0.48,0.27,0.48,Matches
Łukasz Fabiański,pl POL,GK,West Ham,39-356,1985,13,12,"1,070",11.9,0,0,0,0,0,0,2,0,0.0,0.0,0.0,0.0,0,0,0,0.00,0.00,0.00,0.00,0.00,0.00,0.00,0.00,0.00,0.00,Matches
Wout Faes,be BEL,DF,Leicester City,27-006,1998,28,24,"2,275",25.3,1,0,1,1,0,0,3,0,1.4,1.4,0.1,1.5,11,72,1,0.04,0.00,0.04,0.04,0.04,0.05,0.00,0.06,0.05,0.06,Matches
Abdul Fatawu Issahaku,gh GHA,FW,Leicester City,21-032,2004,11,6,579,6.4,0,2,2,0,0,0,0,0,0.4,0.4,1.6,2.0,42,17,60,0.00,0.31,0.31,0.00,0.31,0.06,0.24,0.31,0.06,0.31,Matches
João Félix,pt POR,"FW,MF",Chelsea,25-150,1999,12,3,369,4.1,1,1,2,1,0,0,2,0,2.2,2.2,1.0,3.2,21,26,30,0.24,0.24,0.49,0.24,0.49,0.54,0.23,0.78,0.54,0.78,Matches
Evan Ferguson,ie IRL,FW,West Ham,20-172,2004,6,1,140,1.6,0,0,0,0,0,0,0,0,0.6,0.6,0.3,0.9,1,0,6,0.00,0.00,0.00,0.00,0.00,0.36,0.19,0.55,0.36,0.55,Matches
Evan Ferguson,ie IRL,FW,Brighton,20-172,2004,13,2,246,2.7,1,0,1,1,0,0,0,0,0.5,0.5,0.4,1.0,2,1,9,0.37,0.00,0.37,0.37,0.37,0.20,0.15,0.35,0.20,0.35,Matches
Bruno Fernandes,pt POR,MF,Manchester Utd,30-213,1994,30,30,"2,555",28.4,8,9,17,5,3,3,4,2,8.8,6.5,6.6,13.0,60,251,112,0.28,0.32,0.60,0.18,0.49,0.31,0.23,0.54,0.23,0.46,Matches
Mateus Fernandes,pt POR,MF,Southampton,20-273,2004,29,27,"2,321",25.8,2,3,5,2,0,0,7,0,3.7,3.7,2.4,6.1,65,120,91,0.08,0.12,0.19,0.08,0.19,0.14,0.09,0.24,0.14,0.24,Matches
Enzo Fernández,ar ARG,MF,Chelsea,24-082,2001,29,25,"2,320",25.8,5,5,10,5,0,0,7,0,5.1,5.1,5.3,10.4,47,173,93,0.19,0.19,0.39,0.19,0.39,0.20,0.21,0.40,0.20,0.40,Matches
Mark Flekken,nl NED,GK,Brentford,31-300,1993,30,30,"2,645",29.4,0,1,1,0,0,0,1,0,0.0,0.0,0.2,0.2,0,0,0,0.00,0.03,0.03,0.00,0.03,0.00,0.01,0.01,0.00,0.01,Matches
Phil Foden,eng ENG,"MF,FW",Manchester City,24-316,2000,25,19,"1,686",18.7,7,2,9,7,0,0,2,0,5.1,5.1,4.7,9.8,47,95,119,0.37,0.11,0.48,0.37,0.48,0.27,0.25,0.52,0.27,0.52,Matches
Wesley Fofana,fr FRA,DF,Chelsea,24-113,2000,14,14,"1,172",13.0,0,0,0,0,0,0,7,0,0.4,0.4,0.4,0.8,19,32,4,0.00,0.00,0.00,0.00,0.00,0.03,0.03,0.07,0.03,0.06,Matches
Carlos Forbs,pt POR,"MF,FW",Wolves,21-021,2004,9,1,237,2.6,0,0,0,0,0,0,2,0,0.1,0.1,0.0,0.2,9,8,28,0.00,0.00,0.00,0.00,0.00,0.05,0.01,0.07,0.05,0.07,Matches
Fraser Forster,eng ENG,GK,Tottenham,37-023,1988,7,7,630,7.0,0,0,0,0,0,0,0,0,0.0,0.0,0.0,0.0,0,0,0,0.00,0.00,0.00,0.00,0.00,0.00,0.00,0.00,0.00,0.00,Matches
Matheus França,br BRA,"MF,DF",Crystal Palace,21-008,2004,1,0,15,0.2,1,0,1,1,0,0,0,0,0.1,0.1,0.0,0.1,1,2,1,6.00,0.00,6.00,6.00,6.00,0.36,0.00,0.36,0.36,0.36,Matches
Ryan Fraser,sct SCO,"FW,DF",Southampton,31-044,1994,8,4,306,3.4,0,0,0,0,0,0,0,1,0.0,0.0,0.1,0.1,10,8,18,0.00,0.00,0.00,0.00,0.00,0.01,0.03,0.04,0.01,0.04,Matches
Niclas Füllkrug,de GER,FW,West Ham,32-059,1993,11,3,452,5.0,3,1,4,3,0,0,2,0,1.7,1.7,1.5,3.2,4,5,15,0.60,0.20,0.80,0.60,0.80,0.34,0.30,0.64,0.34,0.64,Matches
Cody Gakpo,nl NED,FW,Liverpool,25-337,1999,28,17,"1,470",16.3,8,3,11,8,0,0,4,0,6.0,6.0,3.5,9.4,40,46,216,0.49,0.18,0.67,0.49,0.67,0.37,0.21,0.58,0.37,0.58,Matches
Idrissa Gana Gueye,sn SEN,MF,Everton,35-195,1989,30,28,"2,447",27.2,0,3,3,0,0,0,6,0,1.0,1.0,1.7,2.7,20,112,21,0.00,0.11,0.11,0.00,0.11,0.04,0.06,0.10,0.04,0.10,Matches
Andrés García,es ESP,"DF,MF",Aston Villa,22-061,2003,6,5,312,3.5,0,0,0,0,0,0,0,0,0.0,0.0,0.2,0.2,25,15,27,0.00,0.00,0.00,0.00,0.00,0.01,0.05,0.06,0.01,0.06,Matches
Alejandro Garnacho,ar ARG,"MF,FW",Manchester Utd,20-282,2004,30,19,"1,822",20.2,4,1,5,4,0,0,2,0,6.0,6.0,2.8,8.8,118,46,241,0.20,0.05,0.25,0.20,0.25,0.30,0.14,0.44,0.30,0.44,Matches
James Garner,eng ENG,"MF,DF",Everton,24-027,2001,14,10,964,10.7,0,1,1,0,0,0,3,0,0.1,0.1,1.1,1.3,7,27,17,0.00,0.09,0.09,0.00,0.09,0.01,0.10,0.12,0.01,0.12,Matches
Tyrique George,eng ENG,FW,Chelsea,19-064,2006,5,0,89,1.0,0,1,1,0,0,0,1,0,0.1,0.1,0.7,0.8,9,2,16,0.00,1.01,1.01,0.00,1.01,0.13,0.73,0.86,0.13,0.86,Matches
Morgan Gibbs-White,eng ENG,MF,Nott'ham Forest,25-072,2000,27,27,"2,198",24.4,5,7,12,5,0,0,8,1,4.2,4.2,4.4,8.6,61,136,109,0.20,0.29,0.49,0.20,0.49,0.17,0.18,0.35,0.17,0.35,Matches
Billy Gilmour,sct SCO,MF,Brighton,23-302,2001,2,1,98,1.1,0,0,0,0,0,0,0,0,0.1,0.1,0.0,0.1,2,11,2,0.00,0.00,0.00,0.00,0.00,0.07,0.00,0.07,0.07,0.07,Matches
Ben Godfrey,eng ENG,DF,Ipswich Town,27-084,1998,2,2,108,1.2,0,0,0,0,0,0,1,0,0.0,0.0,0.0,0.0,2,4,1,0.00,0.00,0.00,0.00,0.00,0.00,0.00,0.00,0.00,0.00,Matches
Martial Godo,eng ENG,FW,Fulham,22-026,2003,1,0,16,0.2,0,0,0,0,0,0,0,0,0.0,0.0,0.0,0.0,0,0,3,0.00,0.00,0.00,0.00,0.00,0.00,0.00,0.00,0.00,0.00,Matches
João Gomes,br BRA,MF,Wolves,24-056,2001,29,29,"2,429",27.0,3,1,4,3,0,0,10,1,2.6,2.6,1.1,3.6,49,140,61,0.11,0.04,0.15,0.11,0.15,0.09,0.04,0.13,0.09,0.13,Matches
Rodrigo Gomes,pt POR,"DF,FW",Wolves,21-276,2003,18,6,595,6.6,1,0,1,1,0,0,0,0,0.4,0.4,0.8,1.2,19,23,57,0.15,0.00,0.15,0.15,0.15,0.05,0.12,0.18,0.05,0.18,Matches
Toti Gomes,pt POR,DF,Wolves,26-083,1999,24,23,"1,984",22.0,0,1,1,0,0,0,4,0,0.7,0.7,0.9,1.6,20,63,12,0.00,0.05,0.05,0.00,0.05,0.03,0.04,0.07,0.03,0.07,Matches
Diego Gómez,py PAR,MF,Brighton,22-013,2003,9,4,396,4.4,0,0,0,0,0,0,0,0,0.3,0.3,0.5,0.8,5,18,11,0.00,0.00,0.00,0.00,0.00,0.07,0.12,0.19,0.07,0.19,Matches
Joe Gomez,eng ENG,DF,Liverpool,27-321,1997,9,6,519,5.8,0,0,0,0,0,0,1,0,0.3,0.3,0.1,0.4,5,35,2,0.00,0.00,0.00,0.00,0.00,0.06,0.02,0.08,0.06,0.08,Matches
Nicolás González,es ESP,MF,Manchester City,23-096,2002,6,6,480,5.3,0,0,0,0,0,0,2,0,0.2,0.2,0.1,0.3,5,33,8,0.00,0.00,0.00,0.00,0.00,0.04,0.01,0.06,0.04,0.06,Matches
Anthony Gordon,eng ENG,FW,Newcastle Utd,24-044,2001,26,25,"2,108",23.4,6,5,11,5,1,2,2,0,7.8,6.3,4.9,11.2,104,88,187,0.26,0.21,0.47,0.21,0.43,0.34,0.21,0.54,0.27,0.48,Matches
Ryan Gravenberch,nl NED,MF,Liverpool,22-328,2002,31,31,"2,651",29.5,0,3,3,0,0,0,5,0,0.9,0.9,2.8,3.7,59,149,49,0.00,0.10,0.10,0.00,0.10,0.03,0.10,0.13,0.03,0.13,Matches
Archie Gray,eng ENG,"DF,MF",Tottenham,19-028,2006,22,13,"1,256",14.0,0,0,0,0,0,0,0,0,0.0,0.0,0.1,0.1,4,27,7,0.00,0.00,0.00,0.00,0.00,0.00,0.01,0.01,0.00,0.01,Matches
Jack Grealish,eng ENG,"FW,MF",Manchester City,29-211,1995,18,7,716,8.0,1,1,2,1,0,0,3,0,1.1,1.1,1.8,3.0,69,52,118,0.13,0.13,0.25,0.13,0.25,0.14,0.23,0.37,0.14,0.37,Matches
Jacob Greaves,eng ENG,DF,Ipswich Town,24-209,2000,19,19,"1,665",18.5,1,0,1,1,0,0,4,0,1.2,1.2,0.0,1.3,6,48,4,0.05,0.00,0.05,0.05,0.05,0.07,0.00,0.07,0.07,0.07,Matches
Brajan Gruda,de GER,"FW,MF",Brighton,20-313,2004,15,6,489,5.4,0,1,1,0,0,0,0,0,0.3,0.3,0.7,1.0,15,17,45,0.00,0.18,0.18,0.00,0.18,0.05,0.13,0.18,0.05,0.18,Matches
Albert Grønbaek,dk DEN,"FW,MF",Southampton,23-321,2001,4,2,143,1.6,0,0,0,0,0,0,0,0,0.1,0.1,0.0,0.1,1,1,3,0.00,0.00,0.00,0.00,0.00,0.07,0.01,0.08,0.07,0.08,Matches
Gonçalo Guedes,pt POR,"MF,FW",Wolves,28-131,1996,24,7,770,8.6,2,4,6,2,0,0,1,0,2.2,2.2,1.1,3.3,31,30,58,0.23,0.47,0.70,0.23,0.70,0.25,0.13,0.38,0.25,0.38,Matches
Marc Guéhi,eng ENG,DF,Crystal Palace,24-270,2000,29,29,"2,609",29.0,3,2,5,3,0,0,9,1,1.7,1.7,1.1,2.8,17,119,8,0.10,0.07,0.17,0.10,0.17,0.06,0.04,0.10,0.06,0.10,Matches
Luis Guilherme,br BRA,"MF,FW",West Ham,19-059,2006,9,1,109,1.2,0,0,0,0,0,0,0,0,0.1,0.1,0.1,0.2,3,3,11,0.00,0.00,0.00,0.00,0.00,0.11,0.07,0.18,0.11,0.18,Matches
Bruno Guimarães,br BRA,MF,Newcastle Utd,27-144,1997,30,30,"2,577",28.6,3,6,9,3,0,0,4,0,2.8,2.8,5.3,8.1,44,212,69,0.10,0.21,0.31,0.10,0.31,0.10,0.18,0.28,0.10,0.28,Matches
Marc Guiu,es ESP,FW,Chelsea,19-095,2006,3,0,73,0.8,0,0,0,0,0,0,0,0,0.0,0.0,0.0,0.0,0,0,3,0.00,0.00,0.00,0.00,0.00,0.00,0.04,0.04,0.00,0.04,Matches
İlkay Gündoğan,de GER,MF,Manchester City,34-167,1990,27,19,"1,697",18.9,0,3,3,0,0,0,1,0,1.8,1.8,2.5,4.3,44,105,70,0.00,0.16,0.16,0.00,0.16,0.10,0.13,0.23,0.10,0.23,Matches
Malo Gusto,fr FRA,DF,Chelsea,21-325,2003,26,19,"1,731",19.2,0,1,1,0,0,0,4,0,1.7,1.7,1.1,2.7,44,103,79,0.00,0.05,0.05,0.00,0.05,0.09,0.06,0.14,0.09,0.14,Matches
Joško Gvardiol,hr CRO,DF,Manchester City,23-076,2002,30,29,"2,647",29.4,5,0,5,5,0,0,1,0,4.2,3.9,2.0,5.9,74,218,96,0.17,0.00,0.17,0.17,0.17,0.14,0.07,0.21,0.13,0.20,Matches
Erling Haaland,no NOR,FW,Manchester City,24-262,2000,28,28,"2,480",27.6,21,3,24,19,2,3,2,0,20.8,18.4,2.8,21.2,19,18,103,0.76,0.11,0.87,0.69,0.80,0.76,0.10,0.86,0.67,0.77,Matches
Lewis Hall,eng ENG,DF,Newcastle Utd,20-213,2004,27,24,"2,189",24.3,0,4,4,0,0,0,3,0,0.4,0.4,4.3,4.7,41,123,80,0.00,0.16,0.16,0.00,0.16,0.02,0.18,0.19,0.02,0.19,Matches
Ali Al Hamadi,iq IRQ,FW,Ipswich Town,23-039,2002,11,0,134,1.5,0,0,0,0,0,0,3,0,0.4,0.4,0.1,0.4,4,3,14,0.00,0.00,0.00,0.00,0.00,0.24,0.05,0.28,0.24,0.28,Matches
Marcus Harness,eng ENG,MF,Ipswich Town,29-044,1996,2,0,45,0.5,0,0,0,0,0,0,0,0,0.0,0.0,0.0,0.0,0,2,1,0.00,0.00,0.00,0.00,0.00,0.00,0.00,0.00,0.00,0.00,Matches
Jack Harrison,eng ENG,FW,Everton,28-140,1996,27,19,"1,658",18.4,1,0,1,1,0,0,0,0,3.1,3.1,3.5,6.6,49,36,94,0.05,0.00,0.05,0.05,0.05,0.17,0.19,0.36,0.17,0.36,Matches
Taylor Harwood-Bellis,eng ENG,DF,Southampton,23-069,2002,28,26,"2,300",25.6,1,0,1,1,0,0,7,0,1.7,1.7,0.8,2.6,27,107,8,0.04,0.00,0.04,0.04,0.04,0.07,0.03,0.10,0.07,0.10,Matches
Kai Havertz,de GER,"FW,MF",Arsenal,25-302,1999,21,21,"1,839",20.4,9,3,12,9,0,0,4,0,9.4,9.4,2.4,11.8,34,59,110,0.44,0.15,0.59,0.44,0.59,0.46,0.12,0.58,0.46,0.58,Matches
Ayden Heaven,eng ENG,DF,Manchester Utd,18-199,2006,2,1,95,1.1,0,0,0,0,0,0,0,0,0.0,0.0,0.0,0.0,1,2,1,0.00,0.00,0.00,0.00,0.00,0.00,0.00,0.00,0.00,0.00,Matches
Jan Paul van Hecke,nl NED,DF,Brighton,24-305,2000,29,28,"2,509",27.9,1,1,2,1,0,0,7,1,1.3,1.3,1.5,2.7,50,199,5,0.04,0.04,0.07,0.04,0.07,0.05,0.05,0.10,0.05,0.10,Matches
Hwang Hee-chan,kr KOR,"MF,FW",Wolves,29-073,1996,18,5,637,7.1,2,0,2,2,0,0,0,0,0.8,0.8,0.1,0.9,14,11,40,0.28,0.00,0.28,0.28,0.28,0.11,0.02,0.13,0.11,0.13,Matches
Dean Henderson,eng ENG,GK,Crystal Palace,28-028,1997,30,30,"2,700",30.0,0,0,0,0,0,0,3,0,0.0,0.0,0.1,0.1,0,0,0,0.00,0.00,0.00,0.00,0.00,0.00,0.00,0.00,0.00,0.00,Matches
Rico Henry,eng ENG,DF,Brentford,27-275,1997,1,0,4,0.0,0,0,0,0,0,0,0,0,0.0,0.0,0.0,0.0,0,0,1,0.00,0.00,0.00,0.00,0.00,0.00,0.00,0.00,0.00,0.00,Matches
Mads Hermansen,dk DEN,GK,Leicester City,24-272,2000,24,24,"2,115",23.5,0,0,0,0,0,0,0,0,0.0,0.0,0.0,0.0,0,1,0,0.00,0.00,0.00,0.00,0.00,0.00,0.00,0.00,0.00,0.00,Matches
Son Heung-min,kr KOR,FW,Tottenham,32-275,1992,28,23,"2,004",22.3,7,9,16,6,1,2,1,0,7.0,5.4,8.2,13.7,87,104,259,0.31,0.40,0.72,0.27,0.67,0.31,0.37,0.68,0.24,0.61,Matches
James Hill,eng ENG,DF,Bournemouth,23-089,2002,10,6,448,5.0,0,1,1,0,0,0,1,0,0.3,0.3,0.3,0.6,3,16,8,0.00,0.20,0.20,0.00,0.20,0.06,0.05,0.11,0.06,0.11,Matches
Jack Hinshelwood,eng ENG,"DF,MF",Brighton,19-363,2005,19,17,"1,415",15.7,2,0,2,2,0,0,4,0,1.4,1.4,0.9,2.2,15,52,38,0.13,0.00,0.13,0.13,0.13,0.09,0.05,0.14,0.09,0.14,Matches
George Hirst,sct SCO,FW,Ipswich Town,26-053,1999,19,1,300,3.3,2,1,3,2,0,0,1,0,1.1,1.1,0.3,1.3,6,10,21,0.60,0.30,0.90,0.60,0.90,0.32,0.08,0.40,0.32,0.40,Matches
Mason Holgate,eng ENG,"FW,DF",Everton,28-169,1996,1,0,6,0.1,0,0,0,0,0,0,0,0,0.0,0.0,0.0,0.0,0,0,0,0.00,0.00,0.00,0.00,0.00,0.00,0.00,0.00,0.00,0.00,Matches
Callum Hudson-Odoi,eng ENG,FW,Nott'ham Forest,24-153,2000,26,23,"1,984",22.0,5,2,7,5,0,0,2,0,2.4,2.4,2.7,5.0,116,63,180,0.23,0.09,0.32,0.23,0.32,0.11,0.12,0.23,0.11,0.23,Matches
Will Hughes,eng ENG,MF,Crystal Palace,29-357,1995,25,19,"1,650",18.3,0,3,3,0,0,0,10,0,0.9,0.9,2.5,3.4,18,79,24,0.00,0.16,0.16,0.00,0.16,0.05,0.14,0.18,0.05,0.18,Matches
Dean Huijsen,es ESP,DF,Bournemouth,19-360,2005,25,20,"1,874",20.8,2,1,3,2,0,0,7,0,1.7,1.7,1.9,3.6,31,92,9,0.10,0.05,0.14,0.10,0.14,0.08,0.09,0.17,0.08,0.17,Matches
Omari Hutchinson,eng ENG,"MF,FW",Ipswich Town,21-161,2003,27,26,"2,223",24.7,3,2,5,3,0,0,5,0,2.3,2.3,2.5,4.8,71,69,131,0.12,0.08,0.20,0.12,0.20,0.09,0.10,0.19,0.09,0.19,Matches
Rasmus Højlund,dk DEN,FW,Manchester Utd,22-064,2003,26,18,"1,549",17.2,3,0,3,3,0,0,2,0,3.0,3.0,1.2,4.2,23,15,79,0.17,0.00,0.17,0.17,0.17,0.17,0.07,0.24,0.17,0.24,Matches
Igor,br BRA,DF,Brighton,27-061,1998,12,9,903,10.0,0,0,0,0,0,0,4,0,0.0,0.0,0.2,0.2,9,44,0,0.00,0.00,0.00,0.00,0.00,0.00,0.02,0.02,0.00,0.02,Matches
Danny Ings,eng ENG,"FW,MF",West Ham,32-260,1992,15,1,284,3.2,1,2,3,1,0,0,0,0,2.3,2.3,1.3,3.5,6,5,29,0.32,0.63,0.95,0.32,0.95,0.72,0.41,1.12,0.72,1.12,Matches
Tim Iroegbunam,eng ENG,MF,Everton,21-283,2003,15,5,554,6.2,0,1,1,0,0,0,3,0,0.2,0.2,0.2,0.4,8,14,9,0.00,0.16,0.16,0.00,0.16,0.04,0.03,0.07,0.04,0.07,Matches
Andy Irving,sct SCO,MF,West Ham,24-331,2000,10,1,166,1.8,0,0,0,0,0,0,2,0,0.1,0.1,0.2,0.4,0,9,4,0.00,0.00,0.00,0.00,0.00,0.06,0.13,0.19,0.06,0.19,Matches
Alexander Isak,se SWE,FW,Newcastle Utd,25-200,1999,27,27,"2,188",24.3,20,5,25,18,2,2,1,0,16.3,14.7,3.8,18.5,72,68,174,0.82,0.21,1.03,0.74,0.95,0.67,0.16,0.83,0.60,0.76,Matches
Alex Iwobi,ng NGA,"FW,MF",Fulham,28-341,1996,31,29,"2,463",27.4,8,5,13,8,0,0,1,0,4.1,4.1,6.2,10.2,119,171,202,0.29,0.18,0.48,0.29,0.48,0.15,0.23,0.37,0.15,0.37,Matches
Nicolas Jackson,sn SEN,FW,Chelsea,23-293,2001,25,23,"1,862",20.7,9,5,14,9,0,0,6,0,11.7,11.7,4.1,15.8,43,30,101,0.44,0.24,0.68,0.44,0.68,0.56,0.20,0.76,0.56,0.76,Matches
Reece James,eng ENG,"DF,MF",Chelsea,25-122,1999,13,9,766,8.5,1,0,1,1,0,0,1,0,0.2,0.2,0.5,0.7,5,46,8,0.12,0.00,0.12,0.12,0.12,0.03,0.06,0.08,0.03,0.08,Matches
Vitaly Janelt,de GER,MF,Brentford,26-334,1998,30,26,"2,182",24.2,1,3,4,1,0,0,3,0,0.8,0.8,2.2,3.0,17,79,36,0.04,0.12,0.16,0.04,0.16,0.03,0.09,0.12,0.03,0.12,Matches
Vitezslav Jaros,cz CZE,GK,Liverpool,23-260,2001,1,0,12,0.1,0,0,0,0,0,0,0,0,0.0,0.0,0.0,0.0,0,0,0,0.00,0.00,0.00,0.00,0.00,0.00,0.00,0.00,0.00,0.00,Matches
Daniel Jebbison,eng ENG,FW,Bournemouth,21-239,2003,11,0,75,0.8,0,0,0,0,0,0,1,0,0.2,0.2,0.2,0.4,2,3,11,0.00,0.00,0.00,0.00,0.00,0.25,0.24,0.48,0.25,0.48,Matches
Mathias Jensen,dk DEN,MF,Brentford,29-098,1996,17,8,744,8.3,0,1,1,0,0,0,1,0,0.2,0.2,1.5,1.7,6,53,25,0.00,0.12,0.12,0.00,0.12,0.03,0.18,0.21,0.03,0.21,Matches
Gabriel Jesus,br BRA,FW,Arsenal,28-006,1997,17,6,608,6.8,3,0,3,3,0,0,4,0,3.0,3.0,0.7,3.7,15,19,57,0.44,0.00,0.44,0.44,0.44,0.44,0.10,0.54,0.44,0.54,Matches
Raúl Jiménez,mx MEX,FW,Fulham,33-339,1991,31,24,"1,927",21.4,10,3,13,7,3,3,3,0,10.4,8.1,2.8,10.9,30,45,107,0.47,0.14,0.61,0.33,0.47,0.49,0.13,0.62,0.38,0.51,Matches
Kim Jisoo,kr KOR,DF,Brentford,20-106,2004,3,0,30,0.3,0,0,0,0,0,0,0,0,0.0,0.0,0.0,0.0,0,2,0,0.00,0.00,0.00,0.00,0.00,0.00,0.00,0.00,0.00,0.00,Matches
João Pedro,br BRA,"FW,MF",Brighton,23-195,2001,25,21,"1,798",20.0,8,6,14,5,3,3,4,0,7.2,4.8,4.3,9.1,61,71,118,0.40,0.30,0.70,0.25,0.55,0.36,0.22,0.57,0.24,0.46,Matches
Joelinton,br BRA,"MF,FW",Newcastle Utd,28-238,1996,26,26,"2,158",24.0,4,1,5,4,0,0,9,0,3.9,3.9,1.6,5.5,37,109,100,0.17,0.04,0.21,0.17,0.21,0.16,0.07,0.23,0.16,0.23,Matches
Ben Johnson,eng ENG,"DF,FW",Ipswich Town,25-075,2000,19,11,"1,132",12.6,0,1,1,0,0,0,3,0,0.9,0.9,0.6,1.5,15,22,27,0.00,0.08,0.08,0.00,0.08,0.07,0.05,0.12,0.07,0.12,Matches
Brennan Johnson,wls WAL,FW,Tottenham,23-321,2001,28,21,"1,879",20.9,11,2,13,11,0,0,5,0,9.8,9.8,2.1,11.9,54,62,179,0.53,0.10,0.62,0.53,0.62,0.47,0.10,0.57,0.47,0.57,Matches
Sam Johnstone,eng ENG,GK,Wolves,32-015,1993,7,7,630,7.0,0,0,0,0,0,0,0,0,0.0,0.0,0.0,0.0,0,0,0,0.00,0.00,0.00,0.00,0.00,0.00,0.00,0.00,0.00,0.00,Matches
Curtis Jones,eng ENG,"MF,DF",Liverpool,24-069,2001,26,15,"1,347",15.0,3,3,6,3,0,0,3,1,4.1,4.1,1.0,5.1,20,74,65,0.20,0.20,0.40,0.20,0.40,0.27,0.07,0.34,0.27,0.34,Matches
Jorginho,it ITA,MF,Arsenal,33-110,1991,13,8,613,6.8,0,0,0,0,0,0,5,0,0.0,0.0,0.4,0.5,10,42,4,0.00,0.00,0.00,0.00,0.00,0.01,0.06,0.07,0.01,0.07,Matches
Diogo Jota,pt POR,FW,Liverpool,28-126,1996,20,12,984,10.9,6,3,9,6,0,0,2,0,6.8,6.8,1.8,8.6,34,28,81,0.55,0.27,0.82,0.55,0.82,0.62,0.16,0.79,0.62,0.79,Matches
James Justin,eng ENG,DF,Leicester City,27-045,1998,29,29,"2,436",27.1,2,1,3,2,0,0,5,0,1.5,1.5,0.5,2.0,35,75,90,0.07,0.04,0.11,0.07,0.11,0.05,0.02,0.07,0.05,0.07,Matches
Filip Jørgensen,dk DEN,GK,Chelsea,22-358,2002,6,6,540,6.0,0,0,0,0,0,0,0,0,0.0,0.0,0.0,0.0,0,0,0,0.00,0.00,0.00,0.00,0.00,0.00,0.00,0.00,0.00,0.00,Matches
Ferdi Kadioglu,tr TUR,"DF,MF",Brighton,25-184,1999,6,5,385,4.3,1,0,1,1,0,0,1,0,0.4,0.4,0.2,0.6,1,15,27,0.23,0.00,0.23,0.23,0.23,0.10,0.04,0.14,0.10,0.14,Matches
Daichi Kamada,jp JPN,MF,Crystal Palace,28-247,1996,26,11,"1,108",12.3,0,0,0,0,0,0,2,1,0.8,0.8,1.1,1.9,18,65,43,0.00,0.00,0.00,0.00,0.00,0.07,0.09,0.16,0.07,0.16,Matches
Boubacar Kamara,fr FRA,MF,Aston Villa,25-137,1999,19,14,"1,200",13.3,0,0,0,0,0,0,2,0,0.4,0.4,0.5,0.8,16,65,5,0.00,0.00,0.00,0.00,0.00,0.03,0.04,0.06,0.03,0.06,Matches
Michael Kayode,it ITA,DF,Brentford,20-273,2004,5,0,41,0.5,0,0,0,0,0,0,0,0,0.0,0.0,0.2,0.2,2,1,6,0.00,0.00,0.00,0.00,0.00,0.00,0.33,0.33,0.00,0.33,Matches
Michael Keane,eng ENG,DF,Everton,32-088,1993,10,9,813,9.0,2,0,2,2,0,0,4,0,0.4,0.4,0.1,0.5,1,12,3,0.22,0.00,0.22,0.22,0.22,0.05,0.01,0.06,0.05,0.06,Matches
Caoimhín Kelleher,ie IRL,GK,Liverpool,26-137,1998,10,10,900,10.0,0,0,0,0,0,0,0,0,0.0,0.0,0.0,0.0,0,0,0,0.00,0.00,0.00,0.00,0.00,0.00,0.00,0.00,0.00,0.00,Matches
Lloyd Kelly,eng ENG,DF,Newcastle Utd,26-185,1998,10,4,303,3.4,0,1,1,0,0,0,2,0,0.4,0.4,0.5,0.9,0,9,5,0.00,0.30,0.30,0.00,0.30,0.12,0.14,0.26,0.12,0.26,Matches
Milos Kerkez,hu HUN,DF,Bournemouth,21-153,2003,31,31,"2,717",30.2,2,5,7,2,0,0,4,0,0.5,0.5,3.2,3.7,85,130,151,0.07,0.17,0.23,0.07,0.23,0.02,0.11,0.12,0.02,0.12,Matches
Bilal El Khannouss,ma MAR,MF,Leicester City,20-334,2004,26,21,"1,658",18.4,2,1,3,2,0,0,3,0,0.7,0.7,2.4,3.1,54,104,70,0.11,0.05,0.16,0.11,0.16,0.04,0.13,0.17,0.04,0.17,Matches
Abdukodir Khusanov,uz UZB,DF,Manchester City,21-039,2004,6,6,503,5.6,0,0,0,0,0,0,1,0,0.0,0.0,0.1,0.1,1,25,2,0.00,0.00,0.00,0.00,0.00,0.00,0.02,0.02,0.00,0.02,Matches
Max Kilman,eng ENG,DF,West Ham,27-321,1997,31,31,"2,718",30.2,0,1,1,0,0,0,3,0,1.4,1.4,1.0,2.4,26,99,5,0.00,0.03,0.03,0.00,0.03,0.05,0.03,0.08,0.05,0.08,Matches
Joshua King,eng ENG,"MF,FW",Fulham,18-096,2007,5,1,80,0.9,0,0,0,0,0,0,0,0,0.2,0.2,0.4,0.6,1,4,9,0.00,0.00,0.00,0.00,0.00,0.22,0.48,0.70,0.22,0.70,Matches
Antonín Kinský,cz CZE,GK,Tottenham,22-027,2003,4,4,360,4.0,0,0,0,0,0,0,0,0,0.0,0.0,0.1,0.1,1,1,0,0.00,0.00,0.00,0.00,0.00,0.00,0.02,0.02,0.00,0.02,Matches
Jakub Kiwior,pl POL,DF,Arsenal,25-053,2000,10,3,492,5.5,0,0,0,0,0,0,0,0,0.1,0.1,0.2,0.3,4,17,0,0.00,0.00,0.00,0.00,0.00,0.01,0.04,0.05,0.01,0.05,Matches
Justin Kluivert,nl NED,"MF,FW",Bournemouth,25-339,1999,28,24,"1,936",21.5,12,6,18,6,6,6,6,0,9.9,5.1,4.7,9.9,64,88,132,0.56,0.28,0.84,0.28,0.56,0.46,0.22,0.68,0.24,0.46,Matches
Ibrahima Konaté,fr FRA,DF,Liverpool,25-319,1999,25,24,"2,050",22.8,1,2,3,1,0,0,5,0,1.6,1.6,0.9,2.5,21,95,2,0.04,0.09,0.13,0.04,0.13,0.07,0.04,0.11,0.07,0.11,Matches
Ezri Konsa,eng ENG,DF,Aston Villa,27-168,1997,27,26,"2,306",25.6,1,0,1,1,0,0,0,0,0.7,0.7,0.2,0.9,16,60,11,0.04,0.00,0.04,0.04,0.04,0.03,0.01,0.03,0.03,0.03,Matches
Mateo Kovačić,hr CRO,MF,Manchester City,30-338,1994,25,20,"1,771",19.7,4,1,5,4,0,0,5,0,1.4,1.4,3.4,4.9,48,130,14,0.20,0.05,0.25,0.20,0.25,0.07,0.17,0.25,0.07,0.25,Matches
Caleb Kporha,eng ENG,DF,Crystal Palace,18-268,2006,2,0,13,0.1,0,0,0,0,0,0,0,0,0.0,0.0,0.0,0.0,1,0,0,0.00,0.00,0.00,0.00,0.00,0.00,0.00,0.00,0.00,0.00,Matches
Emil Krafth,se SWE,DF,Newcastle Utd,30-250,1994,6,2,248,2.8,0,0,0,0,0,0,0,0,0.0,0.0,0.1,0.1,1,2,1,0.00,0.00,0.00,0.00,0.00,0.01,0.03,0.04,0.01,0.04,Matches
Mohammed Kudus,gh GHA,"FW,MF",West Ham,24-250,2000,25,25,"2,077",23.1,3,2,5,3,0,0,1,1,5.9,5.9,2.2,8.1,81,64,175,0.13,0.09,0.22,0.13,0.22,0.25,0.10,0.35,0.25,0.35,Matches
Dejan Kulusevski,se SWE,"MF,FW",Tottenham,24-349,2000,27,24,"2,154",23.9,7,4,11,7,0,0,3,0,4.1,4.1,6.1,10.2,115,118,199,0.29,0.17,0.46,0.29,0.46,0.17,0.25,0.43,0.17,0.43,Matches
Maxence Lacroix,fr FRA,DF,Crystal Palace,25-003,2000,27,27,"2,424",26.9,1,1,2,1,0,0,4,0,2.8,2.8,0.4,3.2,8,54,6,0.04,0.04,0.07,0.04,0.07,0.11,0.01,0.12,0.11,0.12,Matches
Adam Lallana,eng ENG,MF,Southampton,36-334,1988,14,5,361,4.0,0,2,2,0,0,0,4,0,0.2,0.2,0.9,1.1,6,24,10,0.00,0.50,0.50,0.00,0.50,0.04,0.23,0.27,0.04,0.27,Matches
Tariq Lamptey,gh GHA,DF,Brighton,24-191,2000,13,9,765,8.5,2,2,4,2,0,0,0,0,0.4,0.4,0.8,1.2,25,12,40,0.24,0.24,0.47,0.24,0.47,0.05,0.09,0.14,0.05,0.14,Matches
Will Lankshear,eng ENG,"FW,MF",Tottenham,19-354,2005,3,0,11,0.1,0,0,0,0,0,0,0,0,0.0,0.0,0.0,0.0,0,0,1,0.00,0.00,0.00,0.00,0.00,0.00,0.00,0.00,0.00,0.00,Matches
Roméo Lavia,be BEL,MF,Chelsea,21-093,2004,11,8,541,6.0,0,1,1,0,0,0,4,0,0.2,0.2,0.7,0.9,3,18,6,0.00,0.17,0.17,0.00,0.17,0.03,0.11,0.14,0.03,0.14,Matches
Mario Lemina,ga GAB,"MF,DF",Wolves,31-220,1993,17,15,"1,364",15.2,1,3,4,1,0,0,4,0,1.4,1.4,1.1,2.5,8,48,21,0.07,0.20,0.26,0.07,0.26,0.09,0.07,0.17,0.09,0.17,Matches
Bernd Leno,de GER,GK,Fulham,33-036,1992,31,31,"2,790",31.0,0,1,1,0,0,0,4,0,0.0,0.0,0.1,0.1,0,0,0,0.00,0.03,0.03,0.00,0.03,0.00,0.00,0.00,0.00,0.00,Matches
Jefferson Lerma,co COL,"MF,DF",Crystal Palace,30-166,1994,25,20,"1,721",19.1,0,1,1,0,0,0,5,0,0.9,0.9,1.5,2.4,10,80,24,0.00,0.05,0.05,0.00,0.05,0.05,0.08,0.13,0.05,0.13,Matches
Rico Lewis,eng ENG,"DF,MF",Manchester City,20-139,2004,25,19,"1,720",19.1,1,2,3,1,0,0,5,1,1.4,1.4,0.3,1.7,36,99,65,0.05,0.10,0.16,0.05,0.16,0.07,0.02,0.09,0.07,0.09,Matches
Keane Lewis-Potter,eng ENG,"DF,FW",Brentford,24-046,2001,31,29,"2,549",28.3,1,2,3,1,0,0,5,0,2.6,2.6,2.5,5.1,88,85,132,0.04,0.07,0.11,0.04,0.11,0.09,0.09,0.18,0.09,0.18,Matches
Myles Lewis-Skelly,eng ENG,DF,Arsenal,18-195,2006,16,11,930,10.3,1,0,1,1,0,0,2,2,0.0,0.0,0.2,0.3,24,50,24,0.10,0.00,0.10,0.10,0.10,0.00,0.02,0.03,0.00,0.03,Matches
Matthijs de Ligt,nl NED,DF,Manchester Utd,25-240,1999,28,24,"2,089",23.2,2,0,2,2,0,0,3,0,2.5,2.5,0.3,2.8,7,55,6,0.09,0.00,0.09,0.09,0.09,0.11,0.01,0.12,0.11,0.12,Matches
Pedro Lima,br BRA,DF,Wolves,18-282,2006,3,1,70,0.8,0,0,0,0,0,0,0,0,0.1,0.1,0.1,0.1,4,4,11,0.00,0.00,0.00,0.00,0.00,0.07,0.09,0.16,0.07,0.16,Matches
Victor Lindelöf,se SWE,DF,Manchester Utd,30-266,1994,9,2,277,3.1,0,0,0,0,0,0,1,0,0.0,0.0,0.1,0.1,1,5,1,0.00,0.00,0.00,0.00,0.00,0.00,0.03,0.03,0.00,0.03,Matches
Jesper Lindstrøm,dk DEN,FW,Everton,25-039,2000,25,15,"1,239",13.8,0,1,1,0,0,0,2,0,2.1,2.1,2.0,4.1,30,25,81,0.00,0.07,0.07,0.00,0.07,0.15,0.15,0.30,0.15,0.30,Matches
Valentino Livramento,eng ENG,DF,Newcastle Utd,22-148,2002,29,24,"2,120",23.6,0,1,1,0,0,0,1,0,0.2,0.2,2.2,2.4,57,114,77,0.00,0.04,0.04,0.00,0.04,0.01,0.09,0.10,0.01,0.10,Matches
Sean Longstaff,eng ENG,MF,Newcastle Utd,27-161,1997,22,8,772,8.6,0,0,0,0,0,0,2,0,0.6,0.6,0.2,0.8,4,38,20,0.00,0.00,0.00,0.00,0.00,0.07,0.02,0.09,0.07,0.09,Matches
Saša Lukić,rs SRB,MF,Fulham,28-239,1996,24,23,"1,879",20.9,0,2,2,0,0,0,12,0,0.8,0.8,2.6,3.4,32,75,26,0.00,0.10,0.10,0.00,0.10,0.04,0.12,0.16,0.04,0.16,Matches
Joe Lumley,eng ENG,GK,Southampton,30-053,1995,3,3,270,3.0,0,0,0,0,0,0,0,0,0.0,0.0,0.0,0.0,0,0,0,0.00,0.00,0.00,0.00,0.00,0.00,0.00,0.00,0.00,0.00,Matches
Massimo Luongo,au AUS,MF,Ipswich Town,32-196,1992,7,2,181,2.0,0,0,0,0,0,0,0,0,0.0,0.0,0.0,0.0,0,5,1,0.00,0.00,0.00,0.00,0.00,0.00,0.00,0.00,0.00,0.00,Matches
Ian Maatsen,nl NED,DF,Aston Villa,23-030,2002,23,5,707,7.9,0,2,2,0,0,0,2,0,0.4,0.4,2.3,2.7,21,35,70,0.00,0.25,0.25,0.00,0.25,0.05,0.29,0.34,0.05,0.34,Matches
Alexis Mac Allister,ar ARG,MF,Liverpool,26-106,1998,30,27,"2,291",25.5,4,3,7,4,0,0,6,0,2.4,2.4,4.1,6.5,31,156,65,0.16,0.12,0.27,0.16,0.27,0.09,0.16,0.26,0.09,0.26,Matches
James Maddison,eng ENG,MF,Tottenham,28-137,1996,29,19,"1,690",18.8,9,6,15,9,0,0,6,0,5.8,5.8,3.9,9.7,40,153,84,0.48,0.32,0.80,0.48,0.80,0.31,0.21,0.52,0.31,0.52,Matches
Noni Madueke,eng ENG,FW,Chelsea,23-030,2002,25,20,"1,534",17.0,7,3,10,7,0,0,3,0,7.7,7.7,3.6,11.3,114,58,185,0.41,0.18,0.59,0.41,0.59,0.45,0.21,0.66,0.45,0.66,Matches
Gabriel Magalhães,br BRA,DF,Arsenal,27-111,1997,28,28,"2,363",26.3,3,1,4,3,0,0,4,0,2.6,2.6,0.9,3.5,10,126,11,0.11,0.04,0.15,0.11,0.15,0.10,0.03,0.13,0.10,0.13,Matches
Edmond-Paris Maghoma,eng ENG,"MF,FW",Brentford,23-336,2001,8,0,119,1.3,0,0,0,0,0,0,0,0,0.1,0.1,0.1,0.2,4,13,4,0.00,0.00,0.00,0.00,0.00,0.09,0.08,0.17,0.09,0.17,Matches
Harry Maguire,eng ENG,DF,Manchester Utd,32-035,1993,22,16,"1,418",15.8,1,0,1,1,0,0,7,0,1.4,1.4,0.3,1.6,6,42,5,0.06,0.00,0.06,0.06,0.06,0.09,0.02,0.10,0.09,0.10,Matches
Kobbie Mainoo,eng ENG,MF,Manchester Utd,19-355,2005,18,15,"1,285",14.3,0,0,0,0,0,0,5,0,0.5,0.5,1.5,2.0,19,52,35,0.00,0.00,0.00,0.00,0.00,0.04,0.11,0.14,0.04,0.14,Matches
Tyrell Malacia,nl NED,DF,Manchester Utd,25-235,1999,3,2,100,1.1,0,0,0,0,0,0,1,0,0.0,0.0,0.0,0.0,3,3,6,0.00,0.00,0.00,0.00,0.00,0.00,0.03,0.03,0.00,0.03,Matches
Donyell Malen,nl NED,FW,Aston Villa,26-090,1999,8,2,234,2.6,2,0,2,2,0,0,0,0,1.4,1.4,0.0,1.4,6,5,18,0.77,0.00,0.77,0.77,0.77,0.52,0.01,0.53,0.52,0.53,Matches
Orel Mangala,be BEL,MF,Everton,27-022,1998,19,14,"1,261",14.0,1,0,1,1,0,0,2,0,1.1,1.1,0.6,1.8,6,34,19,0.07,0.00,0.07,0.07,0.07,0.08,0.05,0.13,0.08,0.13,Matches
Ryan Manning,ie IRL,DF,Southampton,28-299,1996,19,14,"1,114",12.4,0,0,0,0,0,0,2,0,0.3,0.3,2.6,2.9,12,24,61,0.00,0.00,0.00,0.00,0.00,0.02,0.21,0.23,0.02,0.23,Matches
Solly March,eng ENG,"MF,FW",Brighton,30-263,1994,5,0,59,0.7,0,0,0,0,0,0,2,0,0.1,0.1,0.1,0.1,0,1,7,0.00,0.00,0.00,0.00,0.00,0.10,0.10,0.20,0.10,0.20,Matches
Omar Marmoush,eg EGY,"FW,MF",Manchester City,26-061,1999,9,8,655,7.3,5,0,5,5,0,0,0,0,2.8,2.8,1.0,3.7,13,18,44,0.69,0.00,0.69,0.69,0.69,0.38,0.13,0.51,0.38,0.51,Matches
Gabriel Martinelli,br BRA,"FW,MF",Arsenal,23-295,2001,26,18,"1,704",18.9,6,4,10,6,0,0,1,0,4.9,4.9,4.3,9.2,102,40,223,0.32,0.21,0.53,0.32,0.53,0.26,0.23,0.48,0.26,0.48,Matches
Emiliano Martínez,ar ARG,GK,Aston Villa,32-219,1992,30,30,"2,610",29.0,0,0,0,0,0,0,4,0,0.0,0.0,0.5,0.5,0,2,0,0.00,0.00,0.00,0.00,0.00,0.00,0.02,0.02,0.00,0.02,Matches
Lisandro Martínez,ar ARG,DF,Manchester Utd,27-081,1998,20,20,"1,751",19.5,2,1,3,2,0,0,7,0,1.3,1.3,1.1,2.4,23,117,7,0.10,0.05,0.15,0.10,0.15,0.07,0.06,0.13,0.07,0.13,Matches
Pape Matar Sarr,sn SEN,MF,Tottenham,22-207,2002,29,16,"1,457",16.2,3,2,5,3,0,0,6,0,3.1,3.1,1.5,4.7,28,74,41,0.19,0.12,0.31,0.19,0.31,0.19,0.10,0.29,0.19,0.29,Matches
Jean-Philippe Mateta,fr FRA,FW,Crystal Palace,27-285,1997,29,27,"2,257",25.1,13,2,15,11,2,2,2,0,11.6,10.0,3.0,13.0,34,44,111,0.52,0.08,0.60,0.44,0.52,0.46,0.12,0.58,0.40,0.52,Matches
Stephy Mavididi,eng ENG,FW,Leicester City,26-313,1998,28,14,"1,442",16.0,3,1,4,3,0,0,2,0,1.6,1.6,2.5,4.0,78,56,124,0.19,0.06,0.25,0.19,0.25,0.10,0.15,0.25,0.10,0.25,Matches
Konstantinos Mavropanos,gr GRE,DF,West Ham,27-119,1997,27,18,"1,759",19.5,0,0,0,0,0,0,5,1,1.2,1.2,0.5,1.7,15,57,2,0.00,0.00,0.00,0.00,0.00,0.06,0.02,0.08,0.06,0.08,Matches
Noussair Mazraoui,ma MAR,DF,Manchester Utd,27-146,1997,31,28,"2,398",26.6,0,1,1,0,0,0,2,0,0.6,0.6,1.3,1.9,34,98,44,0.00,0.04,0.04,0.00,0.04,0.02,0.05,0.07,0.02,0.07,Matches
Bryan Mbeumo,cm CMR,FW,Brentford,25-245,1999,31,31,"2,784",30.9,16,5,21,11,5,5,2,0,10.0,6.0,7.0,13.0,103,116,287,0.52,0.16,0.68,0.36,0.52,0.32,0.23,0.55,0.20,0.42,Matches
James Mcatee,eng ENG,"MF,FW",Manchester City,22-173,2002,11,0,143,1.6,2,0,2,2,0,0,0,0,1.4,1.4,0.0,1.4,5,4,12,1.26,0.00,1.26,1.26,1.26,0.87,0.00,0.87,0.87,0.87,Matches
Kasey McAteer,ie IRL,"FW,MF",Leicester City,23-138,2001,12,4,395,4.4,0,1,1,0,0,0,1,0,0.6,0.6,0.4,0.9,13,8,36,0.00,0.23,0.23,0.00,0.23,0.13,0.08,0.21,0.13,0.21,Matches
Alex McCarthy,eng ENG,GK,Southampton,35-127,1989,5,5,450,5.0,0,0,0,0,0,0,0,0,0.0,0.0,0.0,0.0,0,0,0,0.00,0.00,0.00,0.00,0.00,0.00,0.00,0.00,0.00,0.00,Matches
John McGinn,sct SCO,"MF,FW",Aston Villa,30-173,1994,27,23,"1,885",20.9,0,3,3,0,0,0,6,0,2.2,2.2,3.3,5.5,27,87,66,0.00,0.14,0.14,0.00,0.14,0.10,0.16,0.26,0.10,0.26,Matches
Dwight McNeil,eng ENG,"MF,FW",Everton,25-138,1999,14,13,"1,144",12.7,3,3,6,3,0,0,1,0,0.9,0.9,3.5,4.4,31,60,65,0.24,0.24,0.47,0.24,0.47,0.07,0.27,0.34,0.07,0.34,Matches
Scott McTominay,sct SCO,MF,Manchester Utd,28-122,1996,2,0,19,0.2,0,0,0,0,0,0,0,0,0.1,0.1,0.0,0.1,0,1,2,0.00,0.00,0.00,0.00,0.00,0.33,0.00,0.33,0.33,0.33,Matches
Ben Mee,eng ENG,DF,Brentford,35-200,1989,7,2,183,2.0,0,0,0,0,0,0,2,0,0.0,0.0,0.0,0.0,3,11,2,0.00,0.00,0.00,0.00,0.00,0.00,0.00,0.00,0.00,0.00,Matches
Jayden Meghoma,eng ENG,DF,Brentford,18-285,2006,1,0,5,0.1,0,0,0,0,0,0,0,0,0.0,0.0,0.0,0.0,0,0,0,0.00,0.00,0.00,0.00,0.00,0.00,0.00,0.00,0.00,0.00,Matches
Mikel Merino,es ESP,"MF,FW",Arsenal,28-291,1996,23,14,"1,329",14.8,6,1,7,6,0,0,2,0,3.9,3.9,1.4,5.3,8,60,82,0.41,0.07,0.47,0.41,0.47,0.26,0.09,0.36,0.26,0.36,Matches
Shumaira Mheuka,eng ENG,MF,Chelsea,17-171,2007,1,0,1,0.0,0,0,0,0,0,0,0,0,0.1,0.1,0.0,0.1,0,0,0,0.00,0.00,0.00,0.00,0.00,5.06,0.00,5.06,5.06,5.06,Matches
Nikola Milenković,rs SRB,DF,Nott'ham Forest,27-179,1997,30,30,"2,700",30.0,4,2,6,4,0,0,4,0,3.6,3.6,0.8,4.4,3,43,5,0.13,0.07,0.20,0.13,0.20,0.12,0.03,0.15,0.12,0.15,Matches
Lewis Miley,eng ENG,MF,Newcastle Utd,18-343,2006,10,1,219,2.4,1,0,1,1,0,0,0,0,0.5,0.5,0.0,0.6,1,13,6,0.41,0.00,0.41,0.41,0.41,0.22,0.01,0.23,0.22,0.23,Matches
James Milner,eng ENG,MF,Brighton,39-095,1986,3,3,169,1.9,0,0,0,0,0,0,1,0,0.2,0.2,0.2,0.4,1,10,10,0.00,0.00,0.00,0.00,0.00,0.09,0.12,0.21,0.09,0.21,Matches
Tyrone Mings,eng ENG,DF,Aston Villa,32-027,1993,11,9,871,9.7,0,0,0,0,0,0,1,0,0.7,0.7,0.2,0.9,5,35,0,0.00,0.00,0.00,0.00,0.00,0.08,0.02,0.09,0.08,0.09,Matches
Yankuba Minteh,gm GAM,"FW,MF",Brighton,20-261,2004,25,14,"1,337",14.9,5,4,9,5,0,0,6,0,3.3,3.3,4.3,7.6,58,29,141,0.34,0.27,0.61,0.34,0.61,0.22,0.29,0.51,0.22,0.51,Matches
Tyrick Mitchell,eng ENG,DF,Crystal Palace,25-220,1999,30,30,"2,520",28.0,0,4,4,0,0,0,2,0,1.2,1.2,5.3,6.6,51,55,143,0.00,0.14,0.14,0.00,0.14,0.04,0.19,0.24,0.04,0.24,Matches
Kaoru Mitoma,jp JPN,"FW,MF",Brighton,27-324,1997,31,28,"2,467",27.4,7,3,10,7,0,0,1,0,7.5,7.5,4.4,11.9,135,80,274,0.26,0.11,0.36,0.26,0.36,0.27,0.16,0.44,0.27,0.44,Matches
Jakub Moder,pl POL,MF,Brighton,26-002,1999,4,0,11,0.1,0,0,0,0,0,0,0,0,0.0,0.0,0.2,0.2,2,4,0,0.00,0.00,0.00,0.00,0.00,0.00,1.45,1.45,0.00,1.45,Matches
Jeremy Monga,,FW,Leicester City,,,1,0,17,0.2,0,0,0,0,0,0,0,0,0.0,0.0,0.0,0.0,0,1,2,0.00,0.00,0.00,0.00,0.00,0.00,0.00,0.00,0.00,0.00,Matches
Mikey Moore,eng ENG,"FW,MF",Tottenham,17-241,2007,7,2,185,2.1,0,1,1,0,0,0,0,0,0.2,0.2,0.3,0.5,9,7,30,0.00,0.49,0.49,0.00,0.49,0.10,0.16,0.26,0.10,0.26,Matches
Morato,br BRA,DF,Nott'ham Forest,23-283,2001,22,5,754,8.4,0,0,0,0,0,0,2,0,0.2,0.2,0.0,0.2,0,14,1,0.00,0.00,0.00,0.00,0.00,0.02,0.00,0.02,0.02,0.02,Matches
Álex Moreno,es ESP,"DF,MF",Nott'ham Forest,31-305,1993,14,10,865,9.6,0,1,1,0,0,0,2,0,0.2,0.2,1.0,1.1,25,30,32,0.00,0.10,0.10,0.00,0.10,0.02,0.10,0.12,0.02,0.12,Matches
Sam Morsy,eg EGY,MF,Ipswich Town,33-211,1991,26,24,"2,150",23.9,1,1,2,1,0,0,8,0,0.3,0.3,0.7,1.1,13,98,9,0.04,0.04,0.08,0.04,0.08,0.01,0.03,0.04,0.01,0.04,Matches
Yerson Mosquera,co COL,DF,Wolves,23-342,2001,5,5,441,4.9,0,0,0,0,0,0,2,0,0.3,0.3,0.1,0.4,0,7,0,0.00,0.00,0.00,0.00,0.00,0.07,0.02,0.09,0.07,0.09,Matches
Mason Mount,eng ENG,"MF,FW",Manchester Utd,26-089,1999,10,4,280,3.1,0,0,0,0,0,0,3,0,0.7,0.7,0.2,0.9,4,11,8,0.00,0.00,0.00,0.00,0.00,0.22,0.06,0.28,0.22,0.28,Matches
Divin Mubama,eng ENG,FW,Manchester City,20-166,2004,1,0,28,0.3,0,0,0,0,0,0,0,0,0.0,0.0,0.0,0.0,0,1,0,0.00,0.00,0.00,0.00,0.00,0.12,0.00,0.12,0.12,0.12,Matches
Mykhailo Mudryk,ua UKR,FW,Chelsea,24-094,2001,7,1,151,1.7,0,0,0,0,0,0,0,0,0.3,0.3,1.0,1.2,7,5,12,0.00,0.00,0.00,0.00,0.00,0.15,0.58,0.73,0.15,0.73,Matches
Marshall Munetsi,zw ZIM,"MF,FW",Wolves,28-291,1996,7,6,518,5.8,1,1,2,1,0,0,0,0,2.8,2.8,0.8,3.7,3,5,19,0.17,0.17,0.35,0.17,0.35,0.49,0.14,0.64,0.49,0.64,Matches
Rodrigo Muniz,br BRA,FW,Fulham,23-340,2001,30,7,908,10.1,8,1,9,8,0,0,1,0,5.5,5.5,0.7,6.3,5,26,31,0.79,0.10,0.89,0.79,0.89,0.55,0.07,0.62,0.55,0.62,Matches
Daniel Muñoz,co COL,DF,Crystal Palace,28-318,1996,29,29,"2,508",27.9,4,4,8,4,0,0,7,0,4.2,4.2,3.8,8.0,42,68,166,0.14,0.14,0.29,0.14,0.29,0.15,0.14,0.29,0.15,0.29,Matches
Arijanet Muric,xk KVX,GK,Ipswich Town,26-153,1998,18,18,"1,620",18.0,0,0,0,0,0,0,1,0,0.0,0.0,0.0,0.0,0,1,0,0.00,0.00,0.00,0.00,0.00,0.00,0.00,0.00,0.00,0.00,Matches
Murillo,br BRA,DF,Nott'ham Forest,22-279,2002,30,30,"2,658",29.5,1,0,1,1,0,0,5,0,1.2,1.2,1.1,2.3,17,96,4,0.03,0.00,0.03,0.03,0.03,0.04,0.04,0.08,0.04,0.08,Matches
Jacob Murphy,eng ENG,FW,Newcastle Utd,30-044,1995,27,23,"1,816",20.2,7,9,16,7,0,0,3,0,5.5,5.5,6.7,12.2,59,59,163,0.35,0.45,0.79,0.35,0.79,0.27,0.33,0.60,0.27,0.60,Matches
Vitaliy Mykolenko,ua UKR,DF,Everton,25-315,1999,28,28,"2,452",27.2,0,1,1,0,0,0,2,0,0.4,0.4,1.5,1.9,27,89,69,0.00,0.04,0.04,0.00,0.04,0.01,0.05,0.07,0.01,0.07,Matches
Iliman Ndiaye,sn SEN,FW,Everton,25-034,2000,26,23,"1,973",21.9,7,0,7,5,2,2,3,0,4.5,2.9,1.5,4.5,73,41,99,0.32,0.00,0.32,0.23,0.23,0.21,0.07,0.28,0.13,0.20,Matches
Wilfred Ndidi,ng NGA,MF,Leicester City,28-114,1996,22,22,"1,825",20.3,0,4,4,0,0,0,6,0,1.6,1.6,1.7,3.3,13,55,71,0.00,0.20,0.20,0.00,0.20,0.08,0.08,0.16,0.08,0.16,Matches
Kosta Nedeljković,rs SRB,DF,Aston Villa,19-114,2005,5,0,126,1.4,0,0,0,0,0,0,0,0,0.0,0.0,0.0,0.0,1,6,0,0.00,0.00,0.00,0.00,0.00,0.00,0.00,0.00,0.00,0.00,Matches
Reiss Nelson,eng ENG,FW,Arsenal,25-120,1999,1,0,3,0.0,0,0,0,0,0,0,0,0,0.0,0.0,0.0,0.0,0,0,0,0.00,0.00,0.00,0.00,0.00,0.00,0.00,0.00,0.00,0.00,Matches
Reiss Nelson,eng ENG,FW,Fulham,25-120,1999,11,5,487,5.4,1,1,2,1,0,0,1,0,1.1,1.1,1.0,2.1,45,35,63,0.18,0.18,0.37,0.18,0.37,0.20,0.18,0.39,0.20,0.39,Matches
Neto,br BRA,GK,Bournemouth,35-264,1989,2,2,180,2.0,0,0,0,0,0,0,0,0,0.0,0.0,0.0,0.0,0,0,0,0.00,0.00,0.00,0.00,0.00,0.00,0.00,0.00,0.00,0.00,Matches
Pedro Neto,pt POR,FW,Chelsea,25-031,2000,28,17,"1,653",18.4,3,4,7,3,0,0,8,0,2.3,2.3,4.6,6.9,97,44,174,0.16,0.22,0.38,0.16,0.38,0.13,0.25,0.38,0.13,0.38,Matches
Eddie Nketiah,eng ENG,"FW,MF",Crystal Palace,25-314,1999,22,7,750,8.3,1,1,2,1,0,0,5,1,3.5,3.5,1.5,5.0,32,15,61,0.12,0.12,0.24,0.12,0.24,0.42,0.18,0.60,0.42,0.60,Matches
Christopher Nkunku,fr FRA,FW,Chelsea,27-146,1997,26,9,917,10.2,3,2,5,3,0,0,2,0,4.8,4.8,2.0,6.8,17,25,67,0.29,0.20,0.49,0.29,0.49,0.47,0.20,0.67,0.47,0.67,Matches
Matheus Nunes,pt POR,"DF,MF",Manchester City,26-225,1998,21,14,"1,224",13.6,0,4,4,0,0,0,3,0,0.5,0.5,3.4,3.9,49,55,139,0.00,0.29,0.29,0.00,0.29,0.04,0.25,0.29,0.04,0.29,Matches
Darwin Núñez,uy URU,FW,Liverpool,25-289,1999,25,8,"1,010",11.2,5,2,7,5,0,0,8,0,5.0,5.0,1.2,6.2,20,25,67,0.45,0.18,0.62,0.45,0.62,0.44,0.11,0.55,0.44,0.55,Matches
Ethan Nwaneri,eng ENG,"FW,MF",Arsenal,18-019,2007,21,9,716,8.0,3,2,5,3,0,0,1,0,0.9,0.9,1.0,1.9,40,27,90,0.38,0.25,0.63,0.38,0.63,0.12,0.13,0.24,0.12,0.24,Matches
Christian Nørgaard,dk DEN,MF,Brentford,31-030,1994,27,27,"2,190",24.3,4,2,6,4,0,0,4,1,3.2,3.2,0.8,4.0,12,120,34,0.16,0.08,0.25,0.16,0.25,0.13,0.03,0.16,0.13,0.16,Matches
Jake O'Brien,ie IRL,DF,Everton,23-329,2001,14,11,"1,031",11.5,2,0,2,2,0,0,4,0,0.7,0.7,0.6,1.2,6,37,23,0.17,0.00,0.17,0.17,0.17,0.06,0.05,0.11,0.06,0.11,Matches
Matt O'Riley,dk DEN,MF,Brighton,24-139,2000,14,6,544,6.0,1,1,2,1,0,0,1,0,1.2,1.2,1.2,2.4,11,24,29,0.17,0.17,0.33,0.17,0.33,0.20,0.19,0.39,0.20,0.39,Matches
Dara O'Shea,ie IRL,DF,Ipswich Town,26-036,1999,28,28,"2,492",27.7,0,2,2,0,0,0,6,0,1.1,1.1,0.5,1.6,3,66,5,0.00,0.07,0.07,0.00,0.07,0.04,0.02,0.06,0.04,0.06,Matches
Chidozie Obi-Martin,dk DEN,FW,Manchester Utd,17-131,2007,3,0,28,0.3,0,0,0,0,0,0,1,0,0.0,0.0,0.0,0.0,1,1,2,0.00,0.00,0.00,0.00,0.00,0.00,0.00,0.00,0.00,0.00,Matches
Wilson Odobert,fr FRA,FW,Tottenham,20-132,2004,10,5,450,5.0,0,0,0,0,0,0,0,0,0.7,0.7,0.1,0.8,30,18,40,0.00,0.00,0.00,0.00,0.00,0.13,0.03,0.16,0.13,0.16,Matches
Chiedozie Ogbene,ie IRL,FW,Ipswich Town,27-343,1997,5,3,238,2.6,0,0,0,0,0,0,0,0,0.0,0.0,0.1,0.1,7,0,15,0.00,0.00,0.00,0.00,0.00,0.00,0.03,0.03,0.00,0.03,Matches
Caleb Okoli,it ITA,DF,Leicester City,23-270,2001,17,11,"1,034",11.5,0,0,0,0,0,0,3,0,0.1,0.1,0.0,0.1,3,30,2,0.00,0.00,0.00,0.00,0.00,0.01,0.00,0.01,0.01,0.01,Matches
Robin Olsen,se SWE,GK,Aston Villa,35-091,1990,3,1,180,2.0,0,0,0,0,0,0,0,0,0.0,0.0,0.0,0.0,0,0,0,0.00,0.00,0.00,0.00,0.00,0.00,0.00,0.00,0.00,0.00,Matches
Amadou Onana,be BEL,MF,Aston Villa,23-236,2001,19,15,"1,166",13.0,2,0,2,2,0,0,4,0,1.8,1.8,0.2,2.0,16,44,11,0.15,0.00,0.15,0.15,0.15,0.14,0.01,0.16,0.14,0.16,Matches
André Onana,cm CMR,GK,Manchester Utd,29-007,1996,31,31,"2,790",31.0,0,0,0,0,0,0,0,0,0.0,0.0,0.2,0.2,0,1,0,0.00,0.00,0.00,0.00,0.00,0.00,0.01,0.01,0.00,0.01,Matches
Paul Onuachu,ng NGA,FW,Southampton,30-316,1994,21,9,871,9.7,4,1,5,4,0,0,3,0,3.2,3.2,0.5,3.7,7,12,35,0.41,0.10,0.52,0.41,0.52,0.33,0.05,0.38,0.33,0.38,Matches
Frank Onyeka,ng NGA,MF,Brentford,27-098,1998,2,0,25,0.3,0,0,0,0,0,0,0,0,0.0,0.0,0.0,0.0,0,1,0,0.00,0.00,0.00,0.00,0.00,0.00,0.00,0.00,0.00,0.00,Matches
Lewis Orford,eng ENG,MF,West Ham,19-050,2006,2,0,49,0.5,0,0,0,0,0,0,0,0,0.0,0.0,0.0,0.0,0,0,1,0.00,0.00,0.00,0.00,0.00,0.05,0.04,0.09,0.05,0.09,Matches
Stefan Ortega,de GER,GK,Manchester City,32-154,1992,10,10,900,10.0,0,0,0,0,0,0,1,0,0.0,0.0,0.0,0.0,0,0,0,0.00,0.00,0.00,0.00,0.00,0.00,0.00,0.00,0.00,0.00,Matches
William Osula,dk DEN,FW,Newcastle Utd,21-248,2003,11,0,90,1.0,0,0,0,0,0,0,0,0,0.0,0.0,0.1,0.1,1,1,7,0.00,0.00,0.00,0.00,0.00,0.04,0.09,0.13,0.04,0.13,Matches
Dango Ouattara,bf BFA,FW,Bournemouth,23-057,2002,28,17,"1,685",18.7,7,4,11,7,0,0,1,0,7.7,7.7,4.8,12.5,67,36,169,0.37,0.21,0.59,0.37,0.59,0.41,0.26,0.67,0.41,0.67,Matches
Nico O’Reilly,eng ENG,"DF,MF",Manchester City,20-019,2005,4,2,186,2.1,0,0,0,0,0,0,0,0,0.1,0.1,0.1,0.2,9,7,11,0.00,0.00,0.00,0.00,0.00,0.07,0.04,0.11,0.07,0.11,Matches
Alex Palmer,eng ENG,GK,Ipswich Town,28-242,1996,7,7,630,7.0,0,0,0,0,0,0,1,0,0.0,0.0,0.0,0.0,0,1,0,0.00,0.00,0.00,0.00,0.00,0.00,0.00,0.00,0.00,0.00,Matches
Cole Palmer,eng ENG,MF,Chelsea,22-338,2002,30,29,"2,562",28.5,14,7,21,11,3,4,5,0,15.5,12.3,9.1,21.4,91,165,149,0.49,0.25,0.74,0.39,0.63,0.54,0.32,0.86,0.43,0.75,Matches
Emerson Palmieri,it ITA,DF,West Ham,30-249,1994,27,23,"1,851",20.6,2,1,3,2,0,0,5,0,1.8,1.8,1.5,3.3,38,56,72,0.10,0.05,0.15,0.10,0.15,0.09,0.07,0.16,0.09,0.16,Matches
Lucas Paquetá,br BRA,"MF,FW",West Ham,27-225,1997,27,23,"1,987",22.1,4,0,4,2,2,2,7,0,5.1,3.5,2.3,5.8,16,114,77,0.18,0.00,0.18,0.09,0.09,0.23,0.10,0.34,0.16,0.26,Matches
Thomas Partey,gh GHA,"MF,DF",Arsenal,31-300,1993,29,25,"2,279",25.3,3,2,5,3,0,0,4,0,1.8,1.8,1.9,3.7,30,155,38,0.12,0.08,0.20,0.12,0.20,0.07,0.08,0.15,0.07,0.15,Matches
Nathan Patterson,sct SCO,"DF,FW",Everton,23-175,2001,8,1,203,2.3,0,0,0,0,0,0,0,0,0.1,0.1,0.3,0.4,4,7,7,0.00,0.00,0.00,0.00,0.00,0.03,0.15,0.18,0.03,0.18,Matches
Andreas Pereira,br BRA,MF,Fulham,29-098,1996,28,20,"1,676",18.6,2,4,6,2,0,1,7,0,3.4,2.6,3.9,6.5,21,96,71,0.11,0.21,0.32,0.11,0.32,0.18,0.21,0.39,0.14,0.35,Matches
Ricardo Pereira,pt POR,DF,Leicester City,31-185,1993,5,2,185,2.1,0,0,0,0,0,0,1,0,0.1,0.1,0.0,0.1,3,9,5,0.00,0.00,0.00,0.00,0.00,0.04,0.00,0.04,0.04,0.04,Matches
Kalvin Phillips,eng ENG,MF,Ipswich Town,29-128,1995,18,14,"1,214",13.5,0,0,0,0,0,0,6,1,0.4,0.4,0.2,0.6,4,49,4,0.00,0.00,0.00,0.00,0.00,0.03,0.02,0.05,0.03,0.05,Matches
Jaden Philogene Bidace,eng ENG,"FW,MF",Aston Villa,23-060,2002,11,2,332,3.7,0,0,0,0,0,0,4,1,0.5,0.5,0.3,0.8,7,4,17,0.00,0.00,0.00,0.00,0.00,0.13,0.08,0.20,0.13,0.20,Matches
Jaden Philogene Bidace,eng ENG,"FW,DF",Ipswich Town,23-060,2002,9,5,469,5.2,2,0,2,2,0,0,1,0,2.0,2.0,0.2,2.2,13,10,36,0.38,0.00,0.38,0.38,0.38,0.38,0.05,0.42,0.38,0.42,Matches
Jordan Pickford,eng ENG,GK,Everton,31-033,1994,31,31,"2,790",31.0,0,1,1,0,0,0,6,0,0.0,0.0,0.4,0.4,0,0,0,0.00,0.03,0.03,0.00,0.03,0.00,0.01,0.01,0.00,0.01,Matches
Ethan Pinnock,jm JAM,DF,Brentford,31-315,1993,22,21,"1,913",21.3,2,0,2,2,0,0,2,0,1.1,1.1,1.2,2.3,3,41,9,0.09,0.00,0.09,0.09,0.09,0.05,0.05,0.11,0.05,0.11,Matches
Daniel Podence,pt POR,"MF,FW",Wolves,29-170,1995,2,0,48,0.5,0,0,0,0,0,0,0,0,0.0,0.0,0.0,0.0,1,2,3,0.00,0.00,0.00,0.00,0.00,0.07,0.00,0.07,0.07,0.07,Matches
Alfie Pond,eng ENG,DF,Wolves,21-039,2004,1,0,1,0.0,0,0,0,0,0,0,0,0,0.0,0.0,0.0,0.0,0,0,0,0.00,0.00,0.00,0.00,0.00,0.00,0.00,0.00,0.00,0.00,Matches
Nick Pope,eng ENG,GK,Newcastle Utd,32-355,1992,20,20,"1,800",20.0,0,0,0,0,0,0,2,0,0.0,0.0,0.0,0.0,0,0,0,0.00,0.00,0.00,0.00,0.00,0.00,0.00,0.00,0.00,0.00,Matches
Pedro Porro,es ESP,DF,Tottenham,25-208,1999,30,25,"2,373",26.4,2,5,7,2,0,0,4,0,1.5,1.5,3.5,5.0,58,136,95,0.08,0.19,0.27,0.08,0.27,0.06,0.13,0.19,0.06,0.19,Matches
Jarell Quansah,eng ENG,DF,Liverpool,22-070,2003,10,2,292,3.2,0,0,0,0,0,0,1,0,0.0,0.0,0.0,0.0,2,10,3,0.00,0.00,0.00,0.00,0.00,0.00,0.00,0.00,0.00,0.00,Matches
Hákon Rafn Valdimarsson,is ISL,GK,Brentford,23-178,2001,2,1,145,1.6,0,0,0,0,0,0,0,0,0.0,0.0,0.0,0.0,0,0,0,0.00,0.00,0.00,0.00,0.00,0.00,0.00,0.00,0.00,0.00,Matches
Aaron Ramsdale,eng ENG,GK,Southampton,26-330,1998,23,23,"2,070",23.0,0,0,0,0,0,0,2,0,0.0,0.0,0.0,0.0,0,0,0,0.00,0.00,0.00,0.00,0.00,0.00,0.00,0.00,0.00,0.00,Matches
Jacob Ramsey,eng ENG,"FW,MF",Aston Villa,23-316,2001,23,16,"1,341",14.9,1,3,4,1,0,0,1,0,1.3,1.3,2.0,3.3,52,60,92,0.07,0.20,0.27,0.07,0.27,0.09,0.13,0.22,0.09,0.22,Matches
Marcus Rashford,eng ENG,"FW,MF",Manchester Utd,27-160,1997,15,12,978,10.9,4,1,5,4,0,0,2,0,1.7,1.7,2.1,3.8,20,21,79,0.37,0.09,0.46,0.37,0.46,0.16,0.19,0.35,0.16,0.35,Matches
Marcus Rashford,eng ENG,FW,Aston Villa,27-160,1997,7,2,295,3.3,1,2,3,1,0,0,0,0,1.4,1.4,2.0,3.4,16,12,35,0.31,0.61,0.92,0.31,0.92,0.44,0.60,1.04,0.44,1.04,Matches
David Raya,es ESP,GK,Arsenal,29-206,1995,31,31,"2,790",31.0,0,0,0,0,0,0,2,0,0.0,0.0,0.0,0.0,0,11,0,0.00,0.00,0.00,0.00,0.00,0.00,0.00,0.00,0.00,0.00,Matches
Harrison Reed,eng ENG,MF,Fulham,30-072,1995,11,0,93,1.0,0,0,0,0,0,0,2,0,0.2,0.2,0.1,0.3,1,4,7,0.00,0.00,0.00,0.00,0.00,0.22,0.07,0.30,0.22,0.30,Matches
Remy Rees-Dottin,eng ENG,FW,Bournemouth,19-034,2006,1,0,1,0.0,0,0,0,0,0,0,0,0,0.0,0.0,0.0,0.0,0,0,0,0.00,0.00,0.00,0.00,0.00,0.00,0.00,0.00,0.00,0.00,Matches
Sergio Reguilón,es ESP,DF,Tottenham,28-114,1996,3,0,123,1.4,0,0,0,0,0,0,2,0,0.1,0.1,0.0,0.1,4,12,10,0.00,0.00,0.00,0.00,0.00,0.05,0.02,0.07,0.05,0.07,Matches
Bobby Reid,jm JAM,"FW,MF",Leicester City,32-066,1993,20,7,639,7.1,1,2,3,1,0,0,2,0,0.8,0.8,1.2,2.0,12,14,40,0.14,0.28,0.42,0.14,0.42,0.11,0.17,0.27,0.11,0.27,Matches
Vitor Reis,br BRA,DF,Manchester City,19-087,2006,1,0,1,0.0,0,0,0,0,0,0,0,0,0.0,0.0,0.0,0.0,0,0,0,0.00,0.00,0.00,0.00,0.00,0.00,0.00,0.00,0.00,0.00,Matches
Chadi Riad,ma MAR,DF,Crystal Palace,21-296,2003,1,1,90,1.0,0,0,0,0,0,0,0,0,0.0,0.0,0.0,0.0,2,7,0,0.00,0.00,0.00,0.00,0.00,0.00,0.00,0.00,0.00,0.00,Matches
Declan Rice,eng ENG,MF,Arsenal,26-085,1999,29,27,"2,336",26.0,2,5,7,2,0,0,6,1,2.6,2.6,6.0,8.5,78,158,81,0.08,0.19,0.27,0.08,0.27,0.10,0.23,0.33,0.10,0.33,Matches
Chris Richards,us USA,DF,Crystal Palace,25-012,2000,17,15,"1,338",14.9,0,0,0,0,0,0,2,0,0.5,0.5,0.1,0.6,5,33,1,0.00,0.00,0.00,0.00,0.00,0.03,0.01,0.04,0.03,0.04,Matches
Richarlison,br BRA,FW,Tottenham,27-334,1997,9,2,279,3.1,2,1,3,2,0,0,1,0,1.2,1.2,0.9,2.1,8,10,17,0.65,0.32,0.97,0.65,0.97,0.38,0.29,0.67,0.38,0.67,Matches
Andrew Robertson,sct SCO,DF,Liverpool,31-029,1994,29,26,"2,187",24.3,0,0,0,0,0,0,3,1,0.9,0.9,4.1,5.1,57,162,90,0.00,0.00,0.00,0.00,0.00,0.04,0.17,0.21,0.04,0.21,Matches
Antonee Robinson,us USA,DF,Fulham,27-244,1997,31,30,"2,719",30.2,0,10,10,0,0,0,7,0,0.7,0.7,4.0,4.7,106,112,238,0.00,0.33,0.33,0.00,0.33,0.02,0.13,0.16,0.02,0.16,Matches
Rodri,es ESP,MF,Manchester City,28-291,1996,2,1,65,0.7,0,0,0,0,0,0,0,0,0.0,0.0,0.0,0.0,0,4,1,0.00,0.00,0.00,0.00,0.00,0.00,0.06,0.06,0.00,0.06,Matches
Guido Rodríguez,ar ARG,MF,West Ham,30-362,1994,20,14,"1,018",11.3,0,0,0,0,0,0,5,0,0.2,0.2,0.1,0.3,2,31,5,0.00,0.00,0.00,0.00,0.00,0.02,0.01,0.03,0.02,0.03,Matches
Mads Roerslev,dk DEN,DF,Brentford,25-289,1999,19,11,"1,101",12.2,0,2,2,0,0,0,2,0,0.2,0.2,3.0,3.2,17,51,54,0.00,0.16,0.16,0.00,0.16,0.02,0.24,0.26,0.02,0.26,Matches
Morgan Rogers,eng ENG,"FW,MF",Aston Villa,22-257,2002,30,30,"2,513",27.9,8,6,14,8,0,0,8,0,5.8,5.8,6.1,11.9,95,101,149,0.29,0.21,0.50,0.29,0.50,0.21,0.22,0.43,0.21,0.43,Matches
Cristian Romero,ar ARG,DF,Tottenham,26-347,1998,16,16,"1,281",14.2,1,0,1,1,0,0,2,0,1.4,1.4,0.5,1.9,12,57,3,0.07,0.00,0.07,0.07,0.07,0.10,0.04,0.13,0.10,0.13,Matches
Georginio Rutter,fr FRA,"MF,FW",Brighton,22-354,2002,28,19,"1,656",18.4,5,3,8,5,0,0,2,0,4.6,4.6,2.5,7.1,42,67,79,0.27,0.16,0.43,0.27,0.43,0.25,0.14,0.39,0.25,0.39,Matches
José Sá,pt POR,GK,Wolves,32-082,1993,24,24,"2,160",24.0,0,0,0,0,0,0,2,0,0.0,0.0,0.1,0.1,0,2,0,0.00,0.00,0.00,0.00,0.00,0.00,0.01,0.01,0.00,0.01,Matches
Bukayo Saka,eng ENG,"FW,MF",Arsenal,23-216,2001,18,16,"1,338",14.9,6,10,16,5,1,1,3,0,5.1,4.3,6.0,10.3,74,54,204,0.40,0.67,1.08,0.34,1.01,0.34,0.40,0.75,0.29,0.69,Matches
Mohamed Salah,eg EGY,FW,Liverpool,32-298,1992,31,31,"2,747",30.5,27,17,44,18,9,9,1,0,22.5,15.5,11.3,26.8,128,117,384,0.88,0.56,1.44,0.59,1.15,0.74,0.37,1.11,0.51,0.88,Matches
William Saliba,fr FRA,DF,Arsenal,24-016,2001,29,29,"2,544",28.3,2,0,2,2,0,0,2,1,2.2,2.2,0.5,2.7,14,121,6,0.07,0.00,0.07,0.07,0.07,0.08,0.02,0.10,0.08,0.10,Matches
Robert Sánchez,es ESP,GK,Chelsea,27-142,1997,25,25,"2,250",25.0,0,0,0,0,0,0,5,0,0.0,0.0,0.0,0.0,0,1,0,0.00,0.00,0.00,0.00,0.00,0.00,0.00,0.00,0.00,0.00,Matches
Jadon Sancho,eng ENG,FW,Chelsea,25-015,2000,25,18,"1,587",17.6,2,4,6,2,0,0,1,0,1.9,1.9,3.3,5.2,88,78,196,0.11,0.23,0.34,0.11,0.34,0.11,0.19,0.29,0.11,0.29,Matches
Ibrahim Sangaré,ci CIV,MF,Nott'ham Forest,27-128,1997,8,3,279,3.1,0,1,1,0,0,0,2,0,0.0,0.0,0.4,0.4,0,12,2,0.00,0.32,0.32,0.00,0.32,0.01,0.11,0.12,0.01,0.12,Matches
Pablo Sarabia,es ESP,"MF,FW",Wolves,32-333,1992,17,6,610,6.8,2,2,4,2,0,0,2,0,2.6,2.6,1.5,4.1,11,46,47,0.30,0.30,0.59,0.30,0.59,0.38,0.22,0.60,0.38,0.60,Matches
Jeremy Sarmiento,ec ECU,MF,Brighton,22-297,2002,1,0,9,0.1,0,0,0,0,0,0,0,0,0.0,0.0,0.0,0.0,0,0,2,0.00,0.00,0.00,0.00,0.00,0.00,0.00,0.00,0.00,0.00,Matches
Ismaila Sarr,sn SEN,MF,Crystal Palace,27-043,1998,30,23,"2,110",23.4,7,3,10,7,0,0,3,0,7.8,7.8,6.0,13.8,59,68,153,0.30,0.13,0.43,0.30,0.43,0.33,0.26,0.59,0.33,0.59,Matches
Sávio,br BRA,"FW,MF",Manchester City,20-364,2004,25,20,"1,648",18.3,1,8,9,1,0,0,3,0,4.8,4.8,6.6,11.4,129,65,226,0.05,0.44,0.49,0.05,0.49,0.26,0.36,0.62,0.26,0.62,Matches
Oliver Scarles,eng ENG,DF,West Ham,19-118,2005,12,5,527,5.9,0,0,0,0,0,0,1,0,0.1,0.1,0.0,0.1,9,20,38,0.00,0.00,0.00,0.00,0.00,0.02,0.00,0.02,0.02,0.02,Matches
Dane Scarlett,eng ENG,"FW,MF",Tottenham,21-016,2004,3,0,34,0.4,0,1,1,0,0,0,0,0,0.0,0.0,0.0,0.1,1,1,1,0.00,2.65,2.65,0.00,2.65,0.09,0.12,0.22,0.09,0.22,Matches
Kevin Schade,de GER,FW,Brentford,23-133,2001,31,19,"1,755",19.5,7,2,9,7,0,0,2,0,5.9,5.9,3.2,9.0,54,32,134,0.36,0.10,0.46,0.36,0.46,0.30,0.16,0.46,0.30,0.46,Matches
Fabian Schär,ch SUI,DF,Newcastle Utd,33-110,1991,26,25,"2,232",24.8,2,0,2,2,0,0,6,1,1.7,1.7,0.3,1.9,12,75,16,0.08,0.00,0.08,0.08,0.08,0.07,0.01,0.08,0.07,0.08,Matches
Jeffrey Schlupp,gh GHA,"MF,DF",Crystal Palace,32-107,1992,12,0,103,1.1,0,0,0,0,0,0,0,0,0.2,0.2,0.2,0.3,4,5,9,0.00,0.00,0.00,0.00,0.00,0.14,0.14,0.28,0.14,0.28,Matches
Alex Scott,eng ENG,MF,Bournemouth,21-231,2003,14,4,503,5.6,0,0,0,0,0,0,1,0,0.5,0.5,0.3,0.8,9,46,22,0.00,0.00,0.00,0.00,0.00,0.09,0.05,0.14,0.09,0.14,Matches
Matz Sels,be BEL,GK,Nott'ham Forest,33-042,1992,31,31,"2,790",31.0,0,0,0,0,0,0,2,0,0.0,0.0,0.0,0.0,0,1,0,0.00,0.00,0.00,0.00,0.00,0.00,0.00,0.00,0.00,0.00,Matches
Nélson Semedo,pt POR,DF,Wolves,31-144,1993,27,26,"2,325",25.8,0,4,4,0,0,0,7,0,0.7,0.7,2.6,3.3,60,61,99,0.00,0.15,0.15,0.00,0.15,0.03,0.10,0.13,0.03,0.13,Matches
Antoine Semenyo,gh GHA,FW,Bournemouth,25-092,2000,30,30,"2,645",29.4,7,4,11,7,0,0,9,0,8.9,8.9,5.2,14.2,124,93,242,0.24,0.14,0.37,0.24,0.37,0.30,0.18,0.48,0.30,0.48,Matches
Marcos Senesi,ar ARG,DF,Bournemouth,27-334,1997,13,11,963,10.7,0,0,0,0,0,0,4,0,0.8,0.8,0.2,1.0,12,50,5,0.00,0.00,0.00,0.00,0.00,0.08,0.02,0.10,0.08,0.10,Matches
Ryan Sessegnon,eng ENG,"FW,DF",Fulham,24-326,2000,9,2,191,2.1,3,1,4,3,0,0,0,0,0.8,0.8,0.6,1.4,6,2,16,1.41,0.47,1.88,1.41,1.88,0.40,0.26,0.66,0.40,0.66,Matches
Luke Shaw,eng ENG,DF,Manchester Utd,29-271,1995,2,0,70,0.8,0,0,0,0,0,0,0,0,0.0,0.0,0.0,0.0,1,6,0,0.00,0.00,0.00,0.00,0.00,0.00,0.00,0.00,0.00,0.00,Matches
Zain Silcott-Duberry,ms MSR,FW,Bournemouth,19-274,2005,1,0,1,0.0,0,0,0,0,0,0,0,0,0.0,0.0,0.0,0.0,0,0,0,0.00,0.00,0.00,0.00,0.00,0.00,0.00,0.00,0.00,0.00,Matches
Bernardo Silva,pt POR,"MF,FW",Manchester City,30-242,1994,27,23,"2,131",23.7,2,4,6,2,0,0,6,0,3.0,3.0,4.2,7.2,84,99,169,0.08,0.17,0.25,0.08,0.25,0.13,0.18,0.31,0.13,0.31,Matches
Jota Silva,pt POR,"FW,MF",Nott'ham Forest,25-251,1999,26,4,770,8.6,3,1,4,3,0,0,5,0,1.6,1.6,2.9,4.5,18,16,50,0.35,0.12,0.47,0.35,0.47,0.19,0.34,0.53,0.19,0.53,Matches
Eric da Silva Moreira,de GER,"MF,DF",Nott'ham Forest,18-341,2006,2,0,30,0.3,0,0,0,0,0,0,0,0,0.0,0.0,0.0,0.0,1,0,1,0.00,0.00,0.00,0.00,0.00,0.00,0.00,0.00,0.00,0.00,Matches
Jahmai Simpson-Pusey,eng ENG,DF,Manchester City,19-156,2005,2,1,96,1.1,0,0,0,0,0,0,1,0,0.0,0.0,0.0,0.0,1,3,0,0.00,0.00,0.00,0.00,0.00,0.00,0.00,0.00,0.00,0.00,Matches
Luis Sinisterra,co COL,"FW,MF",Bournemouth,25-296,1999,12,1,236,2.6,1,1,2,1,0,0,0,0,1.2,1.2,1.4,2.6,19,6,38,0.38,0.38,0.76,0.38,0.76,0.46,0.54,1.00,0.46,1.00,Matches
Oliver Skipp,eng ENG,MF,Leicester City,24-205,2000,17,7,824,9.2,0,0,0,0,0,0,5,0,0.1,0.1,0.2,0.3,14,23,14,0.00,0.00,0.00,0.00,0.00,0.01,0.02,0.04,0.01,0.04,Matches
William Smallbone,ie IRL,MF,Southampton,25-047,2000,13,6,582,6.5,1,0,1,1,0,0,1,0,0.4,0.4,0.6,1.0,5,23,21,0.15,0.00,0.15,0.15,0.15,0.06,0.10,0.16,0.06,0.16,Matches
Adam Smith,eng ENG,DF,Bournemouth,33-345,1991,19,14,"1,146",12.7,0,0,0,0,0,0,5,0,0.6,0.6,0.2,0.8,10,33,19,0.00,0.00,0.00,0.00,0.00,0.05,0.01,0.06,0.05,0.06,Matches
Emile Smith Rowe,eng ENG,MF,Fulham,24-255,2000,28,23,"1,805",20.1,5,2,7,5,0,0,2,0,4.1,4.1,1.1,5.2,50,113,106,0.25,0.10,0.35,0.25,0.35,0.21,0.05,0.26,0.21,0.26,Matches
Dominic Solanke,eng ENG,FW,Tottenham,27-207,1997,22,22,"1,954",21.7,7,3,10,7,0,0,0,0,9.4,9.4,2.9,12.4,29,43,84,0.32,0.14,0.46,0.32,0.46,0.43,0.14,0.57,0.43,0.57,Matches
Carlos Soler,es ESP,"MF,FW",West Ham,28-097,1997,26,12,"1,180",13.1,1,1,2,1,0,0,5,0,1.2,1.2,1.1,2.3,13,50,24,0.08,0.08,0.15,0.08,0.15,0.09,0.08,0.18,0.09,0.18,Matches
Ramón Sosa,py PAR,"FW,MF",Nott'ham Forest,25-221,1999,16,1,263,2.9,1,0,1,1,0,0,1,0,0.9,0.9,0.5,1.4,11,4,15,0.34,0.00,0.34,0.34,0.34,0.32,0.17,0.49,0.32,0.49,Matches
Tomáš Souček,cz CZE,MF,West Ham,30-041,1995,29,25,"2,150",23.9,7,1,8,7,0,0,8,0,5.3,5.3,1.0,6.3,6,66,58,0.29,0.04,0.33,0.29,0.33,0.22,0.04,0.26,0.22,0.26,Matches
Boubakary Soumaré,fr FRA,MF,Leicester City,26-041,1999,24,20,"1,728",19.2,0,0,0,0,0,0,8,0,0.2,0.2,0.4,0.6,29,88,21,0.00,0.00,0.00,0.00,0.00,0.01,0.02,0.03,0.01,0.03,Matches
Djed Spence,eng ENG,DF,Tottenham,24-243,2000,18,13,"1,244",13.8,1,2,3,1,0,0,4,1,0.5,0.5,1.7,2.2,38,79,56,0.07,0.14,0.22,0.07,0.22,0.03,0.12,0.16,0.03,0.16,Matches
Jay Stansfield,eng ENG,MF,Fulham,22-136,2002,1,0,1,0.0,0,0,0,0,0,0,0,0,0.0,0.0,0.0,0.0,0,0,0,0.00,0.00,0.00,0.00,0.00,0.00,0.00,0.00,0.00,0.00,Matches
Jason Steele,eng ENG,GK,Brighton,34-234,1990,2,2,180,2.0,0,0,0,0,0,0,0,0,0.0,0.0,0.0,0.0,0,0,0,0.00,0.00,0.00,0.00,0.00,0.00,0.00,0.00,0.00,0.00,Matches
Jack Stephens,eng ENG,DF,Southampton,31-072,1994,13,11,894,9.9,0,0,0,0,0,0,2,2,0.3,0.3,0.1,0.4,11,45,1,0.00,0.00,0.00,0.00,0.00,0.03,0.01,0.04,0.03,0.04,Matches
Raheem Sterling,eng ENG,"FW,MF",Arsenal,30-122,1994,13,5,355,3.9,0,2,2,0,0,0,1,0,1.3,1.3,0.4,1.7,21,15,63,0.00,0.51,0.51,0.00,0.51,0.33,0.10,0.43,0.33,0.43,Matches
Ross Stewart,sct SCO,"FW,MF",Southampton,28-272,1996,5,1,140,1.6,0,0,0,0,0,0,1,0,0.1,0.1,0.0,0.1,1,1,5,0.00,0.00,0.00,0.00,0.00,0.07,0.00,0.07,0.07,0.07,Matches
Jakub Stolarczyk,pl POL,GK,Leicester City,24-111,2000,6,6,540,6.0,0,0,0,0,0,0,1,0,0.0,0.0,0.0,0.0,0,1,0,0.00,0.00,0.00,0.00,0.00,0.00,0.00,0.00,0.00,0.00,Matches
John Stones,eng ENG,"DF,MF",Manchester City,30-316,1994,11,6,548,6.1,2,0,2,2,0,0,1,0,0.4,0.4,0.1,0.5,10,21,2,0.33,0.00,0.33,0.33,0.33,0.07,0.01,0.08,0.07,0.08,Matches
Jørgen Strand Larsen,no NOR,FW,Wolves,25-062,2000,29,26,"2,245",24.9,11,2,13,11,0,0,4,0,7.8,7.8,2.4,10.2,13,24,92,0.44,0.08,0.52,0.44,0.52,0.31,0.10,0.41,0.31,0.41,Matches
Yukinari Sugawara,jp JPN,"DF,MF",Southampton,24-285,2000,28,15,"1,458",16.2,1,1,2,1,0,0,4,0,0.5,0.5,2.2,2.7,32,68,76,0.06,0.06,0.12,0.06,0.12,0.03,0.14,0.17,0.03,0.17,Matches
Kamaldeen Sulemana,gh GHA,"FW,MF",Southampton,23-053,2002,19,10,912,10.1,1,1,2,1,0,0,0,0,1.0,1.0,0.7,1.7,47,19,64,0.10,0.10,0.20,0.10,0.20,0.10,0.07,0.17,0.10,0.17,Matches
Crysencio Summerville,nl NED,"FW,MF",West Ham,23-161,2001,19,7,786,8.7,1,1,2,1,0,0,2,0,1.6,1.6,1.7,3.3,29,18,71,0.11,0.11,0.23,0.11,0.23,0.19,0.19,0.38,0.19,0.38,Matches
Sammie Szmodics,ie IRL,"FW,MF",Ipswich Town,29-197,1995,19,13,979,10.9,4,0,4,4,0,0,2,0,3.4,3.4,0.2,3.6,16,18,46,0.37,0.00,0.37,0.37,0.37,0.31,0.02,0.33,0.31,0.33,Matches
Dominik Szoboszlai,hu HUN,MF,Liverpool,24-166,2000,29,24,"2,097",23.3,5,3,8,5,0,0,6,0,6.8,6.8,5.0,11.8,63,105,115,0.21,0.13,0.34,0.21,0.34,0.29,0.21,0.51,0.29,0.51,Matches
Matt Targett,eng ENG,DF,Newcastle Utd,29-203,1995,1,0,12,0.1,0,0,0,0,0,0,0,0,0.0,0.0,0.0,0.0,0,0,0,0.00,0.00,0.00,0.00,0.00,0.00,0.00,0.00,0.00,0.00,Matches
James Tarkowski,eng ENG,DF,Everton,32-141,1992,31,31,"2,781",30.9,1,1,2,1,0,0,6,0,1.1,1.1,2.2,3.3,9,70,3,0.03,0.03,0.06,0.03,0.06,0.04,0.07,0.11,0.04,0.11,Matches
Marcus Tavernier,eng ENG,"FW,MF",Bournemouth,26-018,1999,22,16,"1,505",16.7,3,5,8,3,0,0,5,0,5.2,5.2,2.8,8.0,36,95,101,0.18,0.30,0.48,0.18,0.48,0.31,0.17,0.48,0.31,0.48,Matches
Charlie Taylor,eng ENG,DF,Southampton,31-203,1993,7,2,266,3.0,0,0,0,0,0,0,1,0,0.0,0.0,0.1,0.1,3,8,6,0.00,0.00,0.00,0.00,0.00,0.00,0.03,0.03,0.00,0.03,Matches
Jack Taylor,ie IRL,MF,Ipswich Town,26-290,1998,25,1,540,6.0,1,0,1,1,0,0,3,0,0.6,0.6,0.5,1.1,9,37,16,0.17,0.00,0.17,0.17,0.17,0.10,0.09,0.19,0.10,0.19,Matches
Mathys Tel,fr FRA,FW,Tottenham,19-347,2005,6,4,312,3.5,1,0,1,0,1,1,0,0,1.6,0.8,0.1,0.9,8,4,17,0.29,0.00,0.29,0.00,0.00,0.46,0.03,0.49,0.24,0.27,Matches
Kenny Tete,nl NED,DF,Fulham,29-182,1995,16,15,"1,271",14.1,0,2,2,0,0,0,3,0,1.0,1.0,0.7,1.8,33,42,39,0.00,0.14,0.14,0.00,0.14,0.07,0.05,0.12,0.07,0.12,Matches
Thiago,br BRA,FW,Brentford,23-287,2001,4,1,132,1.5,0,0,0,0,0,0,0,0,0.1,0.1,0.1,0.2,3,2,4,0.00,0.00,0.00,0.00,0.00,0.07,0.05,0.11,0.07,0.11,Matches
Luke Thomas,eng ENG,DF,Leicester City,23-303,2001,7,6,543,6.0,0,0,0,0,0,0,1,0,0.0,0.0,0.1,0.2,2,19,9,0.00,0.00,0.00,0.00,0.00,0.01,0.02,0.03,0.01,0.03,Matches
Youri Tielemans,be BEL,MF,Aston Villa,27-337,1997,31,31,"2,645",29.4,2,5,7,2,0,1,4,0,2.7,1.9,6.2,8.1,31,198,38,0.07,0.17,0.24,0.07,0.24,0.09,0.21,0.30,0.06,0.27,Matches
Kieran Tierney,sct SCO,"DF,FW",Arsenal,27-308,1997,7,0,97,1.1,0,0,0,0,0,0,0,0,0.2,0.2,0.8,1.0,3,6,11,0.00,0.00,0.00,0.00,0.00,0.19,0.76,0.96,0.19,0.96,Matches
Jurriën Timber,nl NED,DF,Arsenal,23-296,2001,28,26,"2,305",25.6,1,2,3,1,0,0,7,0,1.2,1.2,0.8,2.0,53,141,103,0.04,0.08,0.12,0.04,0.12,0.05,0.03,0.08,0.05,0.08,Matches
Jean-Clair Todibo,fr FRA,DF,West Ham,25-100,1999,20,13,"1,228",13.6,0,0,0,0,0,0,2,0,0.2,0.2,0.0,0.2,7,26,4,0.00,0.00,0.00,0.00,0.00,0.01,0.00,0.01,0.01,0.01,Matches
Harry Toffolo,eng ENG,DF,Nott'ham Forest,29-233,1995,3,0,47,0.5,0,0,0,0,0,0,0,0,0.0,0.0,0.0,0.0,0,2,4,0.00,0.00,0.00,0.00,0.00,0.03,0.00,0.03,0.03,0.03,Matches
Takehiro Tomiyasu,jp JPN,DF,Arsenal,26-155,1998,1,0,7,0.1,0,0,0,0,0,0,0,0,0.2,0.2,0.0,0.2,0,1,0,0.00,0.00,0.00,0.00,0.00,2.37,0.00,2.37,2.37,2.37,Matches
Sandro Tonali,it ITA,MF,Newcastle Utd,24-336,2000,28,20,"1,910",21.2,2,1,3,2,0,0,5,0,3.2,3.2,0.7,3.9,29,87,38,0.09,0.05,0.14,0.09,0.14,0.15,0.03,0.18,0.15,0.18,Matches
Pau Torres,es ESP,DF,Aston Villa,28-083,1997,19,19,"1,639",18.2,0,0,0,0,0,0,1,0,0.5,0.5,0.0,0.5,31,72,4,0.00,0.00,0.00,0.00,0.00,0.03,0.00,0.03,0.03,0.03,Matches
Conor Townsend,eng ENG,DF,Ipswich Town,32-036,1993,5,3,306,3.4,0,1,1,0,0,0,1,0,0.0,0.0,0.7,0.7,2,7,12,0.00,0.29,0.29,0.00,0.29,0.01,0.19,0.20,0.01,0.20,Matches
Adama Traoré,es ESP,"FW,MF",Fulham,29-074,1996,29,16,"1,482",16.5,2,5,7,2,0,0,2,0,3.8,3.8,4.1,7.8,80,56,135,0.12,0.30,0.43,0.12,0.43,0.23,0.25,0.48,0.23,0.48,Matches
Boubacar Traoré,ml MLI,MF,Wolves,23-232,2001,1,0,1,0.0,0,0,0,0,0,0,0,0,0.0,0.0,0.0,0.0,0,0,0,0.00,0.00,0.00,0.00,0.00,0.00,0.00,0.00,0.00,0.00,Matches
Mark Travers,ie IRL,GK,Bournemouth,25-326,1999,5,5,450,5.0,0,0,0,0,0,0,0,0,0.0,0.0,0.0,0.0,0,0,0,0.00,0.00,0.00,0.00,0.00,0.00,0.00,0.00,0.00,0.00,Matches
Ryan Trevitt,eng ENG,MF,Brentford,22-028,2003,1,0,4,0.0,0,0,0,0,0,0,0,0,0.0,0.0,0.0,0.0,0,0,1,0.00,0.00,0.00,0.00,0.00,0.00,0.00,0.00,0.00,0.00,Matches
Kieran Trippier,eng ENG,DF,Newcastle Utd,34-202,1990,19,9,872,9.7,0,0,0,0,0,0,1,0,0.1,0.1,0.6,0.7,16,52,30,0.00,0.00,0.00,0.00,0.00,0.01,0.06,0.07,0.01,0.07,Matches
Leandro Trossard,be BEL,FW,Arsenal,30-126,1994,31,22,"2,001",22.2,5,5,10,5,0,0,4,1,5.4,5.4,5.0,10.4,67,84,179,0.22,0.22,0.45,0.22,0.45,0.24,0.22,0.47,0.24,0.47,Matches
Kostas Tsimikas,gr GRE,DF,Liverpool,28-332,1996,14,5,517,5.7,0,1,1,0,0,0,2,0,0.1,0.1,1.0,1.1,13,53,25,0.00,0.17,0.17,0.00,0.17,0.02,0.18,0.20,0.02,0.20,Matches
Axel Tuanzebe,cd COD,DF,Ipswich Town,27-146,1997,16,15,"1,265",14.1,0,1,1,0,0,0,5,1,0.2,0.2,0.3,0.5,7,45,7,0.00,0.07,0.07,0.00,0.07,0.01,0.02,0.03,0.01,0.03,Matches
Destiny Udogie,it ITA,DF,Tottenham,22-132,2002,23,22,"1,744",19.4,0,1,1,0,0,0,2,0,0.3,0.3,1.4,1.7,51,117,92,0.00,0.05,0.05,0.00,0.05,0.02,0.07,0.09,0.02,0.09,Matches
Manuel Ugarte Ribeiro,uy URU,MF,Manchester Utd,23-363,2001,23,18,"1,442",16.0,1,0,1,1,0,0,8,0,0.8,0.8,0.6,1.3,9,47,18,0.06,0.00,0.06,0.06,0.06,0.05,0.04,0.08,0.05,0.08,Matches
Lesley Ugochukwu,fr FRA,MF,Southampton,21-014,2004,20,12,"1,177",13.1,0,1,1,0,0,0,5,0,0.7,0.7,1.0,1.7,22,44,18,0.00,0.08,0.08,0.00,0.08,0.06,0.08,0.13,0.06,0.13,Matches
Enes Ünal,tr TUR,"FW,MF",Bournemouth,27-334,1997,17,2,345,3.8,2,1,3,2,0,0,2,0,2.7,2.7,0.4,3.1,4,12,22,0.52,0.26,0.78,0.52,0.78,0.72,0.10,0.82,0.72,0.82,Matches
Virgil van Dijk,nl NED,DF,Liverpool,33-275,1991,31,31,"2,790",31.0,1,1,2,1,0,0,3,0,1.6,1.6,0.5,2.0,17,152,5,0.03,0.03,0.06,0.03,0.06,0.05,0.02,0.07,0.05,0.07,Matches
Jamie Vardy,eng ENG,FW,Leicester City,38-088,1987,29,29,"2,361",26.2,7,3,10,6,1,1,5,0,9.4,8.6,2.9,11.5,27,20,103,0.27,0.11,0.38,0.23,0.34,0.36,0.11,0.47,0.33,0.44,Matches
Renato Veiga,pt POR,"DF,MF",Chelsea,21-254,2003,7,1,181,2.0,0,0,0,0,0,0,2,0,0.1,0.1,0.0,0.1,4,7,3,0.00,0.00,0.00,0.00,0.00,0.07,0.00,0.07,0.07,0.07,Matches
Joël Veltman,nl NED,DF,Brighton,33-084,1992,19,19,"1,643",18.3,0,0,0,0,0,0,4,0,0.5,0.5,0.5,0.9,29,79,32,0.00,0.00,0.00,0.00,0.00,0.03,0.03,0.05,0.03,0.05,Matches
Micky van de Ven,nl NED,DF,Tottenham,23-355,2001,11,10,905,10.1,0,2,2,0,0,0,4,0,0.6,0.6,1.2,1.7,8,47,1,0.00,0.20,0.20,0.00,0.20,0.06,0.12,0.17,0.06,0.17,Matches
Bart Verbruggen,nl NED,GK,Brighton,22-234,2002,29,29,"2,610",29.0,0,1,1,0,0,0,5,0,0.0,0.0,0.0,0.0,0,2,0,0.00,0.03,0.03,0.00,0.03,0.00,0.00,0.00,0.00,0.00,Matches
Jannik Vestergaard,dk DEN,DF,Leicester City,32-249,1992,18,16,"1,391",15.5,0,0,0,0,0,0,5,0,0.1,0.1,0.1,0.2,3,32,2,0.00,0.00,0.00,0.00,0.00,0.01,0.01,0.01,0.01,0.01,Matches
Guglielmo Vicario,it ITA,GK,Tottenham,28-184,1996,19,19,"1,710",19.0,0,0,0,0,0,0,1,0,0.0,0.0,0.0,0.0,0,1,0,0.00,0.00,0.00,0.00,0.00,0.00,0.00,0.00,0.00,0.00,Matches
Carlos Vinícius,br BRA,MF,Fulham,30-015,1995,1,0,4,0.0,0,0,0,0,0,0,0,0,0.0,0.0,0.0,0.0,1,0,1,0.00,0.00,0.00,0.00,0.00,0.83,0.00,0.83,0.83,0.83,Matches
Kyle Walker,eng ENG,DF,Manchester City,34-316,1990,15,9,970,10.8,0,0,0,0,0,0,3,0,0.1,0.1,0.4,0.6,12,64,11,0.00,0.00,0.00,0.00,0.00,0.01,0.04,0.05,0.01,0.05,Matches
Kyle Walker-Peters,eng ENG,DF,Southampton,27-361,1997,29,29,"2,558",28.4,0,2,2,0,0,0,5,0,0.6,0.6,2.6,3.2,108,125,124,0.00,0.07,0.07,0.00,0.07,0.02,0.09,0.11,0.02,0.11,Matches
Christian Walton,eng ENG,GK,Ipswich Town,29-151,1995,6,6,540,6.0,0,0,0,0,0,0,0,0,0.0,0.0,0.0,0.0,0,0,0,0.00,0.00,0.00,0.00,0.00,0.00,0.00,0.00,0.00,0.00,Matches
Aaron Wan-Bissaka,eng ENG,DF,West Ham,27-134,1997,30,29,"2,614",29.0,2,2,4,2,0,0,1,0,1.0,1.0,2.5,3.5,91,116,126,0.07,0.07,0.14,0.07,0.14,0.03,0.09,0.12,0.03,0.12,Matches
Danny Ward,wls WAL,GK,Leicester City,31-291,1993,2,1,135,1.5,0,0,0,0,0,0,0,0,0.0,0.0,0.0,0.0,0,0,0,0.00,0.00,0.00,0.00,0.00,0.00,0.00,0.00,0.00,0.00,Matches
Joel Ward,eng ENG,DF,Crystal Palace,35-162,1989,1,0,1,0.0,0,0,0,0,0,0,0,0,0.0,0.0,0.0,0.0,0,0,0,0.00,0.00,0.00,0.00,0.00,0.00,0.00,0.00,0.00,0.00,Matches
James Ward-Prowse,eng ENG,MF,West Ham,30-159,1994,8,6,582,6.5,0,1,1,0,0,0,2,0,0.4,0.4,0.6,1.0,6,32,2,0.00,0.15,0.15,0.00,0.15,0.06,0.09,0.15,0.06,0.15,Matches
James Ward-Prowse,eng ENG,MF,Nott'ham Forest,30-159,1994,9,5,400,4.4,0,1,1,0,0,0,2,1,0.1,0.1,1.1,1.2,1,16,3,0.00,0.23,0.23,0.00,0.23,0.01,0.25,0.26,0.01,0.26,Matches
Ollie Watkins,eng ENG,FW,Aston Villa,29-100,1995,31,26,"2,142",23.8,13,6,19,11,2,2,1,0,13.9,12.3,2.7,14.9,47,22,133,0.55,0.25,0.80,0.46,0.71,0.58,0.11,0.69,0.52,0.63,Matches
Adam Webster,eng ENG,DF,Brighton,30-095,1995,11,8,617,6.9,0,0,0,0,0,0,0,0,0.0,0.0,0.5,0.5,7,40,2,0.00,0.00,0.00,0.00,0.00,0.00,0.07,0.08,0.00,0.08,Matches
Danny Welbeck,eng ENG,FW,Brighton,34-134,1990,24,18,"1,596",17.7,8,4,12,8,0,0,3,0,7.2,7.2,1.0,8.2,17,35,65,0.45,0.23,0.68,0.45,0.68,0.41,0.06,0.46,0.41,0.46,Matches
Welington,br BRA,"DF,MF",Southampton,24-049,2001,6,3,209,2.3,0,0,0,0,0,0,1,0,0.0,0.0,0.0,0.0,3,6,10,0.00,0.00,0.00,0.00,0.00,0.00,0.02,0.02,0.00,0.02,Matches
Timo Werner,de GER,"FW,MF",Tottenham,29-034,1996,18,4,516,5.7,0,3,3,0,0,0,0,0,1.0,1.0,2.5,3.5,42,30,89,0.00,0.52,0.52,0.00,0.52,0.17,0.44,0.61,0.17,0.61,Matches
Adam Wharton,eng ENG,MF,Crystal Palace,20-311,2004,15,12,"1,009",11.2,0,0,0,0,0,0,2,0,0.3,0.3,2.3,2.5,11,98,10,0.00,0.00,0.00,0.00,0.00,0.02,0.20,0.23,0.02,0.23,Matches
Ben White,eng ENG,DF,Arsenal,27-183,1997,12,8,766,8.5,0,1,1,0,0,0,2,0,0.4,0.4,0.7,1.1,5,34,19,0.00,0.12,0.12,0.00,0.12,0.04,0.08,0.13,0.04,0.13,Matches
Mats Wieffer,nl NED,MF,Brighton,25-144,1999,19,4,514,5.7,1,1,2,1,0,0,4,0,0.5,0.5,0.8,1.3,5,37,9,0.18,0.18,0.35,0.18,0.35,0.09,0.14,0.23,0.09,0.23,Matches
Neco Williams,wls WAL,DF,Nott'ham Forest,23-361,2001,28,21,"1,964",21.8,1,2,3,1,0,0,5,0,2.1,2.1,1.4,3.6,53,69,75,0.05,0.09,0.14,0.05,0.14,0.10,0.07,0.16,0.10,0.16,Matches
Willian,br BRA,"MF,FW",Fulham,36-243,1988,6,1,155,1.7,0,0,0,0,0,0,0,0,0.1,0.1,0.2,0.4,5,23,15,0.00,0.00,0.00,0.00,0.00,0.07,0.13,0.20,0.07,0.20,Matches
Joe Willock,eng ENG,"MF,FW",Newcastle Utd,25-232,1999,26,9,843,9.4,0,2,2,0,0,0,2,0,0.9,0.9,1.6,2.5,30,34,68,0.00,0.21,0.21,0.00,0.21,0.10,0.17,0.27,0.10,0.27,Matches
Callum Wilson,eng ENG,FW,Newcastle Utd,33-041,1992,10,1,207,2.3,0,0,0,0,0,0,1,0,0.3,0.3,0.1,0.4,4,3,7,0.00,0.00,0.00,0.00,0.00,0.15,0.03,0.18,0.15,0.18,Matches
Harry Wilson,wls WAL,"FW,MF",Fulham,28-018,1997,19,8,839,9.3,5,1,6,5,0,0,2,0,3.2,3.2,1.0,4.2,16,42,71,0.54,0.11,0.64,0.54,0.64,0.35,0.11,0.45,0.35,0.45,Matches
Harry Winks,eng ENG,MF,Leicester City,29-066,1996,22,17,"1,538",17.1,0,2,2,0,0,0,4,0,0.2,0.2,1.2,1.5,19,101,11,0.00,0.12,0.12,0.00,0.12,0.01,0.07,0.09,0.01,0.09,Matches
Ben Winterburn,eng ENG,"FW,MF",Bournemouth,20-217,2004,3,0,23,0.3,0,0,0,0,0,0,0,0,0.0,0.0,0.0,0.0,2,0,2,0.00,0.00,0.00,0.00,0.00,0.00,0.00,0.00,0.00,0.00,Matches
Yoane Wissa,cd COD,FW,Brentford,28-218,1996,28,27,"2,290",25.4,14,2,16,14,0,0,2,0,14.1,14.1,1.8,15.9,45,53,126,0.55,0.08,0.63,0.55,0.63,0.56,0.07,0.63,0.56,0.63,Matches
Chris Wood,nz NZL,FW,Nott'ham Forest,33-123,1991,29,28,"2,344",26.0,18,3,21,15,3,3,1,0,11.0,8.7,1.9,10.6,13,33,72,0.69,0.12,0.81,0.58,0.69,0.42,0.07,0.50,0.33,0.41,Matches
Nathan Wood-Gordon,eng ENG,DF,Southampton,22-313,2002,9,7,624,6.9,0,0,0,0,0,0,2,0,0.2,0.2,0.0,0.3,2,17,0,0.00,0.00,0.00,0.00,0.00,0.03,0.00,0.04,0.03,0.04,Matches
Luke Woolfenden,eng ENG,DF,Ipswich Town,26-170,1998,13,10,"1,007",11.2,0,0,0,0,0,0,2,0,0.0,0.0,0.0,0.0,7,15,0,0.00,0.00,0.00,0.00,0.00,0.00,0.00,0.00,0.00,0.00,Matches
Yehor Yarmoliuk,ua UKR,MF,Brentford,21-039,2004,24,9,942,10.5,0,0,0,0,0,0,3,0,0.6,0.6,0.3,0.9,12,40,40,0.00,0.00,0.00,0.00,0.00,0.06,0.03,0.08,0.06,0.08,Matches
Ryan Yates,eng ENG,MF,Nott'ham Forest,27-139,1997,28,17,"1,726",19.2,2,1,3,2,0,0,8,0,2.3,2.3,1.1,3.4,17,45,12,0.10,0.05,0.16,0.10,0.16,0.12,0.06,0.18,0.12,0.18,Matches
Leny Yoro,fr FRA,DF,Manchester Utd,19-147,2005,16,9,877,9.7,0,0,0,0,0,0,4,0,0.7,0.7,0.0,0.7,15,43,4,0.00,0.00,0.00,0.00,0.00,0.07,0.00,0.07,0.07,0.07,Matches
Ashley Young,eng ENG,"DF,FW",Everton,39-274,1985,27,17,"1,586",17.6,1,3,4,1,0,0,6,1,0.3,0.3,1.6,1.8,19,81,25,0.06,0.17,0.23,0.06,0.23,0.02,0.09,0.10,0.02,0.10,Matches
Illia Zabarnyi,ua UKR,DF,Bournemouth,22-220,2002,29,29,"2,527",28.1,0,0,0,0,0,0,3,1,1.0,1.0,0.5,1.5,18,104,3,0.00,0.00,0.00,0.00,0.00,0.03,0.02,0.05,0.03,0.05,Matches
Oleksandr Zinchenko,ua UKR,"DF,MF",Arsenal,28-115,1996,10,2,299,3.3,0,0,0,0,0,0,1,0,0.2,0.2,0.0,0.2,7,21,7,0.00,0.00,0.00,0.00,0.00,0.05,0.01,0.05,0.05,0.05,Matches
Joshua Zirkzee,nl NED,"FW,MF",Manchester Utd,23-322,2001,31,13,"1,348",15.0,3,1,4,3,0,0,2,0,4.7,4.7,1.5,6.2,13,41,69,0.20,0.07,0.27,0.20,0.27,0.31,0.10,0.41,0.31,0.41,Matches
Martin Ødegaard,no NOR,MF,Arsenal,26-113,1998,23,21,"1,836",20.4,2,4,6,1,1,1,3,0,4.2,3.4,4.1,7.5,66,192,125,0.10,0.20,0.29,0.05,0.25,0.21,0.20,0.41,0.17,0.37,Matches
